ISO-10303-21;
HEADER;
/* Generated by software containing ST-Developer
 * from STEP Tools, Inc. (www.steptools.com) 
 */
/* OPTION: using custom renumber hook */

FILE_DESCRIPTION(
/* description */ ('STEP AP242 Edition 2',
'CAx-IF Rec.Pracs.---Representation and Presentation of Product Manufa
cturing Information (PMI)---4.0---2014-10-13',
'CAx-IF Rec.Pracs.---3D Tessellated Geometry---0.4---2014-09-14','2;1',
'CAx-IF Rec.Pracs.---User Defined Attributes---1.5---2016-08-15'),
/* implementation_level */ '2;1');

FILE_NAME(
/* name */ 'bottomcase',
/* time_stamp */ '2026-09-13T14:37:06Z',
/* author */ (''),
/* organization */ (''),
/* preprocessor_version */ 'ST-DEVELOPER v20',
/* originating_system */ 'ONSHAPE BY PTC INC, 1.220',
/* authorisation */ '  ');

FILE_SCHEMA (('AP242_MANAGED_MODEL_BASED_3D_ENGINEERING_MIM_LF { 1 0 10303 442 3 1 4 }'));
ENDSEC;

DATA;
#10=SHAPE_REPRESENTATION_RELATIONSHIP('','',#31,#11);
#11=TESSELLATED_SHAPE_REPRESENTATION('',(#29),#37);
#12=STYLED_ITEM('',(#14),#27);
#13=STYLED_ITEM('',(#15),#29);
#14=PRESENTATION_STYLE_ASSIGNMENT((#16));
#15=PRESENTATION_STYLE_ASSIGNMENT((#17));
#16=SURFACE_STYLE_USAGE(.BOTH.,#18);
#17=SURFACE_STYLE_USAGE(.BOTH.,#19);
#18=SURFACE_SIDE_STYLE('',(#20));
#19=SURFACE_SIDE_STYLE('',(#21));
#20=SURFACE_STYLE_FILL_AREA(#22);
#21=SURFACE_STYLE_FILL_AREA(#23);
#22=FILL_AREA_STYLE('',(#24));
#23=FILL_AREA_STYLE('',(#25));
#24=FILL_AREA_STYLE_COLOUR('',#26);
#25=FILL_AREA_STYLE_COLOUR('',#26);
#26=COLOUR_RGB('',0.231372549019608,0.380392156862745,0.705882352941177);
#27=COMPLEX_TRIANGULATED_FACE('ConvergentBody',#28,7889,((0.,0.,-1.),(-0.580671381396398,
-0.814138039172227,0.),(0.,0.,-1.),(-0.683443986730885,-0.730002956844282,
0.),(-0.936507400651084,-0.350647812663577,0.),(-0.936507400651084,-0.350647812663577,
0.),(0.,0.,-1.),(-0.995502177998987,0.0947386594758065,0.),(-0.683443986730885,
-0.730002956844282,0.),(0.,0.,-1.),(-0.936507400651084,-0.350647812663577,
0.),(0.,0.,-1.),(-0.995502177998987,0.0947386594758065,0.),(-0.856452982507033,
0.516225036931384,0.),(-0.856452982507033,0.516225036931384,0.),(0.,0.,
-1.),(-0.550495472234631,0.834838149014029,0.),(0.,0.,-1.),(-0.0168700534766466,
-0.999857690521854,0.),(-0.467655198394451,-0.88391097708686,0.),(0.,0.,
-1.),(-0.550495472234631,0.834838149014029,0.),(-0.116343502111808,0.993209036163264,
0.),(-0.580671381396398,-0.814138039172227,0.),(0.,0.,-1.),(0.,0.,-1.),
(-0.936507400651084,-0.350647812663577,0.),(-0.995502177998987,0.0947386594758065,
0.),(0.,0.,-1.),(0.499350442508552,0.866400101319542,0.),(0.,0.,-1.),(0.624973508242096,
0.780645959443567,0.),(0.963317564519963,0.268364062212747,0.),(0.963317564519963,
0.268364062212747,0.),(0.,0.,-1.),(0.979335602497566,-0.202241879146556,
0.),(0.624973508242096,0.780645959443567,0.),(0.,0.,-1.),(0.963317564519963,
0.268364062212747,0.),(0.,0.,-1.),(0.979335602497566,-0.202241879146556,
0.),(0.794487198258722,-0.607280900245517,0.),(0.,0.,-1.),(0.71245901400779,
-0.701713726072854,0.),(0.,0.,-1.),(-0.116343502111808,0.993209036163264,
0.),(0.362174940493886,0.932110139671407,0.),(0.499350442508552,0.866400101319542,
0.),(0.,0.,-1.),(0.,0.,-1.),(0.963317564519963,0.268364062212747,0.),(0.979335602497566,
-0.202241879146556,0.),(-0.856452982507033,0.516225036931384,0.),(0.,0.,
-1.),(-0.550495472234631,0.834838149014029,0.),(-0.856452982507033,0.516225036931384,
0.),(-0.995502177998987,0.0947386594758065,0.),(0.,0.,-1.),(0.,0.,-1.),
(0.416642254312158,-0.909070531874003,0.),(-0.0168700534766466,-0.999857690521854,
0.),(0.,0.,-1.),(0.521654648629401,-0.85315674267003,0.),(-0.116343502111808,
0.993209036163264,0.),(0.,0.,-1.),(0.362174940493886,0.932110139671407,
0.),(-0.550495472234631,0.834838149014029,0.),(0.,0.,-1.),(-0.116343502111808,
0.993209036163264,0.),(-0.0168700534766466,-0.999857690521854,0.),(0.,0.,
-1.),(-0.467655198394451,-0.88391097708686,0.),(0.416642254312158,-0.909070531874003,
0.),(0.,0.,-1.),(-0.0168700534766466,-0.999857690521854,0.),(0.71245901400779,
-0.701713726072854,0.),(0.,0.,-1.),(0.794487198258722,-0.607280900245517,
0.),(0.979335602497566,-0.202241879146556,0.),(0.,0.,-1.),(0.,0.,-1.),(0.521654648629401,
-0.85315674267003,0.),(0.,0.,-1.),(-0.0974080034171933,0.995244533202909,
0.),(-0.661236320652849,0.750177664456549,0.),(0.,0.,-1.),(0.,0.,-1.),(1.,
0.,0.),(0.,0.,-1.),(1.,0.,0.),(0.,0.,-1.),(-0.999966918671055,-0.00813397587376159,
0.),(0.,0.,-1.),(-0.795050996208719,0.60654258995352,0.),(-0.989064353279029,
0.147484592662206,0.),(0.,0.,-1.),(-0.763819482634446,0.645429932640289,
0.),(0.,0.,-1.),(-0.696779126016071,0.71728575166964,0.),(0.,0.,-1.),(1.,
0.,0.),(0.,0.,-1.),(0.,0.,-1.),(-0.999998257014081,0.00186707493163366,
0.),(-0.656928153704938,-0.753953182147155,0.),(0.,0.,-1.),(-0.631533047673173,
-0.775348959950701,0.),(0.,0.,-1.),(0.,0.,-1.),(-0.605441556011513,-0.795889767652756,
0.),(0.0113957375247537,-0.999935066474952,0.),(0.,0.,-1.),(0.677920254724091,
-0.735135448903686,0.),(-0.0974080034171933,0.995244533202909,0.),(0.995184525470859,
0.0980191831395306,0.),(0.,0.,1.),(0.,0.,-1.),(0.751079539423476,0.66021172775059,
0.),(-0.999994222128279,-0.00339936906756144,0.),(0.,0.,-1.),(1.,0.,0.),
(0.,0.,-1.),(0.,0.,-1.),(1.,0.,0.),(0.,0.,-1.),(0.772289756741522,0.635270439759415,
0.),(-0.999996835105089,-0.00251590536490141,0.),(0.,0.,-1.),(0.,0.,-1.),
(-0.999827840744373,-0.0185550228359754,0.),(-0.911822036564886,-0.4105856471367,
0.),(0.,0.,-1.),(-0.870112870750159,-0.49285250547696,0.),(0.,0.,-1.),(-0.78465459371868,
-0.619933196849606,0.),(0.,0.,-1.),(-0.998342786942412,-0.0575471959356724,
0.),(0.,0.,-1.),(-0.999181848986231,0.0404429555850698,0.),(0.,0.,-1.),
(-0.999999885815996,0.000477878640702984,0.),(0.,0.,-1.),(1.,0.,0.),(0.,
0.,-1.),(-0.290776888440092,0.956790886844716,0.),(-0.6773737339926,-0.735639058572152,
0.),(1.,0.,0.),(0.,0.,1.),(0.,0.,-1.),(0.,0.,-1.),(1.,0.,0.),(0.,0.,-1.),
(-0.999919977248809,0.0126499424056496,-0.000134372154753971),(0.,0.,-1.),
(0.,0.,-1.),(-0.229791486734919,0.973239884419127,0.),(-0.999496202081168,
0.0317386519140604,0.),(0.,0.,-1.),(-0.999920128707805,0.012638678924889,
0.),(0.,0.,-1.),(-0.999644657113948,0.0266563220182009,0.),(0.,0.,-1.),
(-0.999979095804589,-0.00646590703904503,0.),(0.134084557442151,-0.990969894323507,
0.),(0.,0.,-1.),(-0.999957788436995,0.00918810884757601,0.),(0.176930794898341,
-0.984223294693151,0.),(0.,0.,-1.),(0.995184545360267,-0.0980189812030244,
0.),(0.,0.,-1.),(-0.999990765500485,0.00429754741156577,0.),(0.886061188846193,
-0.463568300922821,0.),(0.,0.,-1.),(0.,0.,-1.),(-0.789084560714884,0.614284588803429,
0.),(0.,0.,-1.),(-0.902873333211792,0.429906669144628,0.),(0.,0.,-1.),(-0.715771361396837,
0.698334703565646,0.),(0.,0.,-1.),(-0.989068579273161,0.147456249425283,
0.),(0.,0.,-1.),(-0.986534284325151,-0.163554595933779,0.),(0.725136328214482,
-0.688605333629953,0.),(-0.789084560714884,0.614284588803429,0.),(0.,0.,
-1.),(0.,0.,-1.),(-0.989068579273161,0.147456249425283,0.),(-0.902873333211792,
0.429906669144628,0.),(0.,0.,-1.),(0.,0.,-1.),(0.916685925734685,-0.399608450310981,
0.),(0.,0.,-1.),(-0.578369769505003,0.815774729764737,0.),(0.,0.,-1.),(-0.593096440449406,
0.80513142549912,0.),(0.,1.,0.),(0.,0.,-1.),(-0.57651610763756,0.817085783522414,
0.),(0.,0.,-1.),(0.846007307007926,-0.533171301261797,0.),(0.,0.,-1.),(0.957208739492448,
-0.289398391563046,0.),(0.916685925734685,-0.399608450310981,0.),(0.,0.,
-1.),(0.,0.,-1.),(0.957208739492448,-0.289398391563046,0.),(-0.593096440449406,
0.80513142549912,0.),(0.,0.,-1.),(0.,1.,0.),(-0.578369769505003,0.815774729764737,
0.),(0.,0.,-1.),(0.,0.,-1.),(0.,1.,0.),(0.797060121810507,-0.603899960439988,
0.),(0.,0.,-1.),(0.801927558578666,-0.597421284180652,0.),(0.,0.,-1.),(-0.965761974675604,
0.259429775219957,0.),(0.565276094615004,-0.824901774065742,0.),(0.,0.,
-1.),(-0.579227773805232,0.815165741461597,0.),(-0.57651610763756,0.817085783522414,
0.),(0.,0.,-1.),(0.797060121810507,-0.603899960439988,0.),(0.,1.,0.),(0.,
0.,-1.),(0.,0.,-1.),(0.801927558578666,-0.597421284180652,0.),(0.846007307007926,
-0.533171301261797,0.),(0.,0.,-1.),(0.,0.,-1.),(0.,0.,-1.),(0.,0.,-1.),
(0.985208009084061,0.171362711336568,0.),(0.,0.,-1.),(-0.967312801813836,
0.253586165724919,0.),(0.412072639941259,-0.911150997042664,0.),(0.,0.,
-1.),(0.978250821578614,0.20742548078953,0.),(-0.802748300013732,0.596318008134135,
0.),(0.,0.,-1.),(0.,0.,-1.),(-0.696358810197037,-0.717693811775584,0.),
(0.999284561643919,-0.0378201647289098,0.),(0.,0.,-1.),(-0.999972305383303,
0.00744234280336614,0.),(-0.21946700164454,-0.975619923530242,0.),(-0.21946700164454,
-0.975619923530242,0.),(0.,0.,-1.),(0.999728844148764,0.0232860081803618,
0.),(0.,0.,-1.),(0.,0.,-1.),(-0.999997721599284,-0.00213466536968436,0.),
(0.797189404040345,-0.603729288742727,0.),(0.,0.,-1.),(-0.961772687818146,
0.273849040471315,0.),(0.,0.,-1.),(-0.378187835656009,0.92572888091591,
0.),(-0.95580816569834,0.293991071946708,0.),(0.,0.,-1.),(-0.873939969039394,
0.486033877950317,0.),(0.395243106665493,-0.918576554585087,0.),(0.,0.,
-1.),(0.998442368675718,0.0557927991162175,0.),(0.,0.,-1.),(-0.977381736450588,
0.211482720932075,0.),(0.,0.,-1.),(-0.980790289721595,0.195065136782126,
0.),(0.460560782700293,-0.887628168457093,0.),(0.,0.,-1.),(-0.999257071874309,
0.0385348133050409,-0.000610305437492061),(0.,0.,-1.),(-0.397858427728778,
0.917446822156568,0.),(-0.973698387119639,0.227840845593177,0.),(0.,0.,
-1.),(0.996286084264149,-0.0861048099795177,0.),(0.978250821578614,0.20742548078953,
0.),(0.,0.,-1.),(-0.802748300013732,0.596318008134135,0.),(0.985208009084061,
0.171362711336568,0.),(0.,0.,-1.),(0.,0.,-1.),(0.783118666658388,-0.62187229712473,
0.),(0.237437779340847,0.97140274909107,0.),(0.,0.,-1.),(-0.79684628295398,
0.604182092868057,0.),(0.,0.,-1.),(-0.79684628295398,0.604182092868057,
0.),(0.,0.,-1.),(0.,1.,0.),(0.,1.,0.),(0.,0.,-1.),(0.906638631309371,-0.421908037630797,
0.),(0.,0.,-1.),(0.913164060343582,-0.40759219680561,0.),(0.,1.,0.),(0.,
0.,-1.),(0.906638631309371,-0.421908037630797,0.),(0.,0.,-1.),(0.922631055605242,
-0.385600489790402,-0.00801233462606931),(0.,0.,-1.),(-0.910627225334168,
0.413228818549958,0.),(0.,1.,0.),(-0.910627225334168,0.413228818549958,
0.),(0.,1.,0.),(0.,0.,-1.),(0.,0.,-1.),(0.91361151076241,-0.406583152889285,
-0.00203646483758086),(0.,0.,-1.),(-0.877207115766192,0.480112149449646,
0.),(0.,0.,-1.),(-0.908141856052425,0.418662595995459,0.),(0.,0.,-1.),(0.980784558647842,
-0.195093950490417,0.),(0.831470436003129,-0.555569000262583,0.),(-0.908141856052425,
0.418662595995459,0.),(0.,0.,-1.),(0.,0.,-1.),(0.831470436003129,-0.555569000262583,
0.),(0.555571159045337,-0.831468993551185,0.),(0.,0.,-1.),(0.434671110876994,
-0.900589265630543,0.),(0.,0.,-1.),(0.305340862685075,-0.952243118943232,
0.),(-0.860824244496687,0.508902367931913,0.),(-0.877207115766192,0.480112149449646,
0.),(0.,0.,-1.),(0.,0.,-1.),(-0.916141907504765,0.400854094794516,0.),(0.831470436003129,
-0.555569000262583,0.),(0.,0.,1.),(0.555571159045337,-0.831468993551185,
0.),(0.,0.,-1.),(-0.950395598645342,0.311043736595937,0.),(0.,0.,-1.),(-0.99482817901572,
0.101572113477402,0.),(0.980784558647842,-0.195093950490417,0.),(0.,0.,
1.),(0.831470436003129,-0.555569000262583,0.),(0.385517018873435,-0.922688945186321,
0.0046624660742654),(0.,0.,1.),(0.248348040566416,-0.968670210918938,0.00112837275870451),
(0.,0.,-1.),(-0.860824244496687,0.508902367931913,0.),(-0.950395598645342,
0.311043736595937,0.),(0.,0.,-1.),(0.,0.,-1.),(-0.916141907504765,0.400854094794516,
0.),(-0.99482817901572,0.101572113477402,0.),(0.,0.,-1.),(0.,0.,-1.),(-0.999998175847417,
0.00191005283659855,0.),(0.995184545360267,-0.0980189812030244,0.),(0.,
0.,1.),(-0.999990765500485,0.00429754741156577,0.),(0.,0.,-1.),(0.886061188846193,
-0.463568300922821,0.),(0.,0.,-1.),(-0.999622222394464,-0.0274847684209508,
0.),(0.,0.,-1.),(-0.988590675263958,0.150626945733996,0.),(0.,0.,-1.),(-0.99958680377229,
0.00107131135009523,0.0287241016620093),(0.,0.,-1.),(-0.937747810002982,
0.347316922758755,0.),(0.,0.,-1.),(0.908151062580923,-0.418642625079125,
0.),(-0.999998175847417,0.00191005283659855,0.),(0.,0.,-1.),(0.,0.,-1.),
(0.544547738762141,0.838729849360948,0.),(0.,0.,-1.),(0.423414061204173,
0.905936274124504,0.),(0.,0.,-1.),(-0.460562635468747,-0.88762720711461,
0.),(0.423414061204173,0.905936274124504,0.),(0.,0.,-1.),(0.,0.,-1.),(-0.515796914758398,
-0.856710886312132,0.),(0.,0.,-1.),(0.709082295617899,0.705125732079925,
0.),(0.,0.,-1.),(-0.619685848965065,-0.784849952916127,0.),(0.544547738762141,
0.838729849360948,0.),(0.,0.,-1.),(0.,0.,-1.),(0.,-1.,0.),(-0.448602478962192,
-0.893731400292602,0.),(0.,0.,-1.),(0.383658703187125,0.923474958766492,
0.),(0.,-1.,0.),(0.383658703187125,0.923474958766492,0.),(0.,-1.,0.),(0.,
0.,-1.),(-0.448602478962192,-0.893731400292602,0.),(0.,-1.,0.),(0.,0.,-1.),
(0.,0.,-1.),(-0.460562635468747,-0.88762720711461,0.),(0.,0.,-1.),(-0.719794300538401,
-0.694187413392403,0.),(0.,0.,-1.),(-0.781353431154193,-0.624088788253378,
0.),(0.,0.,-1.),(0.859755012261888,0.510706685770375,0.),(0.709082295617899,
0.705125732079925,0.),(0.,0.,-1.),(0.,0.,-1.),(-0.619685848965065,-0.784849952916127,
0.),(-0.719794300538401,-0.694187413392403,0.),(0.,0.,-1.),(0.,0.,-1.),
(-0.515796914758398,-0.856710886312132,0.),(-0.781353431154193,-0.624088788253378,
0.),(0.,0.,-1.),(0.,0.,-1.),(-0.802526290579991,-0.596616755487072,0.),
(0.980837256432417,0.194828838712676,0.),(-0.802526290579991,-0.596616755487072,
0.),(0.980837256432417,0.194828838712676,0.),(0.,0.,-1.),(0.,0.,-1.),(0.71745348097393,
-0.696606418746189,0.),(-0.344162362345298,0.938910149239481,0.),(0.,0.,
-1.),(0.999786132536104,-0.02068064768086,0.),(0.91848062981848,0.395465969014085,
0.),(0.999786132536104,-0.02068064768086,0.),(0.91848062981848,0.395465969014085,
0.),(0.,0.,-1.),(0.,0.,-1.),(0.859755012261888,0.510706685770375,0.),(0.,
0.,-1.),(0.,-1.,0.),(0.,0.,-1.),(0.724841422353325,0.688915751337425,0.),
(0.,0.,-1.),(0.693691248957985,0.720272483938621,0.),(0.,0.,-1.),(0.766723725243433,
0.641977202982187,0.),(0.,0.,-1.),(0.684133514033157,0.729356795386623,
0.),(0.,-1.,0.),(0.,0.,-1.),(-0.59370151101686,-0.804685352057745,0.),(0.786810017737639,
0.617195265688013,0.),(0.,0.,-1.),(0.940285895797732,0.340385713806936,
0.),(0.645907834045701,0.763415398009754,0.),(0.,0.,-1.),(-0.994850604409746,
-0.101352231872623,0.),(0.985691148986824,-0.168561439270772,0.),(0.,0.,
-1.),(-0.995888263815696,-0.090590098764486,0.),(0.,0.,-1.),(0.,-1.,0.),
(-0.996809503638537,-0.0798173756515113,0.),(0.,-1.,0.),(-0.996809503638537,
-0.0798173756515113,0.),(0.,0.,-1.),(0.,-1.,0.),(0.684133514033157,0.729356795386623,
0.),(0.,0.,-1.),(0.,0.,-1.),(0.693691248957985,0.720272483938621,0.),(0.724841422353325,
0.688915751337425,0.),(0.,0.,-1.),(0.,0.,-1.),(0.766723725243433,0.641977202982187,
0.),(0.,0.,-1.),(0.595795836710506,0.803135929316095,0.),(0.,0.,-1.),(-0.574973750876211,
-0.818171855910078,0.),(-0.59370151101686,-0.804685352057745,0.),(0.,0.,
-1.),(0.786810017737639,0.617195265688013,0.),(0.,0.,-1.),(0.543247670186327,
0.839572491710589,0.),(0.,-1.,0.),(0.,-1.,0.),(0.,0.,-1.),(-0.555939751214258,
-0.831222589334427,0.),(0.543247670186327,0.839572491710589,0.),(0.,0.,
-1.),(0.,-1.,0.),(0.595795836710506,0.803135929316095,0.),(0.,0.,-1.),(0.,
0.,-1.),(0.,-1.,0.),(-0.555939751214258,-0.831222589334427,0.),(-0.574973750876211,
-0.818171855910078,0.),(0.,0.,-1.),(0.,0.,-1.),(-0.866384202960564,-0.499378026008743,
0.),(0.,0.,-1.),(0.963314716217123,0.268374286248745,0.),(0.940285895797732,
0.340385713806936,0.),(0.,0.,-1.),(0.645907834045701,0.763415398009754,
0.),(0.,0.,-1.),(-0.998644647760604,0.0520467818323043,0.),(-0.905159663225507,
-0.425071739909262,0.),(0.,0.,-1.),(0.994024540967904,0.109156822753083,
0.),(0.,0.,-1.),(0.99980056301316,0.0199708336973607,0.),(0.,0.,-1.),(0.999372003939456,
-0.0354344146563135,0.),(0.99980056301316,0.0199708336973607,0.),(0.,0.,
-1.),(0.,0.,-1.),(0.998221306969344,-0.0596172987681728,0.),(0.,-1.,0.),
(0.,0.,-1.),(-0.999994464827043,0.00332720833067513,0.),(0.,0.,-1.),(-0.995695314551194,
-0.0926867875201102,0.),(0.,0.,-1.),(-0.471304710617282,-0.881970447208953,
0.),(0.98599226774508,0.166791030774783,0.),(0.994024540967904,0.109156822753083,
0.),(0.,0.,-1.),(0.,0.,-1.),(0.999372003939456,-0.0354344146563135,0.),
(0.,0.,-1.),(-1.,0.,0.),(-0.384574303109309,0.923094039298266,0.),(0.,0.,
-1.),(-0.442037694553092,0.89699647524067,0.),(0.,0.,-1.),(0.436558638835708,
-0.899675805419882,0.),(-0.442037694553092,0.89699647524067,0.),(0.,0.,
-1.),(0.,0.,-1.),(0.394045094318723,-0.919091107368224,0.),(-1.,0.,0.),
(0.394045094318723,-0.919091107368224,0.),(-1.,0.,0.),(0.,0.,-1.),(-0.384574303109309,
0.923094039298266,0.),(-1.,0.,0.),(0.,0.,-1.),(0.,0.,-1.),(0.500135828932848,
-0.849386009850203,0.168545420846736),(0.,0.,-1.),(-0.497740394955754,0.867326062809881,
0.),(-0.995833141502561,0.0911940474216385,0.),(-0.497740394955754,0.867326062809881,
0.),(-0.995833141502561,0.0911940474216385,0.),(0.,0.,-1.),(0.,0.,-1.),
(0.438191958104936,-0.898818957642051,0.0105966615223398),(0.,0.,-1.),(-0.992587029517072,
0.121535956961202,0.),(0.536454901352514,-0.843928989201618,0.),(0.5331133941466,
-0.845770504914503,0.0215026044505783),(-0.992587029517072,0.121535956961202,
0.),(0.,0.,-1.),(0.,0.,-1.),(0.462157016732895,-0.886798112246836,0.),(0.,
0.,-1.),(-0.44520366134972,0.895429338318108,0.),(0.,0.,-1.),(-0.509232368565711,
0.845685354017317,-0.159683051090468),(0.,0.,-1.),(-1.,0.,0.),(-0.39606328568144,
0.918223215637256,0.),(0.,0.,-1.),(-0.993656879792068,0.112454458523845,
0.),(0.514592073168469,-0.857435127710649,0.),(0.,0.,-1.),(0.408052824770572,
-0.912958318981079,0.),(-1.,0.,0.),(0.462157016732895,-0.886798112246836,
0.),(0.,0.,-1.),(0.,0.,-1.),(0.408052824770572,-0.912958318981079,0.),(-1.,
0.,0.),(-0.445907542376697,0.895052552761659,-0.00688414456644902),(0.,
0.,-1.),(-0.39606328568144,0.918223215637256,0.),(-1.,0.,0.),(0.,0.,-1.),
(0.,0.,-1.),(0.,0.,-1.),(-0.560264224321652,0.828313949505414,0.),(-0.994309941676787,
0.10652577097916,0.),(-0.550851546521336,0.833849742511621,-0.0354567427770204),
(0.,0.,-1.),(-0.994309941676787,0.10652577097916,0.),(0.,0.,-1.),(-0.994801808139584,
0.101830066887021,0.),(0.,0.,-1.),(0.,0.,-1.),(-0.892352556380475,-0.451339024593742,
0.),(0.991096730600434,0.133143796675368,0.),(0.,0.,-1.),(-0.993690478647606,
0.112157178303895,0.),(0.557578933073207,-0.830123926527205,0.),(0.,0.,
-1.),(0.,0.,-1.),(-0.853773510274232,-0.52064459389685,0.),(0.999059449451641,
-0.043361462860295,0.),(0.,0.,-1.),(0.93693827387485,0.349494879717024,
0.),(0.,0.,-1.),(0.992953207749513,0.11850707666613,0.),(0.,0.,-1.),(-0.99400419817504,
0.109341913328764,0.),(-0.994801808139584,0.101830066887021,0.),(0.,0.,
-1.),(0.,0.,-1.),(-0.993656879792068,0.112454458523845,0.),(0.514592073168469,
-0.857435127710649,0.),(0.,0.,-1.),(-0.987813193589131,0.155644127969034,
0.),(0.,0.,-1.),(-0.981025895784892,0.193876743833424,0.),(0.511667279026973,
-0.85918367976419,0.),(0.,0.,-1.),(0.974761475512814,0.223248887692823,
0.),(0.,0.,-1.),(-0.444575401810179,-0.895741431499804,0.),(0.970497442829785,
0.241111412962655,0.),(0.,0.,-1.),(0.892930161960761,0.450195208615916,
0.),(0.,0.,-1.),(-0.973480706474468,-0.228769128428578,0.),(-0.507234519229021,
-0.861808065930288,0.),(0.,0.,-1.),(-0.493774443308019,-0.869590017845109,
0.),(0.,0.,-1.),(-0.960777922720726,-0.277318919679935,0.),(-0.564841468449273,
-0.825199439844737,0.),(0.,0.,-1.),(-0.480195006096195,-0.877161761661026,
0.),(0.960914634871753,0.276844838292654,0.),(0.,0.,-1.),(-0.54228708121904,
-0.840193264399884,0.),(0.,0.,-1.),(-0.519334918194679,-0.854570794459842,
0.),(0.959874446813469,0.28043010957195,0.),(0.,0.,-1.),(-0.954167339127988,
-0.279134847197502,0.107927874163451),(0.,0.,-1.),(-0.942488293058613,-0.306384692319557,
0.133582325775953),(0.,0.,-1.),(-0.723380285170438,-0.690449826581726,0.),
(0.,0.,-1.),(-0.615822560316866,-0.787884873699692,0.),(0.993313681377663,
-0.115446656027595,0.),(0.,0.,-1.),(-0.897412421734127,-0.441192639690747,
0.),(0.,0.,-1.),(-0.955343014110706,-0.295499112333473,0.),(0.,0.,-1.),
(-0.478839506043158,0.877902458962466,0.),(-0.981867656285994,0.189567680630031,
0.),(-0.987813193589131,0.155644127969034,0.),(0.,0.,-1.),(0.,0.,-1.),(-1.,
0.,0.),(-0.344144178114684,0.938916814563339,0.),(0.,0.,-1.),(-0.803573343844881,
0.5952057468321,0.),(0.287803938586779,-0.957689350955693,0.),(0.,0.,-1.),
(0.294520237702753,-0.955645242536954,0.),(0.,0.,-1.),(-0.815875071670827,
0.578228213965838,0.),(0.292063064673832,-0.956399062239884,0.),(0.,0.,
-1.),(0.301222020784149,-0.953554033180456,0.),(0.62200630120911,-0.783012235700159,
0.),(0.,0.,-1.),(0.701323255024988,-0.712843385296627,0.),(0.,0.,-1.),(0.781835195538463,
-0.623485145787238,0.),(0.,0.,-1.),(0.79073325093461,-0.612160866003687,
0.),(-1.,0.,0.),(0.,0.,-1.),(0.804959189611114,-0.592968302894725,-0.0207194310435218),
(0.,0.,-1.),(-0.334325944738565,0.942457512397597,0.),(-0.334325944738565,
0.942457512397597,0.),(0.,0.,-1.),(0.,0.,-1.),(-1.,0.,0.),(-0.344144178114684,
0.938916814563339,0.),(0.294520237702753,-0.955645242536954,0.),(0.,0.,
-1.),(0.,0.,-1.),(0.277013087901186,-0.960866145272821,0.),(0.593003417319152,
-0.805199942280057,0.),(0.,0.,-1.),(0.845734793942643,-0.533603465426149,
0.),(0.,0.,-1.),(-0.817646945927308,0.575719959542611,0.),(0.,0.,-1.),(0.714552610246015,
-0.699581708730729,0.),(-0.817646945927308,0.575719959542611,0.),(0.,0.,
-1.),(0.,0.,-1.),(-0.803573343844881,0.5952057468321,0.),(0.287803938586779,
-0.957689350955693,0.),(0.301222020784149,-0.953554033180456,0.),(0.,0.,
-1.),(0.62200630120911,-0.783012235700159,0.),(0.781835195538463,-0.623485145787238,
0.),(0.,0.,-1.),(0.,0.,-1.),(0.701323255024988,-0.712843385296627,0.),(0.79073325093461,
-0.612160866003687,0.),(0.,0.,-1.),(-1.,0.,0.),(0.,0.,-1.),(0.861419871577087,
-0.507893497548565,0.),(0.,0.,-1.),(-0.848415725287823,0.529330480025794,
0.),(0.,0.,-1.),(-0.848415725287823,0.529330480025794,0.),(0.,0.,-1.),(0.284546842479585,
-0.958662137791463,0.),(0.284546842479585,-0.958662137791463,0.),(0.,0.,
-1.),(0.,0.,-1.),(-0.815875071670827,0.578228213965838,0.),(0.292063064673832,
-0.956399062239884,0.),(0.,0.,-1.),(-1.,0.,0.),(-0.87802944432251,0.478606618114193,
0.),(0.,0.,-1.),(0.89795471771765,-0.421051499051279,-0.128034995510162),
(0.,0.,-1.),(-1.,0.,0.),(-1.,0.,0.),(0.,0.,-1.),(-0.87802944432251,0.478606618114193,
0.),(0.861930510120542,-0.50694853156364,-0.00888718565190101),(0.,0.,-1.),
(0.,0.,-1.),(0.871717453089444,-0.490008859082418,0.),(-1.,0.,0.),(-1.,
0.,0.),(0.,0.,-1.),(-0.831248142526261,0.555901543033154,0.),(0.845734793942643,
-0.533603465426149,0.),(0.,0.,-1.),(0.,0.,-1.),(0.714552610246015,-0.699581708730729,
0.),(-1.,0.,0.),(0.,0.,-1.),(-0.831248142526261,0.555901543033154,0.),(-1.,
0.,0.),(0.871717453089444,-0.490008859082418,0.),(0.,0.,-1.),(0.,0.,-1.),
(-0.418109590670776,0.908396593008316,0.),(-0.106370871322228,-0.99432652470612,
0.),(0.,0.,-1.),(0.00268020702425828,-0.999996408238703,0.),(0.772367283482979,
-0.635176179815588,0.),(0.,0.,-1.),(-0.363054223980623,0.93176801321457,
0.),(0.,0.,-1.),(-0.31559953200724,0.948892478311853,0.),(0.811110027651359,
-0.584297618586313,-0.026397271786596),(0.00268020702425828,-0.999996408238703,
0.),(0.,0.,-1.),(0.,0.,-1.),(0.923759314350778,-0.382973535835286,0.),(-1.,
0.,0.),(0.919546809840368,-0.391813378863668,-0.0302645114918079),(0.,0.,
-1.),(-1.,0.,0.),(0.593003417319152,-0.805199942280057,0.),(0.277013087901186,
-0.960866145272821,0.),(0.,0.,-1.),(0.,0.,-1.),(-0.0514981162087147,0.99867309167062,
0.),(0.,0.,-1.),(-0.204772957153182,0.978809499350482,0.),(0.,0.,-1.),(-0.411915038025371,
0.911222256888273,0.),(0.101532295883264,-0.994832243593197,0.),(-0.204772957153182,
0.978809499350482,0.),(0.,0.,-1.),(0.,0.,-1.),(0.0730348100071958,-0.997008669916454,
0.0252908805429071),(0.,0.,-1.),(0.0660233732542366,0.997818076697417,0.),
(-0.0514981162087147,0.99867309167062,0.),(0.,0.,-1.),(0.,0.,-1.),(-0.25574157830384,
0.966745181072376,0.),(0.,0.,-1.),(-0.25574157830384,0.966745181072376,
0.),(0.101269223146484,-0.99485567006704,0.00259618542658368),(-0.411915038025371,
0.911222256888273,0.),(0.,0.,-1.),(0.,0.,-1.),(-0.323108429838725,0.94636195114087,
0.),(0.,0.,-1.),(0.,0.,-1.),(-0.0497777878929303,-0.998760317509905,0.),
(-1.,0.,0.),(0.,0.,-1.),(-0.0123974489731243,-0.999923148676416,0.),(0.0122060129941822,
-0.999832126798196,0.0136649723374153),(0.,0.,-1.),(0.,0.,-1.),(0.103959257769574,
0.994581556597547,0.),(0.,0.,-1.),(-1.,0.,0.),(0.107095902925007,0.994248695033932,
0.),(-1.,0.,0.),(-0.0497777878929303,-0.998760317509905,0.),(0.,0.,-1.),
(0.,0.,-1.),(0.0660233732542366,0.997818076697417,0.),(0.107095902925007,
0.994248695033932,0.),(-1.,0.,0.),(0.,0.,-1.),(0.,0.,-1.),(0.103959257769574,
0.994581556597547,0.),(0.,0.,-1.),(-0.194284529664442,0.980945218415925,
0.),(0.,0.,-1.),(-0.187965702961958,0.982175592503712,0.),(0.,0.,-1.),(-0.351984575125793,
0.936005800662322,0.),(0.,0.,-1.),(0.148925677238426,-0.988848392150726,
0.),(0.,0.,-1.),(0.11173622885549,-0.993737900636357,0.),(0.785835265934166,
-0.618435877689982,0.),(0.,0.,-1.),(-0.777972959839958,0.628297758835614,
0.),(0.185905592798417,-0.982567611193382,0.),(0.,0.,-1.),(-0.810508150151245,
0.585727358536724,0.),(-0.00734168297910806,-0.999973049482352,0.),(0.,
0.,-1.),(0.310377966955924,-0.950613232407538,0.),(0.,0.,-1.),(-0.631226214740428,
0.775598778895681,0.),(0.253455533195948,-0.967347038395403,0.),(0.,0.,
-1.),(-0.0962771593606218,0.995354564256099,0.),(0.,0.,-1.),(-0.00233076724004892,
-0.999997283758347,0.),(0.,0.,-1.),(0.556110053807711,-0.831108662001537,
0.),(0.,0.,-1.),(0.322532369898718,-0.946558434734759,0.),(0.,0.,-1.),(-0.97345605782349,
0.228873990411208,0.),(0.184447992432908,-0.982842275285038,0.),(0.,0.,
-1.),(0.934488070733494,-0.355994446103857,0.),(0.,0.,-1.),(-0.571940847673663,
0.820294865741784,0.),(0.,0.,-1.),(0.911661970508736,-0.410940934354475,
0.),(0.934433676809628,0.356137197782033,0.),(0.,0.,-1.),(-0.796448222777314,
-0.60470672927863,0.),(0.931500108481946,0.36374104511056,0.),(0.,0.,-1.),
(-0.929363880254268,-0.36916497406814,0.),(0.891727766799512,-0.452572193046319,
0.),(-0.323108429838725,0.94636195114087,0.),(0.,0.,-1.),(0.,0.,-1.),(-0.194284529664442,
0.980945218415925,0.),(-0.351984575125793,0.936005800662322,0.),(0.,0.,
-1.),(0.,0.,-1.),(0.123123147695581,-0.992391399852665,0.),(0.,0.,-1.),
(-0.00258285296027725,0.99999666442973,0.),(0.,0.,-1.),(-0.20366161765449,
0.97904134003338,0.),(0.,0.,-1.),(-0.0429244752012638,-0.999078319967307,
0.),(0.,0.,-1.),(0.30644035584766,-0.95188986143774,0.),(0.123123147695581,
-0.992391399852665,0.),(0.,0.,-1.),(0.,0.,-1.),(-0.0429244752012638,-0.999078319967307,
0.),(-0.20366161765449,0.97904134003338,0.),(0.,0.,-1.),(0.,0.,-1.),(-1.,
0.,0.),(0.104386563005466,0.994536799451838,0.),(-0.00258285296027725,0.99999666442973,
0.),(0.,0.,-1.),(0.,0.,-1.),(-0.358342297988968,0.933590272802789,0.),(0.,
0.,-1.),(-0.358342297988968,0.933590272802789,0.),(0.,0.,-1.),(-0.921644165571357,
0.388036122117874,0.),(0.395278778516592,-0.918561204958293,0.),(0.30644035584766,
-0.95188986143774,0.),(0.,0.,-1.),(0.,0.,-1.),(-0.115955527496459,-0.993254406304356,
0.),(-1.,0.,0.),(-0.115955527496459,-0.993254406304356,0.),(-1.,0.,0.),
(0.,0.,-1.),(-1.,0.,0.),(0.,0.,-1.),(0.104386563005466,0.994536799451838,
0.),(0.,0.,-1.),(-1.,0.,0.),(0.,0.,-1.),(0.961103964561131,-0.202699299752585,
-0.187595744047375),(0.,0.,-1.),(0.988569753037621,-0.150299380370934,-0.0118296085840025),
(0.,0.,-1.),(-0.986239734113058,0.16532146520221,0.),(0.,0.,-1.),(-1.,0.,
0.),(-0.996601659357997,0.0823719161176125,0.),(0.,0.,-1.),(-1.,0.,0.),
(0.986135399474445,-0.161673066653124,-0.0374004468202141),(0.,0.,-1.),
(0.,0.,-1.),(0.947199086669324,-0.320646051297687,0.),(0.948270172958412,
-0.317057984542729,-0.0160596860220381),(0.,0.,-1.),(0.,0.,-1.),(0.99280407616943,
-0.1197500160391,0.),(-1.,0.,0.),(0.,0.,-1.),(-0.999999706507257,-0.000766149724156784,
0.),(-0.999998257014081,0.00186707493163366,0.),(0.,0.,-1.),(-0.656928153704938,
-0.753953182147155,0.),(-0.999999706507257,-0.000766149724156784,0.),(0.,
0.,-1.),(0.,0.,-1.),(-0.631533047673173,-0.775348959950701,0.),(0.,0.,-1.),
(0.00442914058389688,-0.999990191308739,0.),(0.,0.,-1.),(-0.00253767133199364,
-0.999996780106922,0.),(0.642208752361895,0.766529789629717,0.),(0.,0.,
-1.),(-0.535908592652902,0.84427600956132,0.),(0.,0.,-1.),(0.591077990335214,
-0.806614411811049,0.),(0.043901636624792,0.999035858366287,0.),(0.,0.,
-1.),(-0.107325074957631,0.994223982956224,0.),(0.,0.,-1.),(-0.653098885278575,
-0.757272636537121,0.),(0.088126574682397,-0.99610928458415,0.),(0.,0.,
-1.),(-0.381161041288433,0.924508659020519,0.),(0.,0.,-1.),(-0.515549031946906,
0.856860079393718,0.),(0.,0.,-1.),(0.546784316731808,-0.837273498312307,
0.),(-0.102051400356023,0.994779127085694,0.),(0.,0.,-1.),(0.0299777050724503,
0.999550567604556,0.),(0.,0.,-1.),(0.689096944300066,-0.724669166831535,
0.),(0.114151707471068,0.993463329812147,0.),(0.,0.,-1.),(-0.102051400356023,
0.994779127085694,0.),(-0.498765259850558,0.866737108681868,0.),(0.00442914058389688,
-0.999990191308739,0.),(0.,0.,-1.),(0.,0.,-1.),(-0.605441556011513,-0.795889767652756,
0.),(0.0113957375247537,-0.999935066474952,0.),(-0.00253767133199364,-0.999996780106922,
0.),(0.,0.,-1.),(0.642208752361895,0.766529789629717,0.),(0.,0.,-1.),(-0.997120759146939,
0.0758300183188134,0.),(0.,0.,-1.),(-0.999112447616516,0.0421226425777668,
0.),(-0.771295454154743,-0.636477275635374,0.),(0.,0.,-1.),(0.,0.,-1.),
(-0.999112447616516,0.0421226425777668,0.),(-0.771295454154743,-0.636477275635374,
0.),(0.,0.,-1.),(0.,0.,-1.),(-0.990255754906709,0.123556706198467,-0.0642439119880644),
(-0.997072338587634,0.076376572381673,-0.00365661245068065),(0.,0.,-1.),
(0.,0.,-1.),(-0.734949856352898,-0.678121455675055,0.),(0.,0.,-1.),(0.997970857771156,
-0.0636723412440809,0.),(0.,0.,-1.),(-0.214150384674634,-0.976800702673635,
0.),(0.799160630044371,0.601117532090925,0.),(0.,0.,-1.),(-0.744317972968492,
-0.6678253926859,0.),(0.999998047179141,-0.00197626868226478,0.),(0.,0.,
-1.),(0.999579838348386,-0.0289852853602406,0.),(0.,0.,-1.),(0.998430590291096,
-0.0560031817933083,0.),(0.,0.,-1.),(0.990058368616886,-0.140652105013478,
0.00118831264747896),(0.,0.,-1.),(0.995763148810732,-0.0919551601082655,
0.),(0.,0.,-1.),(0.991965162676285,-0.123547960807501,0.0272216350890109),
(0.,0.,-1.),(-0.982300211144385,0.187313360937483,0.),(-0.982897947189871,
0.183932221831059,-0.00897569953976049),(0.,0.,-1.),(0.,0.,-1.),(0.,0.,
-1.),(0.23207378866763,0.97269818372065,0.),(-0.233111776400786,0.972449947145492,
0.),(0.,0.,-1.),(-0.231451968571549,0.972846332287045,0.),(0.,0.,-1.),(-0.972964686839898,
-0.230953930822879,0.),(-0.600394787781327,-0.799703756903152,0.),(0.,0.,
-1.),(-0.856912502051383,-0.51546189367211,0.),(0.99050889475555,0.137448642809375,
0.),(0.,0.,-1.),(-0.99590796938939,-0.090373206796603,0.),(-0.692423103874854,
-0.721491680631394,0.),(0.,0.,-1.),(-0.662807891751507,-0.74878948886314,
0.),(0.,0.,-1.),(-0.632117452037346,-0.774872587481202,0.),(0.99231069498153,
0.123771905638045,0.),(0.,0.,-1.),(0.998178633542871,-0.0603275686439257,
0.),(0.,0.,-1.),(0.9999935433563,-0.00359350048160705,0.),(0.,0.,-1.),(-0.719004204382831,
-0.694520657981908,0.025961697097641),(0.,0.,-1.),(-0.998270347181683,-0.0587904238610579,
0.),(0.,0.,-1.),(-0.983868958635488,-0.172705783973531,-0.0466324395202328),
(-0.231451968571549,0.972846332287045,0.),(0.,0.,-1.),(0.,0.,-1.),(-0.553412383097416,
-0.832907398354967,0.),(0.,0.,-1.),(-0.504598278526302,-0.863354259448746,
0.),(0.959661992956771,0.281156289764676,0.),(0.,0.,-1.),(0.316732246142453,
0.948514988945118,0.),(0.23207378866763,0.97269818372065,0.),(0.,0.,-1.),
(-0.233111776400786,0.972449947145492,0.),(-0.229791486734919,0.973239884419127,
0.),(0.,0.,-1.),(-0.999496202081168,0.0317386519140604,0.),(0.,0.,-1.),
(-0.99842973651841,-0.0560184008677354,0.),(-0.889098016392694,-0.457716852701074,
0.),(0.,0.,-1.),(-0.823103614344161,-0.567891222025468,0.),(0.,0.,-1.),
(-0.743533227096968,-0.668698990729587,0.),(0.993624000483358,0.1127446036999,
0.),(0.,0.,-1.),(-0.153571206436506,-0.98813758381798,0.),(0.,0.,-1.),(-0.19497122929537,
-0.980808961901884,0.),(0.86824190270628,0.496141107332358,0.),(0.,0.,-1.),
(0.,0.,-1.),(-0.19497122929537,-0.980808961901884,0.),(0.86824190270628,
0.496141107332358,0.),(0.,0.,-1.),(0.,0.,-1.),(-0.0608007599721014,-0.998149922399844,
0.),(-0.153571206436506,-0.98813758381798,0.),(0.,0.,-1.),(0.,0.,-1.),(-0.779625967651661,
-0.626245439554822,0.),(0.,0.,-1.),(-0.74470350179348,-0.667395455795534,
0.),(0.98994253309577,-0.141470071633295,0.),(0.,0.,-1.),(0.86824190270628,
0.496141107332358,0.),(0.170484373123458,0.985360380023828,0.),(0.,0.,-1.),
(0.0123257245727753,0.999924035371566,0.),(0.,0.,-1.),(0.123366532399335,
0.992361173506785,0.),(0.,0.,-1.),(0.786199082368294,0.617973302726948,
0.),(0.183123144166613,0.983089982692599,0.),(0.,0.,-1.),(0.0230709221623097,
-0.999733830852283,0.),(0.,0.,-1.),(0.0819765912530754,-0.996634255123978,
0.),(0.,0.,-1.),(0.119768781284546,-0.992801812563623,0.),(0.,0.,-1.),(-0.293368705809965,
-0.955999373666838,0.),(0.131284445286695,-0.991344740453978,0.),(0.,0.,
-1.),(0.807152351101579,0.590086973079604,0.0173909836681184),(0.,0.,-1.),
(0.290556072726671,0.956857966785904,0.),(-0.754351419685451,-0.656470818558255,
0.),(0.,0.,-1.),(-0.0750856269529444,0.997177089901831,0.),(-0.525884317414675,
-0.85055610320384,0.),(0.,0.,-1.),(-0.0568219511787813,0.998384327733682,
0.),(0.,0.,-1.),(0.746616997131027,0.665254131588108,0.),(0.,0.,-1.),(0.733504941153591,
0.679684118766407,0.),(0.,0.,-1.),(0.691540672969171,0.722337523343033,
0.),(0.305373585901944,0.952232625482549,0.),(0.,0.,-1.),(0.288000514310213,
0.957630254198901,0.),(0.,0.,-1.),(0.270532126640728,0.962710947509815,
0.),(-0.798307501550002,-0.602250058504765,0.),(-0.0608007599721014,-0.998149922399844,
0.),(0.,0.,-1.),(0.,0.,-1.),(0.0230709221623097,-0.999733830852283,0.),
(0.0819765912530754,-0.996634255123978,0.),(0.,0.,-1.),(0.,0.,-1.),(0.119768781284546,
-0.992801812563623,0.),(0.,0.,-1.),(-0.283386679076459,-0.959005729973506,
0.),(-0.293368705809965,-0.955999373666838,0.),(0.,0.,-1.),(0.131284445286695,
-0.991344740453978,0.),(0.,0.,-1.),(0.756445447152755,-0.654056790716118,
0.),(0.,0.,-1.),(-0.738887684853841,0.67382860518928,0.),(0.,0.,-1.),(-0.754610789767471,
0.656172657131119,0.),(0.,0.,-1.),(0.767382223037943,-0.641189927997426,
0.),(0.259133488866111,0.965841516475699,0.),(0.,0.,-1.),(-0.0809240358835873,
-0.996720271899951,0.),(0.745292956307172,-0.666737136568015,0.),(-0.0809240358835873,
-0.996720271899951,0.),(0.745292956307172,-0.666737136568015,0.),(0.,0.,
-1.),(0.,0.,-1.),(0.767382223037943,-0.641189927997426,0.),(0.259133488866111,
0.965841516475699,0.),(0.756445447152755,-0.654056790716118,0.),(0.,0.,
-1.),(0.,0.,-1.),(-0.754610789767471,0.656172657131119,0.),(0.,0.,-1.),
(0.998976061903115,-0.0452418804267033,0.),(-0.716273187773993,0.697819977125965,
0.),(-0.738887684853841,0.67382860518928,0.),(0.,0.,-1.),(0.,0.,-1.),(-0.783414133440232,
0.621500036625977,0.),(0.,0.,-1.),(-0.783414133440232,0.621500036625977,
0.),(0.,0.,-1.),(-0.991378620962702,0.131028355320864,0.),(0.,0.,-1.),(-0.988049649807555,
0.154135944916062,0.),(0.,0.,-1.),(-0.816052839829867,0.577977302846408,
0.),(-0.98676005223168,0.162186927092575,0.),(0.,0.,-1.),(-0.971819920639098,
0.22854546818669,0.0577322338069813),(0.,0.,-1.),(0.745788306988638,-0.66618300875887,
0.),(-0.015164242501526,0.999885016264048,0.),(0.,0.,-1.),(0.969742277492639,
-0.244130938726311,0.),(-0.699272641536436,0.714855071184821,0.),(0.,0.,
-1.),(-0.792040904713649,0.610468021488746,0.),(-0.986447217882848,0.164078902760804,
0.),(0.,0.,-1.),(-0.0331076070002574,-0.999451792913854,0.),(0.,0.,-1.),
(-0.724910255660809,0.688843321255117,0.),(0.,0.,-1.),(-0.730959013522084,
0.682421365836989,0.),(0.,0.,-1.),(0.991907977509821,-0.12695890733768,
0.),(-0.710710968774256,0.703484128366773,0.),(0.,0.,-1.),(-0.758591551083979,
0.651566465238968,0.),(0.,0.,-1.),(-0.998204099423763,0.0218813821454455,
0.0557654105068731),(0.,0.,-1.),(-0.79086722868087,0.611987766706689,0.),
(-0.997516379408448,-0.0704348834872394,0.),(0.,0.,-1.),(-0.226347459970679,
-0.974046624841348,0.),(0.72055734779273,-0.693395347937889,0.),(0.,0.,
-1.),(0.186797685802081,0.982398404202179,0.),(0.,0.,-1.),(0.186797685802081,
0.982398404202179,0.),(0.,0.,-1.),(0.994263295521222,-0.10696026916234,
0.),(0.998976061903115,-0.0452418804267033,0.),(0.,0.,-1.),(-0.716273187773993,
0.697819977125965,0.),(0.,0.,-1.),(-0.980595587963256,0.196041559030214,
0.),(0.,0.,-1.),(-0.925301594427219,0.379232065298344,0.),(0.,0.,-1.),(0.935415749187869,
-0.353549679919665,0.),(-0.925301594427219,0.379232065298344,0.),(0.,0.,
-1.),(0.,0.,-1.),(0.973371599157113,-0.229232916384897,0.),(-0.98063240490622,
0.195843067692407,0.00236205094571223),(0.,0.,-1.),(0.,0.,-1.),(-0.890419615077545,
0.455140537730005,0.),(0.,0.,-1.),(-0.890419615077545,0.455140537730005,
0.),(0.973371599157113,-0.229232916384897,0.),(0.,0.,-1.),(0.,0.,-1.),(-0.882831823837072,
0.469689227916193,0.),(0.,1.,0.),(0.,1.,0.),(0.,0.,-1.),(0.909290445390665,
-0.416162090922811,0.),(0.909290445390665,-0.416162090922811,0.),(0.,1.,
0.),(0.,0.,-1.),(0.,0.,-1.),(0.935415749187869,-0.353549679919665,0.),(-0.987913483461725,
0.154943281475311,0.00441913115693247),(0.,0.,-1.),(0.,0.,-1.),(-0.991378620962702,
0.131028355320864,0.),(-0.998346147322615,0.0167252339817445,0.0550021515428939),
(-0.79086722868087,0.611987766706689,0.),(0.,0.,-1.),(0.,0.,-1.),(0.994263295521222,
-0.10696026916234,0.),(-0.98676005223168,0.162186927092575,0.),(-0.816052839829867,
0.577977302846408,0.),(0.,0.,-1.),(0.,0.,-1.),(-0.882831823837072,0.469689227916193,
0.),(0.,1.,0.),(0.,0.,-1.),(0.964017202459358,-0.265839864133341,0.),(0.,
0.,-1.),(0.95262995512719,-0.304131827657625,0.),(0.988653535615133,0.150213802680368,
0.),(0.,0.,-1.),(-0.943443433574285,0.331533539246881,0.),(0.95262995512719,
-0.304131827657625,0.),(0.,0.,-1.),(0.988653535615133,0.150213802680368,
0.),(0.,0.,-1.),(-0.975661928510578,0.219280188925084,0.),(0.,0.,-1.),(0.965681749129706,
-0.183958808324473,0.183351891829978),(0.964722426746352,-0.262908100498402,
0.0137829613999016),(0.,0.,-1.),(0.,0.,-1.),(-0.89604865900064,0.443955854453069,
0.),(0.,0.,-1.),(0.982452965558272,0.186510510335895,0.),(-0.858867254107924,
0.512198242696238,0.),(0.,0.,-1.),(0.978244170091085,0.207456847760695,
0.),(0.,0.,-1.),(0.978244170091085,0.207456847760695,0.),(-0.975661928510578,
0.219280188925084,0.),(0.,0.,-1.),(0.,0.,-1.),(-0.943443433574285,0.331533539246881,
0.),(0.,0.,-1.),(0.966102464432368,-0.178722062794638,0.186291310822953),
(0.,0.,-1.),(-0.988983600170537,0.148025128250997,0.),(-0.791326800899854,
-0.611393403773382,0.),(0.,0.,-1.),(0.985043530803324,-0.155099138392314,
0.0750566432268466),(-0.988983600170537,0.148025128250997,0.),(0.,0.,-1.),
(-0.791326800899854,-0.611393403773382,0.),(0.994707081813458,-0.101547328269945,
0.0156831601212849),(0.,0.,-1.),(0.,0.,-1.),(-0.89604865900064,0.443955854453069,
0.),(0.,0.,-1.),(-0.122616871823123,-0.992454080924811,0.),(0.,0.,-1.),
(0.00129013609686199,0.999999167774079,0.),(0.,0.,-1.),(0.0859267474735648,
-0.99630145742572,0.),(-0.226347459970679,-0.974046624841348,0.),(0.,0.,
-1.),(0.72055734779273,-0.693395347937889,0.),(-0.122616871823123,-0.992454080924811,
0.),(0.,0.,-1.),(0.,0.,-1.),(0.00129013609686199,0.999999167774079,0.),
(0.,0.,-1.),(-0.195832679961648,0.98063732412092,0.),(-0.199617056622897,
0.979694917183639,-0.0187323236613628),(0.,0.,-1.),(0.,0.,-1.),(0.752688033522724,
-0.658377341797008,0.),(0.,0.,-1.),(0.752688033522724,-0.658377341797008,
0.),(0.783118666658388,-0.62187229712473,0.),(0.,0.,-1.),(0.237437779340847,
0.97140274909107,0.),(0.,0.,-1.),(0.1914966964112,0.981493257879847,0.),
(0.1914966964112,0.981493257879847,0.),(0.,0.,-1.),(0.,0.,-1.),(-0.988572221782527,
0.150744070356567,0.00108975790536083),(-0.999618376228911,-0.0276032594074878,
0.0010779497012022),(0.,0.,-1.),(0.,0.,-1.),(-0.999522612538251,0.00107124664345549,
0.0308771672168521),(0.,0.,-1.),(0.918264236880847,-0.395968169510677,0.),
(0.,0.,-1.),(0.915218584659857,-0.402957742565158,0.),(0.990943353800784,
0.134280562845312,0.),(0.,0.,-1.),(0.987950036176691,0.154773143724859,
0.),(-0.878488656558667,0.47776320525732,0.),(0.915218584659857,-0.402957742565158,
0.),(0.,0.,-1.),(0.990943353800784,0.134280562845312,0.),(0.,0.,-1.),(-0.903885678380644,
0.427774099751684,0.),(0.,0.,-1.),(0.944373781991134,-0.328874079075506,
0.),(0.918264236880847,-0.395968169510677,0.),(0.,0.,-1.),(0.,0.,-1.),(0.568812299761481,
-0.822467365699123,0.),(0.885456019819842,-0.464723183158322,0.),(0.,0.,
-1.),(0.991469494213194,0.130338950604311,0.),(0.,0.,-1.),(0.991469494213194,
0.130338950604311,0.),(-0.903885678380644,0.427774099751684,0.),(0.,0.,
-1.),(0.,0.,-1.),(0.885456019819842,-0.464723183158322,0.),(1.,0.,0.),(0.,
0.,-1.),(-0.983501616180677,-0.180899339329906,0.),(0.,0.,-1.),(-0.977714951018465,
-0.209936834678817,0.),(0.,0.,-1.),(0.981182565942115,0.193082294090493,
0.),(0.,0.,-1.),(0.550785992000425,0.83464650662188,0.),(-0.988147208698487,
-0.153509263373216,0.),(0.987950036176691,0.154773143724859,0.),(0.,0.,
-1.),(-0.878488656558667,0.47776320525732,0.),(0.,0.,-1.),(-0.986069190698338,
-0.166335658099894,0.),(-0.615513191427603,-0.788126583220365,0.),(0.,0.,
-1.),(0.916975490898442,-0.398943541233045,0.),(0.,0.,-1.),(-0.970940645100805,
-0.239320420547917,0.),(-0.794039376636404,-0.607866324409298,0.),(-0.794039376636404,
-0.607866324409298,0.),(0.,0.,-1.),(-0.917882816210977,0.39685152854009,
0.),(0.,0.,-1.),(-0.97094080250602,0.239319781942419,0.),(-0.970940645100805,
-0.239320420547917,0.),(0.908151062580923,-0.418642625079125,0.),(0.,0.,
-1.),(0.,0.,-1.),(0.890275283020821,-0.45542279306398,0.),(0.,0.,-1.),(0.890275283020821,
-0.45542279306398,0.),(0.916975490898442,-0.398943541233045,0.),(0.,0.,
-1.),(0.,0.,-1.),(-0.742666944129159,-0.669660963583092,-6.28555615165389E-5),
(-0.917882816210977,0.39685152854009,0.),(-0.970940645100805,-0.239320420547917,
0.),(-0.97094080250602,0.239319781942419,0.),(0.,0.,1.),(0.,0.,1.),(-0.970940645100805,
-0.239320420547917,0.),(-0.750136282367329,-0.661272758064705,-0.00372791062422088),
(0.,0.,-1.),(0.999992785177383,-0.00379863043487024,0.),(0.,0.,-1.),(0.984607531979208,
-0.17477988433974,0.),(0.,0.,-1.),(-0.992830876824665,0.11952761197132,
0.),(0.984607531979208,-0.17477988433974,0.),(0.,0.,-1.),(0.,0.,-1.),(-0.995242109860931,
-0.097432760196775,0.),(0.,0.,-1.),(0.995677342369604,0.0928796527329939,
0.),(0.999992785177383,-0.00379863043487024,0.),(0.,0.,-1.),(0.,0.,-1.),
(-0.950348695813132,0.311187011885583,0.),(0.944373781991134,-0.328874079075506,
0.),(0.,0.,-1.),(0.,0.,-1.),(-0.995242109860931,-0.097432760196775,0.),
(-0.992830876824665,0.11952761197132,0.),(0.,0.,-1.),(0.,0.,-1.),(-0.950348695813132,
0.311187011885583,0.),(-0.937747810002982,0.347316922758755,0.),(0.,0.,
-1.),(0.,0.,-1.),(-0.944111307843738,-0.329626816872637,0.),(0.993624000483358,
0.1127446036999,0.),(-0.743533227096968,-0.668698990729587,0.),(0.,0.,-1.),
(0.,0.,-1.),(0.995677342369604,0.0928796527329939,0.),(0.885456019819842,
-0.464723183158322,0.),(0.568104774305861,-0.822956232820179,-6.53705235413542E-5),
(0.,0.,1.),(0.,0.,-1.),(0.991979956388816,0.126395277296437,0.),(0.568812299761481,
-0.822467365699123,0.),(0.501168918721455,-0.865349475591405,-1.11712555116443E-6),
(0.991979956388816,0.126395277296437,0.),(0.,0.,-1.),(0.,0.,-1.),(-0.748513969071125,
0.663119022578444,0.),(-0.97094080250602,0.239319781942419,0.),(0.,0.,-1.),
(0.87204035739567,-0.489433974171421,0.),(0.,0.,-1.),(0.87204035739567,
-0.489433974171421,0.),(-0.97094080250602,0.239319781942419,0.),(-0.748513969071125,
0.663119022578444,0.),(0.,0.,1.),(-0.823103614344161,-0.567891222025468,
0.),(0.,0.,-1.),(0.,0.,-1.),(-0.99842973651841,-0.0560184008677354,0.),
(-0.889098016392694,-0.457716852701074,0.),(0.,0.,-1.),(-0.822066183483988,
-0.569391947582744,0.),(0.,0.,-1.),(0.485187447788867,0.874410167203084,
0.),(-0.980718956498318,-0.195423459095501,0.),(0.,0.,-1.),(1.,0.,0.),(0.885455723049556,
0.464723748606405,0.),(1.,0.,0.),(0.885456019819842,-0.464723183158322,
0.),(0.,0.,1.),(0.,0.,-1.),(-0.354603861976313,0.935016631441112,0.),(-0.748513969071125,
0.663119022578444,0.),(0.,0.,-1.),(0.12053647061968,0.992708899552407,0.),
(-0.354603861976313,0.935016631441112,0.),(0.,0.,-1.),(0.942085300139748,
-0.335373355024816,0.),(-0.748513969071125,0.663119022578444,0.),(-0.354603861976313,
0.935016631441112,0.),(0.,0.,1.),(-0.354603861976313,0.935016631441112,
0.),(0.,0.,1.),(0.12053647061968,0.992708899552407,0.),(0.,0.,-1.),(0.568068857674621,
0.822981028299104,0.),(0.12053647061968,0.992708899552407,0.),(0.568068857674621,
0.822981028299104,0.),(0.12053647061968,0.992708899552407,0.),(0.,0.,1.),
(0.,0.,-1.),(0.0098243221536016,-0.999951740182606,0.),(0.,0.,-1.),(0.999989035038149,
-0.0046829268061893,0.),(0.,0.,-1.),(0.987448821136614,0.157939309976681,
0.),(0.0196476960672169,-0.999806965388445,0.),(0.0580696785582677,-0.998312227309754,
0.000780535698464703),(0.987448821136614,0.157939309976681,0.),(0.,0.,-1.),
(0.,0.,-1.),(-0.987364325399241,-0.158466680816194,0.),(-0.450111754542158,
-0.89297223272786,0.),(0.,0.,-1.),(-0.989264521766365,-0.146135916099928,
0.),(0.,0.,-1.),(0.,-1.,0.),(-0.991010730697257,-0.133782404085475,0.),
(0.,-1.,0.),(-0.991010730697257,-0.133782404085475,0.),(0.,0.,-1.),(0.0949613740438999,
-0.995470476687656,0.00456809401668108),(0.,0.,1.),(0.,0.,-1.),(0.885455723049556,
0.464723748606405,0.),(0.568068857674621,0.822981028299104,0.),(0.885455723049556,
0.464723748606405,0.),(0.568068857674621,0.822981028299104,0.),(0.,0.,1.),
(0.999989035038149,-0.0046829268061893,0.),(0.,0.,-1.),(0.,0.,-1.),(0.942085300139748,
-0.335373355024816,0.),(0.,0.,-1.),(-0.746782132049606,-0.665068753777716,
0.),(0.999368566413759,0.0355312322345729,0.),(0.,0.,-1.),(-0.97832674477252,
-0.207067091694467,0.),(0.,0.,-1.),(-0.972404197624802,-0.233302542724387,
0.),(0.,0.,-1.),(-0.991988491795065,-0.126328271365329,0.),(0.,0.,-1.),
(-0.924867229650086,-0.380290162270042,0.),(-0.746782132049606,-0.665068753777716,
0.),(0.,0.,-1.),(0.999368566413759,0.0355312322345729,0.),(0.,0.,-1.),(-0.999945091570675,
0.010479210071078,0.),(0.,0.,-1.),(0.994722776689057,-0.102599208262117,
0.),(-0.972404197624802,-0.233302542724387,0.),(0.,0.,-1.),(0.,0.,-1.),
(-0.97832674477252,-0.207067091694467,0.),(0.,0.,-1.),(-0.999966704072431,
0.00816031534428323,0.),(0.,0.,-1.),(0.998316401769699,0.0580031202402143,
0.),(0.,0.,-1.),(0.998316401769699,0.0580031202402143,0.),(-0.856912502051383,
-0.51546189367211,0.),(0.,0.,-1.),(0.99050889475555,0.137448642809375,0.),
(-0.822066183483988,-0.569391947582744,0.),(0.,0.,-1.),(0.,0.,-1.),(-0.964063173034964,
-0.265673104392894,0.),(-0.650578989181077,-0.759438594513162,0.),(-0.977714951018465,
-0.209936834678817,0.),(0.,0.,-1.),(0.,0.,-1.),(-0.964063173034964,-0.265673104392894,
0.),(-0.650578989181077,-0.759438594513162,0.),(0.,0.,-1.),(0.971076188429486,
-0.23876983952179,0.),(0.972930184162465,0.231099235709665,0.),(0.981182565942115,
0.193082294090493,0.),(0.,0.,-1.),(0.,0.,-1.),(-0.991988491795065,-0.126328271365329,
0.),(0.,0.,-1.),(-0.987879165030828,0.155224853995728,0.),(0.,0.,-1.),(0.949271234578849,
0.314458460215572,0.),(-0.975393287805263,0.220472071030414,0.),(0.971076188429486,
-0.23876983952179,0.),(0.,0.,-1.),(0.972930184162465,0.231099235709665,
0.),(0.994722776689057,-0.102599208262117,0.),(0.,0.,-1.),(0.,0.,-1.),(-0.999945091570675,
0.010479210071078,0.),(-0.944111307843738,-0.329626816872637,0.),(0.,0.,
-1.),(0.,0.,-1.),(-0.986069190698338,-0.166335658099894,0.),(-0.615513191427603,
-0.788126583220365,0.),(-0.983501616180677,-0.180899339329906,0.),(0.,0.,
-1.),(0.,0.,-1.),(-0.563224706352761,-0.826303775952795,0.),(0.,0.,-1.),
(-0.563224706352761,-0.826303775952795,0.),(0.,0.,-1.),(-0.526821655869687,
-0.849975848425543,0.),(0.,0.,-1.),(-0.607249950872231,-0.778656661099358,
0.157928152307537),(0.,0.,-1.),(0.592419598210148,0.78240505303617,-0.192045183850035),
(0.56179727128972,0.826109282909953,-0.0439007820138434),(0.,0.,-1.),(-0.988147208698487,
-0.153509263373216,0.),(0.,0.,-1.),(0.532166592587922,0.846639662272776,
0.),(0.,0.,-1.),(-0.481972452578356,-0.87618636998963,0.),(0.485187447788867,
0.874410167203084,0.),(0.,0.,-1.),(-0.980718956498318,-0.195423459095501,
0.),(0.885455723049556,0.464723748606405,0.),(1.,0.,0.),(0.,0.,1.),(0.,
0.,-1.),(-0.990967462215852,0.134102531033062,0.),(0.,0.,-1.),(0.997127238476663,
-0.0757447706967514,0.),(-0.999966704072431,0.00816031534428323,0.),(0.,
0.,-1.),(0.,0.,-1.),(0.985882458876714,-0.167438876248033,0.),(0.,0.,-1.),
(-0.960632839574839,0.277821071069819,0.),(-0.990967462215852,0.134102531033062,
0.),(0.,0.,-1.),(0.,0.,-1.),(-0.99590796938939,-0.090373206796603,0.),(-0.692423103874854,
-0.721491680631394,0.),(0.997127238476663,-0.0757447706967514,0.),(0.,0.,
-1.),(0.,0.,-1.),(-0.987879165030828,0.155224853995728,0.),(0.,0.,-1.),
(0.630180013158697,0.776449065306479,0.),(-0.971906605632716,-0.235366841180937,
0.),(0.,0.,-1.),(-0.969219056727429,-0.246199959537756,0.),(0.,0.,-1.),
(0.966152054034489,0.257973270873047,0.),(0.949271234578849,0.314458460215572,
0.),(0.,0.,-1.),(-0.975393287805263,0.220472071030414,0.),(0.,0.,-1.),(-0.632284095679466,
-0.774736614825193,0.),(-0.633166703519167,-0.774014323928755,0.00132359653320656),
(0.,0.,-1.),(0.,0.,-1.),(-0.539725344047166,-0.841312123924838,0.0298406288514008),
(0.,0.,-1.),(0.690482401530771,0.7233491917299,0.),(0.,0.,-1.),(-0.717078241030996,
-0.696992680191042,0.),(-0.716842313072778,-0.697220595880081,0.00453198290964083),
(0.,0.,-1.),(0.,0.,-1.),(-0.568421917601343,-0.822737214176199,0.),(0.,
0.,-1.),(0.626471332318917,0.779444462282311,0.),(0.626471332318917,0.779444462282311,
0.),(0.,0.,-1.),(0.,0.,-1.),(0.532166592587922,0.846639662272776,0.),(-0.481972452578356,
-0.87618636998963,0.),(0.,0.,-1.),(0.,0.,-1.),(-0.568421917601343,-0.822737214176199,
0.),(-0.989264521766365,-0.146135916099928,0.),(0.,0.,-1.),(-0.450111754542158,
-0.89297223272786,0.),(-0.987364325399241,-0.158466680816194,0.),(0.,0.,
-1.),(0.,0.,-1.),(-0.966410763120287,-0.257002406458119,0.),(-0.694917199603671,
-0.719089761917795,0.),(-0.969219056727429,-0.246199959537756,0.),(0.,0.,
-1.),(0.,0.,-1.),(-0.966410763120287,-0.257002406458119,0.),(-0.71447650207848,
-0.69931908208389,0.0218208480826241),(0.,0.,-1.),(0.978725494448786,-0.205174088315215,
0.),(0.979674974655034,0.200591485449054,0.),(0.966152054034489,0.257973270873047,
0.),(0.,0.,-1.),(0.,0.,-1.),(-0.662807891751507,-0.74878948886314,0.),(0.,
0.,-1.),(-0.631040699785248,-0.775747479497517,0.0018663514658511),(0.,
0.,-1.),(0.673812028556824,0.730595302536302,-0.110489158219381),(0.647932832811337,
0.76044722522699,-0.0436240966628246),(0.,0.,-1.),(-0.971906605632716,-0.235366841180937,
0.),(0.,0.,-1.),(-0.851176836677387,0.52487902673271,0.),(0.978725494448786,
-0.205174088315215,0.),(0.,0.,-1.),(0.979674974655034,0.200591485449054,
0.),(0.,0.,-1.),(0.997042495708427,0.0768522071999995,0.),(-0.762069062945168,
0.647495747709491,0.),(0.985882458876714,-0.167438876248033,0.),(0.,0.,
-1.),(0.,0.,-1.),(-0.924867229650086,-0.380290162270042,0.),(-0.632117452037346,
-0.774872587481202,0.),(0.,0.,-1.),(0.99231069498153,0.123771905638045,
0.),(-0.851176836677387,0.52487902673271,0.),(0.,0.,-1.),(0.,0.,-1.),(-0.960632839574839,
0.277821071069819,0.),(0.998178633542871,-0.0603275686439257,0.),(0.,0.,
-1.),(0.,0.,-1.),(0.999043629571403,0.0437244349625855,0.),(0.997042495708427,
0.0768522071999995,0.),(0.,0.,-1.),(-0.762069062945168,0.647495747709491,
0.),(0.9999935433563,-0.00359350048160705,0.),(0.,0.,-1.),(0.,0.,-1.),(0.999043629571403,
0.0437244349625855,0.),(0.690016238002624,0.723762908891427,-0.00669649204637749),
(0.,0.,-1.),(0.,0.,-1.),(-0.698647383379049,-0.715466165305955,0.),(0.,
0.,-1.),(0.956475905405917,0.291811312971123,0.),(-0.999677389447278,0.0253991540779225,
0.),(0.,0.,-1.),(0.729976368511688,0.683472385261093,0.),(-0.970968568933871,
-0.239207103035236,0.),(0.,0.,-1.),(-0.774612679422865,-0.632435923139514,
0.),(-0.774562886299495,-0.632496159167827,0.000971496444823235),(0.,0.,
-1.),(0.,0.,-1.),(-0.674437517103472,-0.738331927742058,0.),(-0.66077431035059,
-0.750579937815606,0.00265852015664836),(0.,0.,-1.),(0.,0.,-1.),(-0.757845396629218,
-0.652434176609337,0.),(0.,0.,-1.),(0.747680008533534,0.66405918775309,
0.),(0.747469703479818,0.66428572946388,-0.00367586866384655),(0.,0.,-1.),
(0.,0.,-1.),(0.732072581792196,0.681226639957737,0.),(0.,0.,-1.),(-0.7686678758649,
-0.639648103736221,0.),(0.991939162643696,-0.126715025209026,0.),(-0.7686678758649,
-0.639648103736221,0.),(0.991939162643696,-0.126715025209026,0.),(0.,0.,
-1.),(0.,0.,-1.),(-0.698647383379049,-0.715466165305955,0.),(0.732072581792196,
0.681226639957737,0.),(0.,0.,-1.),(0.,0.,-1.),(0.983966983977986,-0.178350706309975,
0.),(0.786067323483224,0.618140892476724,0.),(0.,0.,-1.),(-0.64760784284583,
0.761973806560679,0.),(0.,0.,-1.),(0.995064790556863,-0.0992273278589455,
0.),(0.995064790556863,-0.0992273278589455,0.),(0.,0.,-1.),(0.,0.,-1.),
(0.974898932468917,-0.222647864285661,0.),(0.,0.,-1.),(0.974898932468917,
-0.222647864285661,0.),(0.786067323483224,0.618140892476724,0.),(0.983966983977986,
-0.178350706309975,0.),(0.,0.,-1.),(0.,0.,-1.),(0.,0.,-1.),(0.915835100223559,
0.401554565655159,0.),(-0.993443201315711,-0.114326749973888,0.),(0.,0.,
-1.),(-0.99510640650933,-0.0988091074956537,0.),(0.,0.,-1.),(0.992206590425914,
0.124603699445012,0.),(0.,0.,-1.),(-0.981053538784162,-0.193736816426492,
0.),(0.,0.,-1.),(0.997866796865215,0.0652828899019946,0.),(-0.9967399387307,
0.080681438628233,0.),(0.,0.,-1.),(0.972438872020667,0.233157972591914,
0.),(-0.999233257023204,-0.0391522420660595,0.),(0.,0.,-1.),(0.999877476819137,
0.0156534772429977,0.),(-0.99510640650933,-0.0988091074956537,0.),(0.,0.,
-1.),(0.,0.,-1.),(-0.939597894330141,-0.342280290069945,0.),(0.,0.,-1.),
(0.948135967783384,0.317865044626594,0.),(0.,0.,-1.),(0.,0.,-1.),(0.915835100223559,
0.401554565655159,0.),(-0.993443201315711,-0.114326749973888,0.),(0.,0.,
-1.),(0.992981099160004,0.118273144504538,0.),(-0.962289658785385,0.272026860061112,
0.),(-0.981053538784162,-0.193736816426492,0.),(0.,0.,-1.),(0.,0.,-1.),
(-0.998253751545788,0.0590715458131871,0.),(0.,0.,-1.),(0.,-1.,0.),(-0.996508737830528,
0.0834885347063133,0.),(0.,-1.,0.),(0.998221306969344,-0.0596172987681728,
0.),(0.,0.,-1.),(0.,0.,-1.),(-0.999994464827043,0.00332720833067513,0.),
(-0.995695314551194,-0.0926867875201102,0.),(0.,0.,-1.),(0.,0.,-1.),(-0.998253751545788,
0.0590715458131871,0.),(0.,-1.,0.),(0.,0.,-1.),(-0.996508737830528,0.0834885347063133,
0.),(0.,0.,-1.),(0.453545016397484,0.891217391345746,-0.00533661539639269),
(0.,0.,-1.),(-0.987596069611288,-0.157015933230793,0.),(-0.58169470314387,
-0.813407199583557,0.),(-0.987596069611288,-0.157015933230793,0.),(-0.58169470314387,
-0.813407199583557,0.),(0.,0.,-1.),(0.,0.,-1.),(0.447081708188336,0.894493122502012,
0.),(0.4492645923197,0.893395849515166,-0.00227643512713446),(0.,0.,-1.),
(0.,0.,-1.),(-0.576801490571505,-0.81688434951007,0.),(0.,0.,-1.),(-0.571887493476035,
-0.820332063743517,0.),(0.985671924031772,0.168673821844126,0.),(0.,0.,
-1.),(0.587152149875762,0.809476591938439,0.),(0.586778389077766,0.809746801351212,
-0.00111346880624424),(0.,0.,-1.),(0.,0.,-1.),(0.462415206449255,0.886663508240016,
0.),(0.,0.,-1.),(-0.453752308833956,-0.891127848418988,0.),(-0.471304710617282,
-0.881970447208953,0.),(0.,0.,-1.),(0.98599226774508,0.166791030774783,
0.),(0.462415206449255,0.886663508240016,0.),(0.,0.,-1.),(0.,0.,-1.),(-0.349043086895644,
-0.93710667668647,0.),(0.991036708292172,0.133589830516459,0.),(0.,0.,-1.),
(-0.992828687642589,-0.11954579454709,0.),(-0.436022061190297,-0.89993597669799,
0.),(0.,0.,-1.),(0.490023932168438,0.87170898005136,0.),(0.,0.,-1.),(0.490023932168438,
0.87170898005136,0.),(0.,0.,-1.),(-0.375409692700095,0.926858976666256,
0.),(0.,0.,-1.),(-0.44609218794179,0.894987016585887,0.),(0.,0.,-1.),(0.400502115140812,
-0.87453077787913,0.273484870349092),(-0.44609218794179,0.894987016585887,
0.),(0.,0.,-1.),(0.,0.,-1.),(0.,0.,-1.),(-0.281728313086319,0.958298779498697,
-0.047881173929258),(-0.35606572314784,0.934281134596407,-0.0183292753936303),
(0.,0.,-1.),(0.,0.,-1.),(0.467546435756363,-0.883968512115404,0.),(0.,0.,
-1.),(0.475542433703673,-0.879692783730313,0.),(0.,0.,-1.),(-0.48461609188686,
0.874726953674292,0.),(0.,0.,-1.),(-0.48461609188686,0.874726953674292,
0.),(0.466811104556923,-0.88431165091792,0.0089608433291318),(0.,0.,-1.),
(0.,0.,-1.),(0.36315873667824,-0.931172049234825,0.0321612608285219),(0.305571327339469,
-0.951840247767325,0.0250261191204694),(0.,0.,-1.),(0.,0.,-1.),(0.475542433703673,
-0.879692783730313,0.),(0.,0.,-1.),(-0.492229243674622,0.87046560625421,
0.),(-0.802308321229663,0.59690984049992,0.),(-0.802308321229663,0.59690984049992,
0.),(0.,0.,-1.),(-0.998144079770714,0.0608966010436986,0.),(0.,0.,-1.),
(-0.998659908864405,0.0517531296342445,0.),(-0.980790289721595,0.195065136782126,
0.),(0.,0.,-1.),(0.460560782700293,-0.887628168457093,0.),(-0.998792981092507,
0.0491127772838737,-0.000718350755744125),(0.,0.,-1.),(0.,0.,-1.),(-0.802308321229663,
0.59690984049992,0.),(-0.998144079770714,0.0608966010436986,0.),(-0.802308321229663,
0.59690984049992,0.),(-0.492229243674622,0.87046560625421,0.),(0.,0.,-1.),
(-0.973698387119639,0.227840845593177,0.),(-0.397858427728778,0.917446822156568,
0.),(0.,0.,-1.),(0.,0.,-1.),(0.,0.,-1.),(-0.348264843113512,0.937396180412061,
0.),(-0.304536749406574,0.952493471908088,-0.00368160744164709),(0.,0.,
-1.),(0.,0.,-1.),(-0.977381736450588,0.211482720932075,0.),(0.,0.,-1.),
(-0.999397351902112,0.0347121450078634,0.),(0.444863790891697,-0.895598240034821,
0.),(0.,0.,-1.),(0.979188115263041,-0.202954760790708,0.),(-0.999372087649178,
0.0354230241152364,-0.000799868899136001),(0.,0.,-1.),(0.444863790891697,
-0.895598240034821,0.),(0.,0.,-1.),(0.315920602826934,-0.948785630534878,
0.),(0.737024998959205,-0.675865482850828,0.),(0.,0.,-1.),(0.745419006919686,
-0.666596207702136,0.),(0.,0.,-1.),(-0.748641212013526,0.662975365813029,
0.),(0.745419006919686,-0.666596207702136,0.),(0.,0.,-1.),(0.,0.,-1.),(-0.765361244209267,
0.643600936809792,0.),(-0.952330871314414,0.305067060728503,0.),(0.,0.,
-1.),(0.927245757253654,-0.374453342427462,0.),(-0.659263695632828,0.751911816385768,
0.),(0.,0.,-1.),(0.761546299665156,-0.648110510226697,0.),(-0.303811395410926,
0.952732195330076,0.),(0.,0.,-1.),(0.884166487106671,-0.467171941663291,
0.),(-0.653549511203762,0.756883766773554,0.),(0.,0.,-1.),(-0.743293223643492,
0.668965756736222,0.),(0.,0.,-1.),(0.381320663036384,-0.924442833246866,
0.),(0.315920602826934,-0.948785630534878,0.),(0.,0.,-1.),(0.737024998959205,
-0.675865482850828,0.),(0.,0.,-1.),(0.947608460418656,-0.319434196264246,
0.),(-0.731430873744179,0.681915593701909,0.),(0.,0.,-1.),(0.753696447126944,
-0.657222691017452,0.),(-0.257551545214946,0.966264560851423,0.),(0.753696447126944,
-0.657222691017452,0.),(0.,0.,-1.),(-0.257757870577954,0.966204756490023,
-0.00304116608798841),(-0.748641212013526,0.662975365813029,0.),(0.,0.,
-1.),(0.,0.,-1.),(-0.765361244209267,0.643600936809792,0.),(-0.952330871314414,
0.305067060728503,0.),(0.,0.,-1.),(-0.976992260226515,0.213274760479259,
0.),(0.,0.,-1.),(-0.978501571793361,0.206239360932685,0.),(0.,0.,-1.),(-0.776665934955093,
0.629912712588285,0.),(-0.972374890565947,0.233424660644207,0.),(0.,0.,
-1.),(0.251344769268521,-0.967897622148827,0.),(0.749649897263918,-0.661834595297192,
0.),(0.,0.,-1.),(0.297253246338776,-0.954798673826613,0.),(0.,0.,-1.),(-0.95019371777606,
0.31165990871286,0.),(0.,0.,-1.),(0.898871850594069,-0.438211588401761,
0.),(0.947608460418656,-0.319434196264246,0.),(0.,0.,-1.),(-0.731430873744179,
0.681915593701909,0.),(-0.976992260226515,0.213274760479259,0.),(0.,0.,
-1.),(-0.972374890565947,0.233424660644207,0.),(-0.776665934955093,0.629912712588285,
0.),(0.,0.,-1.),(0.,0.,-1.),(-0.978501571793361,0.206239360932685,0.),(-0.95019371777606,
0.31165990871286,0.),(0.,0.,-1.),(0.,0.,-1.),(-0.766701993661651,0.642003156468292,
0.),(0.251344769268521,-0.967897622148827,0.),(0.,0.,-1.),(0.749649897263918,
-0.661834595297192,0.),(0.,0.,-1.),(0.762629678987585,-0.646835352100743,
0.),(0.762629678987585,-0.646835352100743,0.),(0.,0.,-1.),(0.,0.,-1.),(-0.937478105384381,
0.348044252825574,0.),(0.,0.,-1.),(-0.937478105384381,0.348044252825574,
0.),(0.,0.,-1.),(0.400785088576173,0.916172097793307,0.),(0.,0.,-1.),(-0.478673205546761,
-0.877993144786216,0.),(0.,0.,-1.),(-0.478673205546761,-0.877993144786216,
0.),(-0.0750856269529444,0.997177089901831,0.),(0.,0.,-1.),(-0.525884317414675,
-0.85055610320384,0.),(0.400785088576173,0.916172097793307,0.),(0.,0.,-1.),
(0.,0.,-1.),(-0.430034843195169,-0.902812291474871,0.),(-0.077631420765303,
-0.9969821274777,0.),(0.,0.,-1.),(0.611130958263272,0.791529501567829,0.),
(0.,0.,-1.),(-0.733407947722023,-0.676014796995628,-0.0715316465707982),
(-0.74953162940164,-0.661689202696815,-0.0192285090679373),(0.290556072726671,
0.956857966785904,0.),(0.,0.,-1.),(0.,0.,-1.),(-0.430034843195169,-0.902812291474871,
0.),(-0.077631420765303,-0.9969821274777,0.),(0.,0.,-1.),(0.0560490415271381,
0.998428016906521,0.),(-0.378155903020583,-0.925741925706451,0.),(0.,0.,
-1.),(-0.0529018008840542,-0.998599719338647,0.),(0.,0.,-1.),(0.685942445239543,
0.726250609382493,0.0451997144941646),(0.,0.,-1.),(-0.215172200188744,-0.976576123129137,
0.),(-0.378155903020583,-0.925741925706451,0.),(0.0560490415271381,0.998428016906521,
0.),(0.,0.,-1.),(0.,0.,-1.),(-0.0963001977213732,-0.995352335567072,0.),
(0.,0.,-1.),(0.127337994503099,0.991859382753386,0.),(0.606697573408221,
0.79487373648848,0.00968490895260164),(0.,0.,-1.),(0.,0.,-1.),(-0.0753591986528734,
-0.997156452708599,0.),(0.,0.,-1.),(-0.172063079390792,-0.985085933668001,
0.),(0.,0.,-1.),(0.318792375374265,0.947824573116373,0.),(-0.668411694498837,
-0.74379150751887,0.),(0.,0.,-1.),(0.655003818608401,0.755625567069043,
0.),(0.655327775743799,0.755339410534847,0.00280735312275684),(0.,0.,-1.),
(0.,0.,-1.),(-0.0568219511787813,0.998384327733682,0.),(0.0123257245727753,
0.999924035371566,0.),(0.,0.,-1.),(0.,0.,-1.),(-0.215172200188744,-0.976576123129137,
0.),(-0.172063079390792,-0.985085933668001,0.),(0.,0.,-1.),(0.,0.,-1.),
(-0.0753591986528734,-0.997156452708599,0.),(0.183123144166613,0.983089982692599,
0.),(0.786199082368294,0.617973302726948,0.),(0.,0.,-1.),(0.,0.,-1.),(0.123366532399335,
0.992361173506785,0.),(0.,0.,-1.),(0.794984689645284,0.606629494196904,
0.),(0.,0.,-1.),(-0.164011567657185,-0.986458415583056,0.),(0.803606634308882,
0.595160799527952,0.),(-0.164011567657185,-0.986458415583056,0.),(0.803606634308882,
0.595160799527952,0.),(0.,0.,-1.),(0.,0.,-1.),(-0.0963001977213732,-0.995352335567072,
0.),(0.,0.,-1.),(-0.997739536979764,0.0666492536571319,-0.00858448218320943),
(0.,0.,-1.),(0.336144304235631,0.941810494064461,0.),(0.127337994503099,
0.991859382753386,0.),(0.,0.,-1.),(0.,0.,-1.),(0.746616997131027,0.665254131588108,
0.),(0.,0.,-1.),(0.676675056792289,0.736281785402269,0.),(0.,0.,-1.),(-0.780718691218986,
-0.624882649128069,0.),(0.998086635472643,-0.0618309638522684,0.),(0.794984689645284,
0.606629494196904,0.),(0.,0.,-1.),(0.,0.,-1.),(0.741153846621624,0.671335218529439,
0.),(-0.960955915540963,0.276701514970247,0.),(0.,0.,-1.),(0.130466576440106,
0.99145270811673,0.),(0.741153846621624,0.671335218529439,0.),(0.,0.,-1.),
(0.217917752279748,0.975967137377762,0.),(0.,0.,-1.),(-0.238594831959472,
-0.971119202859377,0.),(0.786523964602962,0.617559756707996,0.),(-0.238594831959472,
-0.971119202859377,0.),(0.786523964602962,0.617559756707996,0.),(0.,0.,
-1.),(0.,0.,-1.),(-0.0529018008840542,-0.998599719338647,0.),(0.,0.,-1.),
(-0.999735459489377,0.0230002399892848,0.),(0.,0.,-1.),(0.997626399887723,
-0.068859031702899,0.),(0.999284561643919,-0.0378201647289098,0.),(-0.696358810197037,
-0.717693811775584,0.),(0.,0.,-1.),(0.,0.,-1.),(-0.999972305383303,0.00744234280336614,
0.),(-0.21946700164454,-0.975619923530242,0.),(-0.21946700164454,-0.975619923530242,
0.),(0.,0.,-1.),(0.999728844148764,0.0232860081803618,0.),(0.,0.,-1.),(-0.999481745920035,
0.0321906752435962,0.),(0.,0.,-1.),(-0.998579902483075,0.0532745563744348,
0.),(0.997626399887723,-0.068859031702899,0.),(0.,0.,-1.),(0.,0.,-1.),(-0.999735459489377,
0.0230002399892848,0.),(-0.734949856352898,-0.678121455675055,0.),(0.,0.,
-1.),(0.,0.,-1.),(0.999018528741133,0.044294234747902,0.),(0.,0.,-1.),(0.999018528741133,
0.044294234747902,0.),(0.,0.,-1.),(-0.999786828137417,-0.0206469921035472,
0.),(0.997866796865215,0.0652828899019946,0.),(0.,0.,-1.),(-0.9967399387307,
0.080681438628233,0.),(-0.998579902483075,0.0532745563744348,0.),(0.,0.,
-1.),(0.,0.,-1.),(-0.999481745920035,0.0321906752435962,0.),(0.992206590425914,
0.124603699445012,0.),(0.,0.,-1.),(0.,0.,-1.),(0.999877476819137,0.0156534772429977,
0.),(0.11173622885549,-0.993737900636357,0.),(0.,0.,-1.),(0.785835265934166,
-0.618435877689982,0.),(0.148925677238426,-0.988848392150726,0.),(0.,0.,
-1.),(0.,0.,-1.),(0.835893815974264,-0.548891180850979,0.),(0.,0.,-1.),
(0.835893815974264,-0.548891180850979,0.),(0.,0.,-1.),(0.366207813247093,
-0.930533093187331,0.),(0.71882480479608,-0.695191268651928,0.),(0.,0.,
-1.),(0.730135990771748,-0.683236574639708,-0.00944553091979707),(0.,0.,
-1.),(0.760885882960054,-0.648885716526492,0.),(0.,0.,-1.),(0.777494959915065,
-0.628889169334845,0.),(-0.641439566755895,0.767173567193246,0.),(0.,0.,
-1.),(-0.803447395551025,0.595375749071353,0.),(-0.777972959839958,0.628297758835614,
0.),(0.,0.,-1.),(0.185905592798417,-0.982567611193382,0.),(0.310377966955924,
-0.950613232407538,0.),(0.,0.,-1.),(0.,0.,-1.),(0.366207813247093,-0.930533093187331,
0.),(0.720737951780727,-0.693186743048434,-0.00537997442617648),(0.,0.,
-1.),(0.0938739498229361,0.995584090644603,0.),(0.,0.,-1.),(-0.132385396062818,
-0.991198318657417,0.),(0.,0.,-1.),(-1.,0.,0.),(0.15959754819824,0.987182162829693,
0.),(-0.0962771593606218,0.995354564256099,0.),(0.,0.,-1.),(0.,0.,-1.),
(0.0938739498229361,0.995584090644603,0.),(-0.132385396062818,-0.991198318657417,
0.),(0.,0.,-1.),(0.,0.,-1.),(-0.418109590670776,0.908396593008316,0.),(-0.106370871322228,
-0.99432652470612,0.),(0.,0.,-1.),(-0.158309032778629,-0.987389614154765,
0.),(-1.,0.,0.),(-0.158309032778629,-0.987389614154765,0.),(-1.,0.,0.),
(0.,0.,-1.),(0.,0.,-1.),(-0.31559953200724,0.948892478311853,0.),(-0.00233076724004892,
-0.999997283758347,0.),(0.,0.,-1.),(0.,0.,-1.),(-0.851959716870628,0.523607334583578,
0.),(-0.810508150151245,0.585727358536724,0.),(0.,0.,-1.),(-0.00734168297910806,
-0.999973049482352,0.),(0.,0.,-1.),(0.643962413481814,-0.765057128600654,
0.),(0.,0.,-1.),(0.642169953509075,-0.766484202719272,-0.010941562591978),
(0.,0.,-1.),(-0.632459669009582,0.774593222758046,0.000326088322632085),
(-0.631254748760046,0.775575545343332,0.000125033130794017),(0.,0.,-1.),
(0.253455533195948,-0.967347038395403,0.),(0.644602444218682,-0.764515560694749,
-0.00190954520631624),(0.,0.,-1.),(0.,0.,-1.),(0.656037861346658,-0.754727980453688,
0.),(0.655573198222171,-0.755129834792796,-0.00164753711896155),(0.,0.,
-1.),(0.,0.,-1.),(-0.187965702961958,0.982175592503712,0.),(0.15959754819824,
0.987182162829693,0.),(-1.,0.,0.),(0.,0.,-1.),(0.,0.,-1.),(-0.363054223980623,
0.93176801321457,0.),(0.556110053807711,-0.831108662001537,0.),(0.,0.,-1.),
(0.,0.,-1.),(0.322532369898718,-0.946558434734759,0.),(0.,0.,-1.),(-0.627453930816479,
0.778235465706912,-0.025517143627272),(0.,0.,-1.),(-0.645036428244972,0.764151821457601,
0.),(0.,0.,-1.),(-0.980579493582197,0.196122045589175,0.),(0.590183622884738,
-0.807269032775719,0.),(0.,0.,-1.),(-0.761942646892868,0.647644503447601,
0.),(0.,0.,-1.),(-0.924935545266871,0.380123975962942,0.),(0.,0.,-1.),(-0.981865180381931,
0.189580504149446,0.),(0.,0.,-1.),(-0.549284513312031,0.835635401018629,
0.),(-0.981022757473211,0.193892623169779,0.),(0.,0.,-1.),(-0.984809529429334,
0.17363810280343,0.),(0.,0.,-1.),(-0.588753737018529,0.808312462570457,
0.),(-0.983107228424325,0.183030536850666,0.),(0.,0.,-1.),(-0.988178165797887,
0.153309858262029,0.),(0.586076971040684,-0.810255381972731,0.),(0.,0.,
-1.),(0.966823501614047,-0.255445330211285,0.),(0.976560030975741,0.215245222712745,
0.),(0.,0.,-1.),(0.972624010311671,-0.23238445422455,0.),(0.920928991523677,
0.389730410118563,0.),(0.,0.,-1.),(0.964975915917336,-0.262338486881925,
0.),(0.,0.,-1.),(-0.904786567620256,-0.425865315626849,0.),(0.956405557930467,
-0.292041792830601,0.),(-0.644091770511486,0.764939839502065,-0.00358233191287414),
(0.,0.,-1.),(0.,0.,-1.),(-0.607718704247013,0.794152363535066,0.),(-0.609606570416239,
0.792688939099713,-0.00490664185796287),(0.,0.,-1.),(0.,0.,-1.),(-0.761942646892868,
0.647644503447601,0.),(0.75520586085947,-0.655463458689597,-0.00563578265881502),
(0.,0.,-1.),(0.,0.,-1.),(-0.97345605782349,0.228873990411208,0.),(0.184447992432908,
-0.982842275285038,0.),(-0.924935545266871,0.380123975962942,0.),(0.,0.,
-1.),(0.,0.,-1.),(-0.63767585005989,0.770304816452809,0.),(-0.636590715653674,
0.77120177137646,0.000297606037764858),(0.,0.,-1.),(0.,0.,-1.),(0.882347043424496,
-0.470599293412187,0.),(-0.624141299022302,0.781311486447469,0.),(0.,0.,
-1.),(0.636685243697092,-0.771123790618844,0.),(0.,0.,-1.),(0.695114425809715,
-0.718899113249718,0.),(-0.306879031193946,0.951748527823114,0.),(0.,0.,
-1.),(-0.693393543397938,0.720559084304717,0.),(0.,0.,-1.),(0.612922393461336,
-0.790143113362147,0.),(0.,0.,-1.),(-0.871724102911153,0.489997028974407,
0.),(0.,1.,0.),(0.,0.,-1.),(0.879695062068354,-0.475538219045067,0.),(0.,
0.,-1.),(-0.877149304295957,0.480217760992987,0.),(0.879695062068354,-0.475538219045067,
0.),(0.,0.,-1.),(0.,0.,-1.),(0.69243193295847,-0.721483207163824,0.),(-0.189019227450671,
0.981973386428548,0.),(0.,0.,-1.),(-0.819869251108315,0.572550793455997,
0.),(-0.693393543397938,0.720559084304717,0.),(0.,0.,-1.),(0.,0.,-1.),(0.882347043424496,
-0.470599293412187,0.),(-0.624141299022302,0.781311486447469,0.),(0.695114425809715,
-0.718899113249718,0.),(0.,0.,-1.),(-0.306879031193946,0.951748527823114,
0.),(0.,0.,-1.),(0.459685950766006,-0.888081542803561,0.),(0.459685950766006,
-0.888081542803561,0.),(0.,0.,-1.),(0.,0.,-1.),(0.636685243697092,-0.771123790618844,
0.),(0.,0.,-1.),(-0.32331034870904,0.946292987619394,0.),(0.,0.,-1.),(0.337387586779006,
-0.941365824898821,0.),(0.,0.,-1.),(0.418840975456768,-0.908059600069524,
0.),(0.,0.,-1.),(0.,1.,0.),(0.877015435422651,-0.480462200417907,0.),(-0.871724102911153,
0.489997028974407,0.),(0.,0.,-1.),(0.,1.,0.),(0.,0.,-1.),(-0.707914772561943,
0.706297865484933,0.),(0.69243193295847,-0.721483207163824,0.),(0.,0.,-1.),
(-0.189019227450671,0.981973386428548,0.),(0.,0.,-1.),(0.247410980286342,
-0.967250357575976,0.0566970246388398),(0.,0.,-1.),(-0.2035173615685,0.979071337309083,
0.),(0.,0.,-1.),(-0.2035173615685,0.979071337309083,0.),(-0.877149304295957,
0.480217760992987,0.),(0.,0.,-1.),(0.,0.,-1.),(-0.819869251108315,0.572550793455997,
0.),(0.,0.,-1.),(0.,1.,0.),(0.369617190795271,-0.929184121834103,0.),(0.,
0.,-1.),(-0.350177205812446,0.936683470831736,0.),(0.,0.,-1.),(-0.361149962430326,
0.932507750443166,0.),(0.,0.,-1.),(-0.361634260889946,0.932320042340924,
0.),(0.,1.,0.),(0.337387586779006,-0.941365824898821,0.),(0.,0.,-1.),(0.,
1.,0.),(-0.361634260889946,0.932320042340924,0.),(0.,0.,-1.),(0.,0.,-1.),
(0.,1.,0.),(0.369617190795271,-0.929184121834103,0.),(-0.350177205812446,
0.936683470831736,0.),(0.,0.,-1.),(0.,0.,-1.),(-0.32331034870904,0.946292987619394,
0.),(-0.361149962430326,0.932507750443166,0.),(0.,0.,-1.),(0.,0.,-1.),(0.418840975456768,
-0.908059600069524,0.),(0.612922393461336,-0.790143113362147,0.),(0.,0.,
-1.),(0.,0.,-1.),(-0.756761145569907,0.653691493409331,0.),(0.,1.,0.),(0.,
0.,-1.),(0.349866589661545,-0.936799535353536,0.),(0.,0.,-1.),(0.310366363611277,
-0.950617020854725,0.),(0.,0.,-1.),(-0.245570291710351,0.969378786558326,
0.),(0.311409329281289,-0.950194765809819,0.0124151787825062),(0.,0.,-1.),
(0.,0.,-1.),(-0.323129950533805,0.946354603237085,0.),(0.,0.,-1.),(0.377218542361041,
-0.891789088212476,0.249836733576493),(0.,0.,-1.),(0.926243302757795,-0.376926178576564,
0.),(-0.668205776904363,0.743976504811567,0.),(0.,0.,-1.),(0.206943898653775,
-0.97835281100939,0.),(0.216648801617273,-0.976146650302247,0.0141779357277891),
(0.,0.,-1.),(0.,0.,-1.),(-0.245570291710351,0.969378786558326,0.),(0.877015435422651,
-0.480462200417907,0.),(0.,1.,0.),(0.,0.,-1.),(0.,1.,0.),(0.,0.,-1.),(0.362900978439496,
-0.931827709315223,0.),(0.,1.,0.),(0.,0.,-1.),(0.362900978439496,-0.931827709315223,
0.),(-0.756761145569907,0.653691493409331,0.),(0.,0.,-1.),(0.,1.,0.),(0.349866589661545,
-0.936799535353536,0.),(0.,0.,-1.),(0.,0.,-1.),(-0.372395739842436,0.92807403419512,
0.),(0.,1.,0.),(-0.372395739842436,0.92807403419512,0.),(0.,1.,0.),(0.,
0.,-1.),(0.,0.,-1.),(-0.323129950533805,0.946354603237085,0.),(0.,0.,-1.),
(-0.97222999042391,0.234027446510709,0.),(0.431096412107501,-0.902305870239155,
0.),(0.,0.,-1.),(1.,0.,0.),(0.195089550496126,0.980785433867785,0.),(0.,
0.,-1.),(0.,1.,0.),(1.,0.,0.),(0.426531156865659,-0.903992014957102,0.0294891355695678),
(-0.97222999042391,0.234027446510709,0.),(0.,0.,-1.),(0.,0.,-1.),(-0.707914772561943,
0.706297865484933,0.),(0.,0.,-1.),(-0.999883774476689,-0.01524590234295,
0.),(0.,0.,-1.),(0.283330523077218,0.959022322312046,0.),(-0.999928756075049,
-0.0119366148553509,0.),(-0.999827840744373,-0.0185550228359754,0.),(0.,
0.,-1.),(-0.911822036564886,-0.4105856471367,0.),(-0.999883774476689,-0.01524590234295,
0.),(0.,0.,-1.),(0.,0.,-1.),(-0.870112870750159,-0.49285250547696,0.),(0.,
0.,-1.),(0.551275610656327,-0.834323199423037,0.),(0.644514738797186,0.764591885565885,
0.),(0.,0.,-1.),(0.681641951525483,0.731685895668715,0.),(0.,0.,-1.),(-0.699147890189195,
-0.714977081901229,0.),(0.689989157129636,0.723439928597758,0.0234442477807528),
(0.,0.,-1.),(0.,0.,-1.),(-0.651273509257079,-0.75884307741454,0.),(0.402291449304482,
-0.915511654659021,0.),(0.,0.,-1.),(-0.14481778932181,0.989458340657121,
0.),(0.,0.,-1.),(-0.231490449683412,0.972837176358599,0.),(0.,0.,-1.),(0.533295036678812,
-0.845929313745389,0.),(0.551275610656327,-0.834323199423037,0.),(0.,0.,
-1.),(0.644514738797186,0.764591885565885,0.),(0.,0.,-1.),(0.743706161995131,
0.666387696919037,0.0531844150613178),(-0.651273509257079,-0.75884307741454,
0.),(0.,0.,-1.),(0.402291449304482,-0.915511654659021,0.),(0.,0.,-1.),(-0.744575133846881,
-0.622239179824949,-0.241715272888731),(-0.70003650513552,-0.714026790901034,
-0.0107066966529125),(0.,0.,-1.),(0.,0.,-1.),(0.405426638554781,-0.914127584503482,
0.),(0.,0.,-1.),(0.405426638554781,-0.914127584503482,0.),(0.,0.,-1.),(0.741293365576606,
0.610277237334485,0.279366855126905),(-0.794231504345374,-0.606747370448539,
-0.0324645338649391),(0.270532126640728,0.962710947509815,0.),(0.,0.,-1.),
(0.,0.,-1.),(0.288000514310213,0.957630254198901,0.),(0.691540672969171,
0.722337523343033,0.),(0.,0.,-1.),(0.305373585901944,0.952232625482549,
0.),(0.733504941153591,0.679684118766407,0.),(0.,0.,-1.),(0.,0.,-1.),(0.750407771236463,
0.660581485103394,0.022809612151863),(0.,0.,-1.),(0.759953571775418,0.649977360179402,
0.),(0.,0.,-1.),(-0.217726067499352,0.976009917742267,0.),(-0.273373854151869,
-0.961907862461968,0.),(0.,0.,-1.),(0.561116098717922,0.827737110295037,
0.),(0.,0.,-1.),(-0.241808484558161,-0.970323995784751,0.),(0.215164722160578,
-0.976577770757435,0.),(0.,0.,-1.),(0.351268386704753,0.936274810353157,
0.),(0.,0.,-1.),(0.18755484604926,-0.98225413194521,0.),(-0.283386679076459,
-0.959005729973506,0.),(0.,0.,-1.),(0.,0.,-1.),(-0.176834066923993,0.984240678276975,
0.),(-0.217726067499352,0.976009917742267,0.),(0.,0.,-1.),(-0.273373854151869,
-0.961907862461968,0.),(0.,0.,-1.),(-0.307408370521996,-0.951577686651495,
0.),(0.,0.,-1.),(-0.6773737339926,-0.735639058572152,0.),(-0.371577341487937,
-0.928402003063736,0.),(0.351268386704753,0.936274810353157,0.),(0.,0.,
-1.),(0.,0.,-1.),(0.283330523077218,0.959022322312046,0.),(-0.999928756075049,
-0.0119366148553509,0.),(0.18755484604926,-0.98225413194521,0.),(0.,0.,
-1.),(0.,0.,-1.),(-0.241808484558161,-0.970323995784751,0.),(0.215164722160578,
-0.976577770757435,0.),(0.,0.,-1.),(0.0987087985673988,-0.995116361580584,
0.),(0.,0.,-1.),(0.0987087985673988,-0.995116361580584,0.),(0.,0.,-1.),
(-0.0792414259867492,0.996855454119396,0.),(-0.176834066923993,0.984240678276975,
0.),(0.,0.,-1.),(0.,0.,-1.),(-0.0657144764113784,-0.997838467684013,0.),
(0.,0.,-1.),(-0.0657144764113784,-0.997838467684013,0.),(0.,0.,-1.),(0.0742943740505747,
0.99723635412295,0.),(-0.0792414259867492,0.996855454119396,0.),(0.,0.,
-1.),(0.,0.,-1.),(-0.307408370521996,-0.951577686651495,0.),(-0.6773737339926,
-0.735639058572152,0.),(0.,0.,-1.),(-0.371577341487937,-0.928402003063736,
0.),(0.,0.,-1.),(-0.228906152522648,0.973445449186264,-0.00243532253113015),
(-0.172324543496157,0.985028382698201,-0.00483083717461433),(0.,0.,-1.),
(-0.6773737339926,-0.735639058572152,0.),(0.561116098717922,0.827737110295037,
0.),(0.,0.,-1.),(0.,0.,-1.),(0.369751476333399,-0.8900328584836,0.266693375562244),
(-0.967312801813836,0.253586165724919,0.),(0.,0.,-1.),(0.411186689212726,
-0.911448796228631,0.0136601049650831),(0.,0.,-1.),(-0.248449573215911,
0.968636993776924,-0.00389664671668736),(-0.961772687818146,0.273849040471315,
0.),(0.,0.,-1.),(0.,0.,-1.),(-0.317305517201097,0.948323367187451,0.),(-0.378187835656009,
0.92572888091591,0.),(0.,0.,-1.),(-0.95580816569834,0.293991071946708,0.),
(0.,0.,-1.),(0.2337164463166,-0.972304799289369,0.),(0.,0.,-1.),(0.166598901655318,
-0.98602474916568,0.),(0.77922794508135,-0.626740623866282,0.),(0.,0.,-1.),
(-0.153952355542665,0.988078272315946,0.),(0.166598901655318,-0.98602474916568,
0.),(0.,0.,-1.),(0.77922794508135,-0.626740623866282,0.),(0.242843383338218,
-0.969583664309385,0.0305713766983584),(0.,0.,-1.),(0.,0.,-1.),(-0.0771621318604993,
0.997018558205785,0.),(0.,0.,-1.),(0.775309402515872,-0.631581610221895,
0.),(-0.0496496542037573,0.998766695398604,0.),(0.,0.,-1.),(0.99318164612327,
-0.116577089532512,0.),(-0.75654985849474,0.653936014921635,0.),(0.,0.,
-1.),(-0.765994746736601,0.642846830879589,0.),(-0.981560136413818,0.191153599503874,
0.),(0.,0.,-1.),(-0.76991206590514,0.638149990812254,0.),(0.,0.,-1.),(-1.,
0.,0.),(-0.773800585976928,0.633429280300306,0.),(0.,0.,-1.),(0.787896069885616,
-0.615808235621122,0.),(0.,0.,-1.),(0.787896069885616,-0.615808235621122,
0.),(-0.153962475229001,0.988076682774303,-0.000158679202934024),(0.,0.,
-1.),(0.,0.,-1.),(-0.0771621318604993,0.997018558205785,0.),(-0.766701993661651,
0.642003156468292,0.),(0.,0.,-1.),(0.,0.,-1.),(0.975405574492622,-0.184161238696277,
-0.121114009968172),(0.988677056445036,-0.142188677802828,-0.0479589195443614),
(0.,0.,-1.),(-0.75654985849474,0.653936014921635,0.),(0.775309402515872,
-0.631581610221895,0.),(0.,0.,-1.),(-0.0496496542037573,0.998766695398604,
0.),(0.,0.,-1.),(-0.941282082898362,0.337621149240567,0.),(-0.941282082898362,
0.337621149240567,0.),(0.,0.,-1.),(0.,0.,-1.),(-0.76991206590514,0.638149990812254,
0.),(-0.981560136413818,0.191153599503874,0.),(-0.765994746736601,0.642846830879589,
0.),(0.,0.,-1.),(0.,0.,-1.),(0.954273555313862,-0.29893474476655,0.),(0.954447649247816,
-0.29832706146998,-0.00553617557562802),(0.,0.,-1.),(0.,0.,-1.),(0.8941283228962,
-0.447810833047647,0.),(0.,0.,-1.),(-0.879283884399436,0.476298069107402,
0.),(0.448477481065977,-0.893794131205121,0.),(-0.879283884399436,0.476298069107402,
0.),(0.448477481065977,-0.893794131205121,0.),(0.,0.,-1.),(0.,0.,-1.),(0.796410827961956,
-0.604755978147345,0.),(0.0108825876413586,0.999940782889781,0.),(0.,0.,
-1.),(-0.0177978343053419,-0.99984160600269,0.),(-1.,0.,0.),(-0.0177978343053419,
-0.99984160600269,0.),(-1.,0.,0.),(0.,0.,-1.),(-1.,0.,0.),(0.,0.,-1.),(-0.773800585976928,
0.633429280300306,0.),(0.,0.,-1.),(-0.0315676727959934,0.999501616824228,
0.),(0.,0.,-1.),(0.0154294436863005,-0.999880959048391,0.),(0.0108825876413586,
0.999940782889781,0.),(0.796410827961956,-0.604755978147345,0.),(0.,0.,
-1.),(0.,0.,-1.),(0.108853883822303,-0.994057760885554,0.),(0.,0.,-1.),
(-0.120986524490463,0.992654149687452,0.),(-0.121787200722657,0.992525871074048,
-0.00776356804839069),(0.,0.,-1.),(0.,0.,-1.),(-0.0315676727959934,0.999501616824228,
0.),(0.0154294436863005,-0.999880959048391,0.),(0.,0.,-1.),(0.,0.,-1.),
(0.231821474655338,-0.972758348146457,0.),(0.108853883822303,-0.994057760885554,
0.),(0.,0.,-1.),(0.,0.,-1.),(-0.19259625033958,0.960456477498798,-0.201072223804617),
(0.,0.,-1.),(0.,0.,-1.),(0.347212551847528,-0.896338258690373,0.275719367922236),
(0.237183163896331,-0.971173310039885,0.023802282039768),(0.,0.,-1.),(0.,
0.,-1.),(-0.311935410912271,0.949888266838092,-0.020213360490488),(0.,0.,
-1.),(0.846242138285124,-0.532798501678281,0.),(0.,0.,-1.),(0.889001075855645,
-0.457905107121012,0.),(0.99971579693782,-0.0238395753523166,0.),(0.,0.,
-1.),(-0.868808949414543,0.495147462295019,0.),(-0.873939969039394,0.486033877950317,
0.),(0.,0.,-1.),(0.393316174665268,-0.919179833039362,0.020268726659821),
(0.889001075855645,-0.457905107121012,0.),(0.,0.,-1.),(0.99971579693782,
-0.0238395753523166,0.),(0.846242138285124,-0.532798501678281,0.),(0.,0.,
-1.),(0.,0.,-1.),(0.998238433685289,0.0593298366215586,0.),(-0.999997721599284,
-0.00213466536968436,0.),(0.,0.,-1.),(0.797189404040345,-0.603729288742727,
0.),(0.,0.,-1.),(-0.869239987422382,0.494390376388878,0.),(0.,0.,-1.),(-0.807745416852844,
0.589531459341421,0.),(0.,0.,-1.),(-0.961968065899621,-0.273161930344151,
0.),(0.808144878968416,-0.588983747311523,0.),(0.,0.,-1.),(0.85562558400814,
-0.517595266584548,0.),(0.,0.,-1.),(-0.978427771106764,-0.206589197992176,
0.),(0.813689612447891,-0.581299591083978,0.),(0.,0.,-1.),(0.982202452572922,
0.187825296911082,0.),(0.998238433685289,0.0593298366215586,0.),(0.,0.,
-1.),(0.,0.,-1.),(-0.868808949414543,0.495147462295019,0.),(-0.869239987422382,
0.494390376388878,0.),(0.,0.,-1.),(0.,0.,-1.),(-0.646354181708682,-0.763037529737365,
0.),(0.,0.,-1.),(0.730617228088625,0.682787277283412,0.),(0.,0.,-1.),(0.618767602113919,
0.785574092351696,0.),(0.,0.,-1.),(-0.772403456993291,-0.635132190669637,
0.),(0.,0.,-1.),(-0.54145459513702,-0.840729993163683,0.),(-0.769516325116046,
-0.638627141123752,0.),(0.,0.,-1.),(-0.798148569626099,-0.472317388286528,
0.373998857653343),(-0.646354181708682,-0.763037529737365,0.),(0.,0.,-1.),
(0.,0.,-1.),(0.618767602113919,0.785574092351696,0.),(0.,0.,-1.),(0.852240880614174,
0.523149578428557,0.),(0.730617228088625,0.682787277283412,0.),(0.,0.,-1.),
(0.,0.,-1.),(0.563587834537315,0.826056143831362,0.),(-0.95555952755712,
-0.294798217930186,0.),(0.563587834537315,0.826056143831362,0.),(-0.95555952755712,
-0.294798217930186,0.),(0.,0.,-1.),(0.,0.,-1.),(-0.830336484883174,-0.557262345643284,
0.),(-0.798148569626099,-0.472317388286528,0.373998857653343),(-0.896691870086707,
-0.44265527232871,0.),(0.,0.,-1.),(-0.914454599163847,-0.404688504986352,
0.),(0.852240880614174,0.523149578428557,0.),(0.,0.,-1.),(-0.915517140667528,
-0.402278964331909,0.),(-0.798148569626099,-0.472317388286528,0.373998857653343),
(0.,0.,-1.),(0.,0.,-1.),(-0.9124795532163,-0.409122310516283,0.),(0.,0.,
-1.),(-0.9124795532163,-0.409122310516283,0.),(0.93693827387485,0.349494879717024,
0.),(0.,0.,-1.),(0.,0.,-1.),(-0.892352556380475,-0.451339024593742,0.),
(0.991096730600434,0.133143796675368,0.),(0.974761475512814,0.223248887692823,
0.),(0.,0.,-1.),(0.,0.,-1.),(-0.960955915540963,0.276701514970247,0.),(-0.407347590580355,
-0.913273201429003,0.),(0.,0.,-1.),(-0.408113976818566,-0.912930984207095,
0.),(0.,0.,-1.),(0.410522815424733,0.911850326542547,0.),(-0.407347590580355,
-0.913273201429003,0.),(-0.960955915540963,0.276701514970247,0.),(0.,0.,
-1.),(0.,0.,-1.),(0.384193370834048,0.923252648957571,0.),(-0.603894307333967,
-0.797064404906924,0.),(0.,0.,-1.),(0.370205055247133,0.928950061666109,
0.),(-0.960955915540963,0.276701514970247,0.),(0.741153846621624,0.671335218529439,
0.),(0.,0.,-1.),(0.,0.,-1.),(0.504461783572885,0.863434021170387,0.),(0.,
0.,-1.),(-0.34885136509474,-0.937178064762261,0.),(-0.34885136509474,-0.937178064762261,
0.),(0.,0.,-1.),(0.,0.,-1.),(-0.408113976818566,-0.912930984207095,0.),
(0.410522815424733,0.911850326542547,0.),(0.,0.,-1.),(0.,0.,-1.),(0.384193370834048,
0.923252648957571,0.),(-0.603789376740886,-0.797143082853458,-0.00113753845504944),
(0.,0.,-1.),(-0.230828853934914,-0.972994368016123,0.),(0.,0.,-1.),(0.436593133714409,
0.899659066309806,0.),(-0.532612824046474,-0.846359013457788,0.),(0.,0.,
-1.),(0.547227964641188,0.836983604806369,0.),(0.504461783572885,0.863434021170387,
0.),(0.,0.,-1.),(0.,0.,-1.),(0.408557066044142,-0.912732777862942,0.),(0.63178930336395,
0.775140165489375,0.),(0.,0.,-1.),(-0.638354478378399,-0.769742528339341,
0.),(0.,0.,-1.),(-0.589519563853457,-0.807754098617908,0.),(0.,0.,-1.),
(-0.567142274872358,-0.823619839521006,0.),(0.218007810900696,-0.975947024374933,
0.),(0.676675056792289,0.736281785402269,0.),(0.,0.,-1.),(0.,0.,-1.),(0.,
0.,-1.),(0.408557066044142,-0.912732777862942,0.),(0.63178930336395,0.775140165489375,
0.),(-0.589519563853457,-0.807754098617908,0.),(0.,0.,-1.),(0.,0.,-1.),
(-0.695154364049782,-0.718860494214659,0.),(-0.638354478378399,-0.769742528339341,
0.),(0.,0.,-1.),(0.,0.,-1.),(-0.567142274872358,-0.823619839521006,0.),
(0.218007810900696,-0.975947024374933,0.),(-0.695576526623886,-0.718440814795416,
-0.00401138952852173),(0.,0.,-1.),(0.,0.,-1.),(0.318792375374265,0.947824573116373,
0.),(-0.668411694498837,-0.74379150751887,0.),(0.,0.,-1.),(0.526007938444427,
0.850479658012726,0.),(0.,0.,-1.),(0.526007938444427,0.850479658012726,
0.),(0.370205055247133,0.928950061666109,0.),(0.,0.,-1.),(0.,0.,-1.),(0.233105011455341,
-0.972451568786027,0.),(0.,0.,-1.),(0.248146233316023,-0.968722585104255,
0.),(0.566240583616484,0.824240014477375,0.),(0.,0.,-1.),(-0.603531521043687,
-0.796923976838059,-0.0257269945253276),(0.,0.,-1.),(-0.562750999651816,
-0.826626464850286,0.),(0.,0.,-1.),(0.,0.,-1.),(0.201005255827188,0.979590162838443,
0.),(-0.175342052621313,0.984507574669969,0.),(0.,0.,-1.),(0.0255889983631261,
-0.99967254796897,0.),(0.,0.,-1.),(-0.162132712021687,0.986768961658448,
0.),(0.,0.,-1.),(-0.148894252297779,0.988853124398505,0.),(-0.115976622081777,
-0.993251943431525,0.),(0.,0.,-1.),(-0.00279637026146472,0.999996090149037,
0.),(0.,0.,-1.),(0.0565110176182715,-0.998401975602887,0.),(0.,0.,-1.),
(0.0109378927567469,-0.999940179461772,0.),(0.545291092883629,0.83824675604608,
0.),(0.,0.,-1.),(-0.443809537237879,-0.896121138382919,0.),(0.101966640489517,
-0.994787818696671,0.),(0.,0.,-1.),(-0.53168162160728,-0.846944303508237,
0.),(-0.108270209388601,-0.994121502513123,0.),(0.,0.,-1.),(-0.493448435130523,
-0.869775052451631,0.),(0.233105011455341,-0.972451568786027,0.),(0.,0.,
-1.),(0.,0.,-1.),(0.613429280678873,0.789749655021007,0.),(0.,0.,-1.),(0.57989784871503,
0.814689195371879,0.),(0.,0.,-1.),(-0.641151865972643,-0.767414024343964,
0.),(-0.641029593495693,-0.767515000885852,-0.00133554406051444),(0.,0.,
-1.),(0.,0.,-1.),(0.613429280678873,0.789749655021007,0.),(0.,0.,-1.),(0.585312803626148,
0.810807573910912,0.),(0.,0.,-1.),(-0.586574807734755,-0.809847948577599,
-0.00873470752745757),(0.248146233316023,-0.968722585104255,0.),(0.,0.,
-1.),(0.566240583616484,0.824240014477375,0.),(0.57989784871503,0.814689195371879,
0.),(0.,0.,-1.),(0.,0.,-1.),(0.130466576440106,0.99145270811673,0.),(0.741153846621624,
0.671335218529439,0.),(-0.569073350752058,-0.822243997736573,-0.0083862774819793),
(0.,0.,-1.),(0.,0.,-1.),(-0.547177306621742,-0.837016723320494,0.),(0.585312803626148,
0.810807573910912,0.),(0.,0.,-1.),(0.,0.,-1.),(-0.205084544660411,-0.978744261562453,
0.),(0.,0.,-1.),(-0.205084544660411,-0.978744261562453,0.),(-0.230828853934914,
-0.972994368016123,0.),(0.,0.,-1.),(0.,0.,-1.),(-0.563627443482162,-0.82600532275902,
-0.00626990650084247),(0.,0.,-1.),(0.547978971481538,-0.836492108040497,
0.),(0.845896932237544,-0.533346397785821,0.),(0.,0.,-1.),(0.909713283799007,
-0.415236970029918,0.),(0.,0.,-1.),(-0.797865865077173,0.602835020005186,
0.),(0.909713283799007,-0.415236970029918,0.),(0.,0.,-1.),(0.,0.,-1.),(-0.904097192705393,
0.427326884413124,0.),(0.,0.,-1.),(-0.944961351069786,0.327181975335386,
0.),(0.,0.,-1.),(0.484233100123465,-0.8749390291585,0.),(0.547978971481538,
-0.836492108040497,0.),(0.,0.,-1.),(0.845896932237544,-0.533346397785821,
0.),(0.,0.,-1.),(-0.622369590865242,0.782723509526979,0.),(0.,0.,-1.),(0.957134451741295,
-0.289643990598613,0.),(-0.479188541116622,0.8777119926619,0.),(0.957134451741295,
-0.289643990598613,0.),(-0.479188541116622,0.8777119926619,0.),(0.,0.,-1.),
(0.,0.,-1.),(-0.797865865077173,0.602835020005186,0.),(-0.904097192705393,
0.427326884413124,0.),(0.,0.,-1.),(0.,0.,-1.),(-0.438542293154139,0.89871055246676,
0.),(-0.622369590865242,0.782723509526979,0.),(0.,0.,-1.),(0.,0.,-1.),(-0.946448469140597,
0.322854913639888,0.),(0.301897515724422,-0.953340385171751,0.),(-0.944961351069786,
0.327181975335386,0.),(0.,0.,-1.),(0.,0.,-1.),(-0.258026148451256,0.96613793358682,
0.),(-0.962456791208905,0.271434937058326,0.),(0.,0.,-1.),(0.916104162314097,
-0.4009403494172,0.),(-0.418694011269678,0.908127372633876,0.),(0.,0.,-1.),
(0.387502316866828,-0.921868729496147,0.),(0.484233100123465,-0.8749390291585,
0.),(0.,0.,-1.),(0.,0.,-1.),(-0.324158082436844,0.91425755243763,-0.243011656925388),
(0.,0.,-1.),(0.,0.,-1.),(-0.447450318108333,0.894308790533087,0.),(-0.447450318108333,
0.894308790533087,0.),(0.,0.,-1.),(0.,0.,-1.),(-0.436593548292803,0.899552433368228,
-0.0138381071826885),(0.,0.,-1.),(-0.713162251256908,0.700999003838221,
0.),(0.342890827991044,-0.939375260521383,0.),(0.,0.,-1.),(0.266531217367224,
-0.963826286303059,0.),(0.,0.,-1.),(0.220859840378859,-0.975305557714004,
0.),(0.220859840378859,-0.975305557714004,0.),(0.,0.,-1.),(0.,0.,-1.),(-0.946448469140597,
0.322854913639888,0.),(0.301897515724422,-0.953340385171751,0.),(0.,0.,
-1.),(-0.137633440066502,0.990483233667012,0.),(0.,0.,-1.),(-0.137633440066502,
0.990483233667012,0.),(0.,0.,-1.),(0.967218584516316,-0.253945288923133,
0.),(-0.355435865764634,0.934700671513691,0.),(0.,0.,-1.),(-0.963353892593695,
0.268233625081898,0.),(0.,0.,-1.),(0.357022587146344,-0.93409575112369,
0.),(0.953507158132185,-0.301370369131879,0.),(-0.963353892593695,0.268233625081898,
0.),(0.,0.,-1.),(0.,0.,-1.),(0.907035488432889,-0.421054180270556,0.),(0.,
0.,-1.),(0.915417139266824,-0.402506473409489,0.),(-0.380691547273496,0.924702084908708,
0.),(0.,0.,-1.),(0.899722912136862,-0.436461546274085,0.),(0.,0.,-1.),(0.890475996595084,
-0.455030218214123,0.),(0.,0.,-1.),(0.371024728107839,-0.928622986541096,
0.),(0.897934959161009,-0.44012817350917,0.),(0.,0.,-1.),(0.953282328251153,
-0.302080788273702,0.),(-0.368688606156349,0.929552963359532,0.),(0.,0.,
-1.),(0.953394809362495,-0.301725599644201,0.),(-0.962456791208905,0.271434937058326,
0.),(-0.258026148451256,0.96613793358682,0.),(0.,0.,-1.),(0.,0.,-1.),(0.0766721186922316,
-0.997056360601167,0.),(0.,0.,-1.),(0.0766721186922316,-0.997056360601167,
0.),(-0.0331076070002574,-0.999451792913854,0.),(0.,0.,-1.),(-0.015164242501526,
0.999885016264048,0.),(0.745788306988638,-0.66618300875887,0.),(0.,0.,-1.),
(0.,0.,-1.),(0.404874173261722,-0.914372409812128,0.),(0.,0.,-1.),(0.448644457894377,
-0.89371032801499,0.),(0.,0.,-1.),(0.486776086291463,-0.873526783684831,
0.),(0.,0.,-1.),(-0.961513844810028,-0.273008296555882,-0.0309450521132734),
(0.,0.,-1.),(0.999344962985386,-0.0361890170595578,0.),(0.,0.,-1.),(0.992363831661957,
0.123345148300204,0.),(0.88771896046532,0.460385759152444,0.),(0.,0.,-1.),
(0.943732129378191,-0.330710852527256,0.),(0.,0.,-1.),(-0.896177929718178,
-0.443694848162608,0.),(0.982021471055216,-0.188769251697805,0.),(0.,0.,
-1.),(0.671052626140765,-0.741409720026372,0.),(0.887889330520025,-0.460057101617508,
0.),(0.,0.,-1.),(-0.892578014092075,-0.450892990364063,0.),(0.671052626140765,
-0.741409720026372,0.),(0.,0.,-1.),(-0.906210932392998,-0.422825905085548,
0.),(0.669935064534434,-0.742419698894933,0.),(0.,0.,-1.),(-0.0954147286534044,
-0.995437607063344,0.),(0.398935432831298,0.916979018534069,0.),(0.,0.,
-1.),(0.199291970516995,0.979940156584805,0.),(0.,0.,-1.),(-0.983548870475487,
-0.180642241423191,0.),(0.,0.,-1.),(0.999273415592335,0.0381135263446958,
0.),(0.873650544237589,0.486553929748146,0.),(0.,0.,-1.),(0.887280562827428,
0.461230097487841,0.),(0.,0.,-1.),(0.904903918413311,-0.425615904825273,
0.),(0.999273415592335,0.0381135263446958,0.),(0.,0.,-1.),(0.669935064534434,
-0.742419698894933,0.),(0.904903918413311,-0.425615904825273,0.),(-0.977866970929632,
-0.208491914429337,-0.0175302248273135),(0.,0.,-1.),(0.,0.,-1.),(-0.0615192293703648,
-0.998105898398399,0.),(0.7975939639047,0.603194718762348,0.),(0.,0.,-1.),
(-0.94890600536776,-0.315558858181798,0.),(0.990097867907335,-0.140378815942253,
0.),(0.,0.,-1.),(0.70789115741115,0.706321533905843,0.),(-0.949974296670855,
-0.312137846887378,-0.0108995506892212),(0.,0.,-1.),(0.984624078849124,
-0.161011885668494,0.0677539373320054),(0.,0.,-1.),(0.458419513420515,0.888735927998468,
0.),(0.992363831661957,0.123345148300204,0.),(0.,0.,-1.),(0.887594905550681,
0.460623578936864,-0.00109643416195397),(0.999344962985386,-0.0361890170595578,
0.),(0.,0.,-1.),(0.,0.,-1.),(0.884546446094941,0.466434271937294,-0.00408101251363022),
(0.887889330520025,-0.460057101617508,0.),(0.671052626140765,-0.741409720026372,
0.),(0.,0.,-1.),(0.,0.,-1.),(0.943732129378191,-0.330710852527256,0.),(0.,
0.,-1.),(-0.520058037951328,-0.85413092507075,0.),(0.,0.,-1.),(-0.521593957843625,
-0.853193848513351,0.),(0.911713238399037,0.410827178906094,0.),(0.,0.,
-1.),(-0.947447199938148,-0.319912180651758,0.),(-0.518520434546711,-0.855065236667642,
0.),(0.,0.,-1.),(-0.537567096063833,-0.843220977697719,0.),(0.963718292052427,
0.266921437062581,0.),(0.,0.,-1.),(-0.569854615101139,-0.821745530957079,
0.),(0.,0.,-1.),(-0.959362751357087,-0.282175674551438,0.),(-0.601285255892593,
-0.799034442966121,0.),(0.316732246142453,0.948514988945118,0.),(0.,0.,
-1.),(0.,0.,-1.),(-0.0140250370815066,0.999901644330512,0.),(0.,0.,-1.),
(-0.0581861006529756,-0.985755182567849,0.157800816637395),(-0.0923458927576116,
-0.995541461891712,0.0192206593360524),(0.,0.,-1.),(0.398935432831298,0.916979018534069,
0.),(-0.521593957843625,-0.853193848513351,0.),(0.,0.,-1.),(0.911713238399037,
0.410827178906094,0.),(-0.520058037951328,-0.85413092507075,0.),(0.,0.,
-1.),(0.,0.,-1.),(-0.91140760263036,-0.411504777454138,0.),(0.,0.,-1.),
(0.905651895979288,0.424021984464393,0.),(0.905651895979288,0.424021984464393,
0.),(0.,0.,-1.),(0.,0.,-1.),(-0.880064900615304,-0.470477493983613,0.0643171700238355),
(0.,0.,-1.),(0.875221663956265,0.483722067867104,0.),(0.877726132008905,
0.479155859376374,-0.00254943404995938),(0.,0.,-1.),(0.,0.,-1.),(-0.891605641820349,
-0.452309768115849,0.0213366619017535),(0.982021471055216,-0.188769251697805,
0.),(0.,0.,-1.),(0.859831889164453,0.510577244279343,0.),(0.,0.,-1.),(-0.851966204458491,
-0.523596778504788,0.),(-0.852157470992292,-0.523276587548777,0.00304262309977696),
(0.,0.,-1.),(0.,0.,-1.),(-0.919374518013372,0.393383395210932,0.),(0.,0.,
-1.),(0.994157422628571,-0.107939886198365,0.),(0.,0.,-1.),(-0.939222671902313,
0.343308567595799,0.),(0.99510668317261,-0.0987653011429736,-0.00284682197288289),
(0.,0.,-1.),(0.,0.,-1.),(-0.998042000929528,-0.0625472971485059,0.),(0.,
0.,-1.),(-0.986924633511595,0.161182405268083,0.),(0.873650544237589,0.486553929748146,
0.),(0.999273415592335,0.0381135263446958,0.),(0.,0.,-1.),(0.999273415592335,
0.0381135263446958,0.),(0.,0.,-1.),(0.904903918413311,-0.425615904825273,
0.),(0.,0.,-1.),(0.892908743354342,0.450237688384003,0.),(0.892388832999185,
0.451252602551588,-0.00364134985572139),(0.,0.,-1.),(0.,0.,-1.),(0.887280562827428,
0.461230097487841,0.),(0.,0.,-1.),(-0.957732932738103,-0.287658877055571,
0.),(-0.947447199938148,-0.319912180651758,0.),(0.,0.,-1.),(-0.518520434546711,
-0.855065236667642,0.),(-0.537567096063833,-0.843220977697719,0.),(0.,0.,
-1.),(0.963718292052427,0.266921437062581,0.),(-0.569854615101139,-0.821745530957079,
0.),(0.,0.,-1.),(0.,0.,-1.),(0.970527663569035,0.24098973888369,0.),(0.,
0.,-1.),(0.897453500372774,0.441109073437234,0.),(-0.966921034743709,-0.255075895705877,
0.),(0.,0.,-1.),(-0.880990091394573,-0.473134715344988,0.),(-0.892578014092075,
-0.450892990364063,0.),(0.,0.,-1.),(0.671052626140765,-0.741409720026372,
0.),(0.,0.,-1.),(-0.964052016996149,-0.22979924566629,-0.133401706199209),
(0.,0.,-1.),(0.973251310251446,0.197991986630345,0.116537806414972),(-0.504598278526302,
-0.863354259448746,0.),(0.,0.,-1.),(0.968229172739418,0.243324769783806,
0.0576656350524299),(-0.961877717534492,-0.271433342688952,-0.0333945652365486),
(0.,0.,-1.),(-0.601285255892593,-0.799034442966121,0.),(0.669935064534434,
-0.742419698894933,0.),(0.,0.,-1.),(0.904903918413311,-0.425615904825273,
0.),(-0.906210932392998,-0.422825905085548,0.),(0.,0.,-1.),(0.669935064534434,
-0.742419698894933,0.),(0.,0.,-1.),(-0.992977294900999,-0.118305079396847,
0.),(-0.992501737028161,-0.121538121864115,-0.0129918024087271),(0.,0.,
-1.),(0.,0.,-1.),(-0.553412383097416,-0.832907398354967,0.),(0.,0.,-1.),
(-0.849138588678525,0.463392342521999,-0.253438738374814),(-0.914866750447983,
0.40257488362323,-0.0308592287734253),(0.,0.,-1.),(0.,0.,-1.),(-0.939222671902313,
0.343308567595799,0.),(0.,0.,-1.),(0.999926679990019,-0.0117943359506742,
-0.00274377178712026),(0.,0.,-1.),(0.996062547391941,0.0886532666238316,
0.),(0.995959457834724,0.0895569959759375,0.00665603645786174),(0.,0.,-1.),
(0.,0.,-1.),(0.878630787249941,0.476662792166793,-0.0282935020862634),(0.,
0.,-1.),(-0.866182268023704,-0.499711815439519,0.00404723009626793),(0.,
0.,-1.),(0.870414401239572,0.492319784403143,0.),(-0.933128864677136,-0.359542100325344,
0.),(0.873262614077826,0.487115065165596,-0.0114595001059931),(0.,0.,-1.),
(-0.933128864677136,-0.359542100325344,0.),(-0.880065768568308,-0.47484877629675,
0.00169783501933213),(0.,0.,-1.),(0.,0.,-1.),(-0.860947283987432,-0.508694185336008,
0.),(-0.861012378601671,-0.5085837536643,0.000499403067313743),(0.,0.,-1.),
(0.,0.,-1.),(-0.981759224048207,-0.186282510723172,-0.0380480248493171),
(-0.600394787781327,-0.799703756903152,0.),(0.,0.,-1.),(-0.850657541385857,
-0.525720217685575,0.),(0.976043671256412,-0.21757470395316,0.),(0.,0.,
-1.),(0.986411366846007,-0.164294294961794,0.),(0.813271063005101,0.581885021356069,
0.),(0.,0.,-1.),(-0.943175476008192,0.332295081902699,0.),(0.799630401660022,
-0.600492481835561,0.),(0.,0.,-1.),(0.834490993043914,-0.551021580819283,
0.),(0.,0.,-1.),(0.981589091544401,-0.191004856904313,0.),(0.,0.,-1.),(-0.804233847109002,
0.594312980814195,0.),(-0.804612897081554,0.593743818618638,-0.00814639197353291),
(0.,0.,-1.),(0.,0.,-1.),(0.981690624114813,0.190355531487685,0.00694911196555861),
(0.974356964636571,0.224943691824157,0.00537037919761841),(0.,0.,-1.),(0.,
0.,-1.),(-0.915804997995359,-0.401623213530692,0.),(0.,0.,-1.),(0.90244154435182,
0.43081232460075,0.),(0.897453500372774,0.441109073437234,0.),(0.,0.,-1.),
(-0.966921034743709,-0.255075895705877,0.),(-0.957732932738103,-0.287658877055571,
0.),(0.,0.,-1.),(0.,0.,-1.),(-0.917967499134057,-0.396655104552725,-0.000631320703437372),
(-0.998248484980754,-0.059102755306962,-0.00261276649451262),(0.,0.,-1.),
(0.,0.,-1.),(0.903393972665564,0.428811532204453,0.),(-0.91140760263036,
-0.411504777454138,0.),(0.,0.,-1.),(0.,0.,-1.),(0.90244154435182,0.43081232460075,
0.),(0.903393972665564,0.428811532204453,0.),(0.,0.,-1.),(0.,0.,-1.),(-0.998042000929528,
-0.0625472971485059,0.),(-0.986924633511595,0.161182405268083,0.),(0.,0.,
-1.),(0.,0.,-1.),(-0.915882316616658,-0.401446742223382,-0.000308653750555403),
(0.,0.,-1.),(-0.927138458581991,-0.374718932825939,0.),(-0.924809505722245,
-0.380429680112462,-0.000797881763026425),(0.,0.,-1.),(0.,0.,-1.),(0.988722839082113,
0.149756961365426,0.),(0.988678655638744,0.150044331519446,0.00110202688216916),
(0.,0.,-1.),(0.,0.,-1.),(0.999998783013559,0.00156011903413455,0.),(0.83716519839243,
0.546950117104442,0.),(0.999995821042974,-0.000542464749369008,-0.00283965289866371),
(0.,0.,-1.),(0.83716519839243,0.546950117104442,0.),(0.,0.,-1.),(0.828188078258941,
0.560450271683191,0.),(0.,0.,-1.),(-0.810897353458763,-0.585188415942741,
0.),(0.790346736751369,-0.612659804219651,0.),(-0.810897353458763,-0.585188415942741,
0.),(0.790346736751369,-0.612659804219651,0.),(0.,0.,-1.),(0.,0.,-1.),(-0.757845396629218,
-0.652434176609337,0.),(0.,0.,-1.),(0.924297595103395,0.381672576544452,
0.),(0.,0.,-1.),(0.854027464485582,-0.520227921111821,0.),(0.,0.,-1.),(-0.917684940897518,
0.397308883930272,0.),(0.854027464485582,-0.520227921111821,0.),(0.,0.,
-1.),(0.,0.,-1.),(-0.943408364235692,0.331633319028917,0.),(0.,0.,-1.),
(0.970529038942201,-0.240984199834611,0.),(0.970550405467359,0.240898132925819,
0.),(0.828188078258941,0.560450271683191,0.),(0.,0.,-1.),(0.,0.,-1.),(-0.787777054620933,
-0.615960479424426,0.),(0.963837731520336,-0.266489825880338,0.),(0.,0.,
-1.),(0.790969286525929,0.611855855388066,0.),(-0.787777054620933,-0.615960479424426,
0.),(0.,0.,-1.),(0.963837731520336,-0.266489825880338,0.),(0.,0.,-1.),(0.843248831989426,
0.537523401675192,0.),(0.,0.,-1.),(0.90694839576074,-0.421241744639606,
0.),(0.857579783697158,0.514350964414315,0.),(0.843248831989426,0.537523401675192,
0.),(0.,0.,-1.),(0.,0.,-1.),(0.790969286525929,0.611855855388066,0.),(0.90694839576074,
-0.421241744639606,0.),(0.,0.,-1.),(0.857579783697158,0.514350964414315,
0.),(-0.943408364235692,0.331633319028917,0.),(0.,0.,-1.),(0.,0.,-1.),(-0.84305612829144,
0.537825589341235,0.),(-0.917684940897518,0.397308883930272,0.),(0.,0.,
-1.),(0.,0.,-1.),(0.924297595103395,0.381672576544452,0.),(0.,0.,-1.),(0.906465288838761,
-0.422280333582398,0.),(0.,0.,-1.),(0.875377793001597,-0.483439468309791,
0.),(0.,0.,-1.),(-0.814924784517975,-0.579566730910541,0.),(0.911489271225225,
-0.411323848617252,0.),(0.,0.,-1.),(0.920177378893845,-0.391501713115095,
0.),(0.799630401660022,-0.600492481835561,0.),(-0.943175476008192,0.332295081902699,
0.),(0.,0.,-1.),(0.,0.,-1.),(0.875377793001597,-0.483439468309791,0.),(0.911489271225225,
-0.411323848617252,0.),(-0.814924784517975,-0.579566730910541,0.),(0.,0.,
-1.),(0.,0.,-1.),(0.906465288838761,-0.422280333582398,0.),(0.920177378893845,
-0.391501713115095,0.),(0.,0.,-1.),(0.,0.,-1.),(0.773293706716332,0.634047981743429,
0.),(0.813271063005101,0.581885021356069,0.),(0.986411366846007,-0.164294294961794,
0.),(0.,0.,-1.),(0.,0.,-1.),(0.8305633325932,0.556924187436384,0.),(0.,
0.,-1.),(0.811198822190989,0.584770442888449,0.),(-0.951883575407158,-0.306459881338628,
0.),(0.,0.,-1.),(-0.822332858718422,-0.569006739390658,0.),(0.8305633325932,
0.556924187436384,0.),(0.,0.,-1.),(0.,0.,-1.),(-0.941996857796616,-0.335621691642989,
0.),(-0.951883575407158,-0.306459881338628,0.),(0.811198822190989,0.584770442888449,
0.),(0.,0.,-1.),(0.,0.,-1.),(0.859831889164453,0.510577244279343,0.),(0.,
0.,-1.),(-0.969915032206399,-0.243443690203832,0.),(-0.757252189840725,
-0.653122592612923,0.),(0.,0.,-1.),(0.78365393455323,0.621197642348425,
0.),(-0.969509968378767,-0.245051874537215,0.),(0.,0.,-1.),(-0.97044411248743,
-0.24132597153743,0.),(0.,0.,-1.),(-0.960134775298888,-0.279537498847209,
0.),(0.,0.,-1.),(-0.893246350878396,-0.449567521783358,0.),(0.,0.,-1.),
(-0.893854282203883,-0.448357582946672,0.),(0.,0.,-1.),(0.937547492702828,
0.347857296785106,0.),(-0.998896333617388,-0.0469692951377705,0.),(0.,0.,
-1.),(0.96730187098114,0.253627858084213,0.),(0.956475905405917,0.291811312971123,
0.),(0.,0.,-1.),(-0.999677389447278,0.0253991540779225,0.),(0.,0.,-1.),
(-0.774908013664907,-0.632074022846935,0.),(-0.969915032206399,-0.243443690203832,
0.),(0.,0.,-1.),(-0.757252189840725,-0.653122592612923,0.),(-0.774908013664907,
-0.632074022846935,0.),(0.,0.,-1.),(0.,0.,-1.),(-0.804654291451753,-0.593743607332556,
0.),(0.,0.,-1.),(0.81125941546579,0.584686378170473,0.),(-0.960134775298888,
-0.279537498847209,0.),(0.,0.,-1.),(0.,0.,-1.),(0.78365393455323,0.621197642348425,
0.),(-0.969509968378767,-0.245051874537215,0.),(-0.97044411248743,-0.24132597153743,
0.),(0.,0.,-1.),(0.,0.,-1.),(0.729976368511688,0.683472385261093,0.),(-0.970968568933871,
-0.239207103035236,0.),(0.970529038942201,-0.240984199834611,0.),(0.,0.,
-1.),(0.970550405467359,0.240898132925819,0.),(-0.822332858718422,-0.569006739390658,
0.),(0.,0.,-1.),(0.,0.,-1.),(-0.804654291451753,-0.593743607332556,0.),
(0.,0.,-1.),(-0.834204479576877,-0.551455244107689,0.),(-0.834204479576877,
-0.551455244107689,0.),(0.,0.,-1.),(0.,0.,-1.),(-0.893246350878396,-0.449567521783358,
0.),(0.773293706716332,0.634047981743429,0.),(0.,0.,-1.),(0.,0.,-1.),(0.81125941546579,
0.584686378170473,0.),(-0.850657541385857,-0.525720217685575,0.),(0.,0.,
-1.),(0.976043671256412,-0.21757470395316,0.),(0.,0.,-1.),(0.987010105308654,
0.160658183789683,0.),(0.987010105308654,0.160658183789683,0.),(0.,0.,-1.),
(0.,0.,-1.),(-0.853193506415336,-0.521594517427766,0.),(0.,0.,-1.),(0.936801559520112,
0.349861169724058,0.),(0.,0.,-1.),(0.961960503411062,0.273188561029075,
0.),(0.,0.,-1.),(0.858596094573586,-0.512652656662371,0.),(0.,0.,-1.),(0.847883356694001,
-0.530182811340876,0.),(0.,0.,-1.),(0.864951215173931,-0.50185595081571,
0.),(0.,0.,-1.),(0.820249462332145,-0.571946773364788,0.00822848597466909),
(0.,0.,-1.),(0.761354300738026,-0.648336046157941,0.),(0.,0.,-1.),(0.924199417659903,
0.38191024652017,0.),(-0.739956694888709,0.672654509900423,0.),(0.924199417659903,
0.38191024652017,0.),(-0.739956694888709,0.672654509900423,0.),(0.,0.,-1.),
(0.,0.,-1.),(0.831719104953171,-0.555157491980395,0.00659466101741892),
(0.864951215173931,-0.50185595081571,0.),(0.,0.,-1.),(0.,0.,-1.),(0.858596094573586,
-0.512652656662371,0.),(0.981589091544401,-0.191004856904313,0.),(0.,0.,
-1.),(0.,0.,-1.),(0.834490993043914,-0.551021580819283,0.),(-0.853193506415336,
-0.521594517427766,0.),(0.,0.,-1.),(0.,0.,-1.),(-0.893854282203883,-0.448357582946672,
0.),(-0.941996857796616,-0.335621691642989,0.),(0.,0.,-1.),(0.,0.,-1.),
(0.993207523725481,0.116356412866238,0.),(0.,0.,-1.),(0.993207523725481,
0.116356412866238,0.),(0.96730187098114,0.253627858084213,0.),(0.,0.,-1.),
(0.,0.,-1.),(0.937547492702828,0.347857296785106,0.),(-0.998896333617388,
-0.0469692951377705,0.),(0.936801559520112,0.349861169724058,0.),(0.,0.,
-1.),(0.,0.,-1.),(0.961960503411062,0.273188561029075,0.),(0.,0.,-1.),(-0.754898164512185,
0.65584202458834,0.),(0.761385756769261,-0.648298921947813,0.000487021767981771),
(0.,0.,-1.),(0.,0.,-1.),(-0.74027202117873,0.672307470328835,0.),(0.0196411793917591,
-0.999807093429578,0.),(0.,0.,-1.),(0.725301158963489,-0.688431716879909,
0.),(0.,0.,-1.),(0.748587914213819,-0.663035545572787,0.),(-0.595697064260448,
0.803209192945078,0.),(0.,0.,-1.),(0.309651611823024,-0.950850082450122,
0.),(0.701153298262463,-0.713010555556977,0.),(0.,0.,-1.),(-0.767949520515128,
0.640510369893091,0.),(-0.74027202117873,0.672307470328835,0.),(0.,0.,-1.),
(0.0196411793917591,-0.999807093429578,0.),(0.,0.,-1.),(0.235884295726684,
-0.971781147702262,0.),(0.,0.,-1.),(0.,1.,0.),(0.,0.,-1.),(0.00323761438103949,
-0.999994758912825,0.),(0.748587914213819,-0.663035545572787,0.),(0.,0.,
-1.),(-0.595697064260448,0.803209192945078,0.),(0.725301158963489,-0.688431716879909,
0.),(0.,0.,-1.),(0.,0.,-1.),(-0.771363207617406,0.636395161777795,0.),(0.,
0.,-1.),(-0.696885016410287,0.717182873403174,0.),(0.,0.,-1.),(0.877972247041733,
-0.478711534668311,0.),(-0.646958577456217,0.762525146507201,0.),(0.,0.,
-1.),(-0.650870423166145,0.759188838331758,0.),(0.,0.,-1.),(0.622126694932845,
-0.782916582690605,0.),(-0.512222992129633,0.85885249393232,0.),(0.,0.,
-1.),(0.614323924039905,-0.789053937543064,0.),(0.,0.,-1.),(-0.596719253503655,
0.802450081000707,0.),(-0.767949520515128,0.640510369893091,0.),(0.,0.,
-1.),(0.,0.,-1.),(-0.771363207617406,0.636395161777795,0.),(0.309651611823024,
-0.950850082450122,0.),(0.,0.,-1.),(0.701153298262463,-0.713010555556977,
0.),(-0.650870423166145,0.759188838331758,0.),(0.,0.,-1.),(0.,0.,-1.),(0.567137366893644,
-0.823623219119607,0.),(0.,0.,-1.),(0.659228975739145,-0.751942256789654,
0.),(0.,0.,-1.),(-0.819769435359529,0.572693698979061,0.),(0.,0.,-1.),(0.858779659089607,
-0.511783202507278,-0.0239885548821212),(0.,0.,-1.),(-0.83731754680305,
0.546716860738465,0.),(0.,0.,-1.),(0.688856646966402,-0.724897592719279,
0.),(-0.468705389583901,0.883354548171347,0.),(0.,0.,-1.),(0.423024696450442,
-0.903819772336655,0.0644974831007238),(0.860876923601154,-0.508284816780014,
-0.0231833440624833),(0.,0.,-1.),(-0.646958577456217,0.762525146507201,
0.),(0.,0.,-1.),(-0.64871639517053,0.76103024817477,0.),(-0.64871639517053,
0.76103024817477,0.),(0.,0.,-1.),(0.,0.,-1.),(0.,1.,0.),(0.,0.,-1.),(0.183135537399112,
-0.983087674086873,0.),(0.613070074017113,-0.790028533880044,0.),(0.,0.,
-1.),(-0.810488644074351,0.585754349387624,0.),(0.172311744340249,-0.985042467491844,
0.),(0.,0.,-1.),(0.130768930326968,-0.991412874064656,0.),(0.,0.,-1.),(0.187631891965055,
-0.982239417411872,0.),(0.,0.,-1.),(-0.771104021797396,0.636709186024421,
0.),(0.0780346571891878,-0.996950646861401,0.),(0.,1.,0.),(0.,0.,-1.),(0.168918703158001,
-0.9856197493973,0.00449236256586373),(0.,0.,-1.),(0.20290652684518,-0.979198111397089,
0.),(0.824730322332372,-0.565526211086226,0.),(0.,0.,-1.),(-0.794691193697038,
0.607013926249123,0.),(0.105762247172665,-0.994391445595239,0.),(0.,0.,
-1.),(-0.446091572996104,0.894987323095619,0.),(-0.277570812069826,-0.960705180732829,
0.),(0.,0.,-1.),(-0.791904962794244,0.610644356317035,0.),(0.364381323720807,
-0.931249832710574,0.),(0.,0.,-1.),(0.276658964112241,0.960968166786154,
0.),(-0.340204962409583,0.940351308582008,0.),(0.,0.,-1.),(0.285619383010137,
-0.958343136902909,0.),(0.644954120504117,-0.764221291541109,0.),(0.,0.,
-1.),(-0.172697266072733,0.984974951098252,0.),(0.,0.,-1.),(0.196519121845767,
-0.980499992222829,0.),(-0.0860187260245858,0.996293520391008,0.),(0.,0.,
-1.),(0.,0.,-1.),(0.710659977571183,-0.703535639664776,0.),(0.130768930326968,
-0.991412874064656,0.),(0.,0.,-1.),(0.,0.,-1.),(0.710659977571183,-0.703535639664776,
0.),(0.183135537399112,-0.983087674086873,0.),(0.,0.,-1.),(0.613070074017113,
-0.790028533880044,0.),(0.172311744340249,-0.985042467491844,0.),(-0.810488644074351,
0.585754349387624,0.),(0.,0.,-1.),(0.,0.,-1.),(0.842990680723413,-0.537928166406517,
0.),(0.,0.,-1.),(-0.856248156459122,0.516564705105135,0.),(0.,0.,-1.),(-0.0131668219110904,
-0.999913313643119,0.),(0.745607859307835,-0.666384963919795,0.),(0.,0.,
-1.),(0.799330643737828,-0.600891439431175,0.),(-0.771104021797396,0.636709186024421,
0.),(0.,0.,-1.),(0.0780346571891878,-0.996950646861401,0.),(0.799490303078281,
-0.600676343485305,-0.00178484198782043),(0.,0.,-1.),(0.,0.,-1.),(-0.0131668219110904,
-0.999913313643119,0.),(0.745607859307835,-0.666384963919795,0.),(0.,0.,
-1.),(0.191491215077608,-0.9814935622859,0.00122545478731656),(0.,0.,-1.),
(0.,1.,0.),(0.222601348072469,-0.974909554695367,0.),(0.00323761438103949,
-0.999994758912825,0.),(0.,0.,-1.),(0.,0.,-1.),(-0.696885016410287,0.717182873403174,
0.),(0.237260396938161,-0.971445256755849,0.0012716805059544),(0.,0.,-1.),
(0.,0.,-1.),(0.516767767830727,-0.856125618195863,0.),(0.,0.,-1.),(-0.534388957144675,
0.845238689650342,0.),(-0.534388957144675,0.845238689650342,0.),(0.,0.,
-1.),(0.,0.,-1.),(0.613438146429554,-0.789740690471523,-0.00181171704056965),
(0.622126694932845,-0.782916582690605,0.),(0.,0.,-1.),(-0.512222992129633,
0.85885249393232,0.),(0.567137366893644,-0.823623219119607,0.),(0.,0.,-1.),
(0.,0.,-1.),(0.54548158861422,-0.834732483259569,0.0753094806397016),(0.51779561489945,
-0.85548471241662,0.00579724178836391),(0.,0.,-1.),(0.,0.,-1.),(0.659228975739145,
-0.751942256789654,0.),(-0.819769435359529,0.572693698979061,0.),(0.,0.,
-1.),(0.,0.,-1.),(-0.562578148136552,0.826744112309999,0.),(0.562264169612197,
-0.826838432516275,0.0140431507980399),(-0.965761974675604,0.259429775219957,
0.),(0.,0.,-1.),(0.,0.,-1.),(-0.562578148136552,0.826744112309999,0.),(0.20290652684518,
-0.979198111397089,0.),(0.,0.,-1.),(0.824730322332372,-0.565526211086226,
0.),(0.187631891965055,-0.982239417411872,0.),(0.,0.,-1.),(0.,0.,-1.),(-0.543437063253911,
0.83702443914652,-0.0637671275299275),(0.,0.,-1.),(-0.943612621133521,0.33105168967629,
0.),(0.565970796598072,-0.824425289154902,0.),(0.,0.,-1.),(0.548592179456996,
-0.836090079260975,0.),(0.,0.,-1.),(-0.561108399159223,0.827742329709538,
0.),(-0.960289505152014,0.279005495098038,0.),(0.,0.,-1.),(-0.501555071155612,
0.865125719533345,0.),(-0.502044793441537,0.864833890374731,-0.00365615064682687),
(0.,0.,-1.),(0.,0.,-1.),(-0.557948773219791,0.829771396496769,-0.01313758038346),
(-0.960289505152014,0.279005495098038,0.),(0.548592179456996,-0.836090079260975,
0.),(0.,0.,-1.),(0.,0.,-1.),(-0.946145016462399,0.323743120117428,0.),(0.,
0.,-1.),(-0.946145016462399,0.323743120117428,0.),(-0.943612621133521,0.33105168967629,
0.),(0.,0.,-1.),(0.565970796598072,-0.824425289154902,0.),(0.,0.,-1.),(0.508406376325348,
-0.861117272217744,0.),(0.508406376325348,-0.861117272217744,0.),(0.,0.,
-1.),(0.,0.,-1.),(0.465725852917918,-0.884929053610445,0.),(0.688856646966402,
-0.724897592719279,0.),(0.,0.,-1.),(-0.468705389583901,0.883354548171347,
0.),(0.463607530788404,-0.886007874257041,0.00762260787390134),(0.,0.,-1.),
(0.,0.,-1.),(0.60206439757911,-0.798411856975562,-0.00754770220248224),
(0.842990680723413,-0.537928166406517,0.),(0.,0.,-1.),(0.,0.,-1.),(0.884166487106671,
-0.467171941663291,0.),(-0.653549511203762,0.756883766773554,0.),(-0.579227773805232,
0.815165741461597,0.),(0.,0.,-1.),(0.,0.,-1.),(-0.597740475392275,0.801689668187021,
0.),(0.,1.,0.),(-0.597740475392275,0.801689668187021,0.),(0.,1.,0.),(0.,
0.,-1.),(0.,0.,-1.),(-0.596719253503655,0.802450081000707,0.),(0.,0.,-1.),
(0.,1.,0.),(0.599040751503986,-0.800718538587399,0.),(0.599458445083152,
-0.800403799191582,-0.00182506388160813),(0.,1.,0.),(0.,0.,-1.),(0.,0.,
-1.),(0.527895643100895,-0.849309242852739,0.),(0.529511990233732,-0.848274134832435,
0.00693140483564816),(0.,0.,-1.),(0.,0.,-1.),(-0.859110780320217,0.511789670800015,
0.),(-0.856248156459122,0.516564705105135,0.),(0.,0.,-1.),(0.,0.,-1.),(-0.832946134796658,
0.553354078802449,0.),(0.,0.,-1.),(0.881182305850938,-0.47277663209514,
0.),(0.881182305850938,-0.47277663209514,0.),(0.,0.,-1.),(0.,0.,-1.),(0.872345041513521,
-0.488890712272972,0.),(0.,0.,-1.),(0.894161977500253,-0.44774362976243,
0.),(-1.,0.,0.),(-1.,0.,0.),(0.,0.,-1.),(-0.861748864724359,0.507335090592282,
0.),(0.894161977500253,-0.44774362976243,0.),(0.,0.,-1.),(-1.,0.,0.),(0.,
0.,-1.),(-0.857132263268709,0.515096382499295,0.),(0.,0.,-1.),(-0.852445762110369,
0.522815667955803,0.),(0.468779284225571,-0.883315335925377,0.),(0.,0.,
-1.),(0.821116885716123,-0.570760072177317,0.),(0.,0.,-1.),(0.821116885716123,
-0.570760072177317,0.),(0.872345041513521,-0.488890712272972,0.),(0.,0.,
-1.),(0.,0.,-1.),(-1.,0.,0.),(-0.861748864724359,0.507335090592282,0.),
(-0.857132263268709,0.515096382499295,0.),(0.,0.,-1.),(0.,0.,-1.),(-0.852445762110369,
0.522815667955803,0.),(0.468779284225571,-0.883315335925377,0.),(0.,0.,
-1.),(0.524400480397841,-0.851471747128766,0.),(0.791542503605035,-0.611114117809982,
0.),(0.,0.,-1.),(0.120539507820479,0.992708530765399,0.),(-0.354604773196458,
0.935016285861529,0.),(0.,0.,-1.),(-0.544047133919191,0.839054656190116,
0.),(-0.445760905350462,-0.895152062646977,0.),(0.,0.,-1.),(-0.589822830747767,
0.807532679418419,0.),(0.,0.,-1.),(-1.,0.,0.),(-0.633776535691478,0.773516194275795,
0.),(0.,0.,-1.),(0.569920480709461,-0.821699851325225,0.),(0.,0.,-1.),(0.569920480709461,
-0.821699851325225,0.),(0.,0.,-1.),(0.892644811415329,-0.450760735483128,
0.),(0.,0.,-1.),(-0.926310663336839,0.376760607001933,0.),(0.,0.,-1.),(-0.883465112574776,
0.468496952885756,0.),(0.,0.,-1.),(0.834327136655023,-0.551269651841122,
0.),(0.,0.,-1.),(-0.864257583669047,0.50304952944073,0.),(0.892644811415329,
-0.450760735483128,0.),(0.,0.,-1.),(0.,0.,-1.),(-0.926310663336839,0.376760607001933,
0.),(-0.883465112574776,0.468496952885756,0.),(0.,0.,-1.),(0.,0.,-1.),(-0.868069777618634,
0.496442203267545,0.),(0.453772685712834,-0.891117472447354,0.),(0.,0.,
-1.),(0.514453210069944,-0.857518451491704,0.),(0.809197620435551,-0.58753656148485,
0.),(0.834327136655023,-0.551269651841122,0.),(0.,0.,-1.),(0.,0.,-1.),(-0.864257583669047,
0.50304952944073,0.),(0.,0.,-1.),(-0.421656873199979,0.906755469398016,
0.),(-0.321854198801117,-0.946789245140697,0.),(0.,0.,-1.),(-0.135774550375187,
0.990739759710095,0.),(0.,0.,-1.),(0.178783817294242,0.98388838120678,0.),
(0.,0.,-1.),(0.481806870247346,-0.876277433112628,0.),(0.,0.,-1.),(-0.350493717036165,
0.936565082798933,0.),(0.,0.,-1.),(-0.970942237098905,0.239313961601435,
0.),(-0.982714489550768,-0.185127610115221,0.),(0.,0.,-1.),(-0.748510558762812,
0.663122872038496,0.),(-0.970942237098905,0.239313961601435,0.),(0.,0.,
-1.),(0.347416173078603,0.937711044343308,0.),(0.,0.,-1.),(-0.347224548321253,
-0.937782017871478,0.),(-0.347224548321253,-0.937782017871478,0.),(0.,0.,
-1.),(0.,0.,-1.),(-0.421656873199979,0.906755469398016,0.),(-0.321854198801117,
-0.946789245140697,0.),(0.,0.,-1.),(-0.369100817762569,0.929389362068989,
0.),(0.,0.,-1.),(-0.369100817762569,0.929389362068989,0.),(-0.135774550375187,
0.990739759710095,0.),(0.,0.,-1.),(0.,0.,-1.),(0.836482821688067,-0.547993146873909,
0.),(0.,0.,-1.),(0.764786554229036,-0.644283731340842,0.),(0.,0.,-1.),(0.425444170229754,
-0.904984672808062,0.),(0.712157867492391,-0.702019352844842,0.),(0.836482821688067,
-0.547993146873909,0.),(0.,0.,-1.),(0.,0.,-1.),(0.8941283228962,-0.447810833047647,
0.),(0.,0.,-1.),(-0.428608799890646,0.903490175185264,0.),(0.,0.,-1.),(-0.428466280527348,
0.903557771507201,0.),(-0.366274977310787,-0.930506658222273,0.),(0.,0.,
-1.),(-0.982714489550768,-0.185127610115221,0.),(-0.428751308589716,0.90342255638356,
0.),(-0.964678743062555,-0.263429155270746,-5.32596566180119E-5),(0.,0.,
-1.),(-0.428751308589716,0.90342255638356,0.),(-0.970942237098905,0.239313961601435,
0.),(-0.748510558762812,0.663122872038496,0.),(0.,0.,1.),(-0.971433141294042,
-0.237292514418335,-0.00314874524453669),(-0.970942237098905,0.239313961601435,
0.),(0.,0.,1.),(-0.428466280527348,0.903557771507201,0.),(0.,0.,-1.),(-0.366274977310787,
-0.930506658222273,0.),(-0.428608799890646,0.903490175185264,0.),(0.,0.,
-1.),(0.,0.,-1.),(-0.390014665055403,-0.920808645181898,0.),(0.,0.,-1.),
(0.391808988364039,0.920046583949502,0.),(-0.390014665055403,-0.920808645181898,
0.),(0.,0.,-1.),(0.,0.,-1.),(0.364715069401608,0.931119175053001,0.),(-0.277244139123496,
0.960799504226387,0.),(0.,0.,-1.),(0.489488132245058,-0.872009958883065,
0.),(0.,0.,-1.),(-0.354604773196458,0.935016285861529,0.),(-0.748510558762812,
0.663122872038496,0.),(-0.354604773196458,0.935016285861529,0.),(0.120539507820479,
0.992708530765399,0.),(0.,0.,1.),(0.,0.,-1.),(0.568068149383893,0.822981517201668,
0.),(0.120539507820479,0.992708530765399,0.),(0.568068149383893,0.822981517201668,
0.),(0.120539507820479,0.992708530765399,0.),(0.,0.,1.),(0.524400480397841,
-0.851471747128766,0.),(0.,0.,-1.),(0.791542503605035,-0.611114117809982,
0.),(-0.748510558762812,0.663122872038496,0.),(-0.354604773196458,0.935016285861529,
0.),(0.,0.,1.),(0.489488132245058,-0.872009958883065,0.),(0.,0.,-1.),(0.,
0.,-1.),(-0.868069777618634,0.496442203267545,0.),(0.453772685712834,-0.891117472447354,
0.),(0.,0.,-1.),(0.,1.,0.),(0.362945254912061,0.93181046459933,0.),(0.,
0.,-1.),(-0.37234323477427,-0.928095100470762,0.),(0.,1.,0.),(-0.37234323477427,
-0.928095100470762,0.),(0.,1.,0.),(0.,0.,-1.),(0.,0.,-1.),(0.347416173078603,
0.937711044343308,0.),(0.,1.,0.),(0.,0.,-1.),(0.362945254912061,0.93181046459933,
0.),(0.514453210069944,-0.857518451491704,0.),(0.,0.,-1.),(0.809197620435551,
-0.58753656148485,0.),(0.481806870247346,-0.876277433112628,0.),(0.,0.,
-1.),(0.,0.,-1.),(-0.283614966290717,-0.958938241439935,0.),(0.,0.,-1.),
(0.140678866467351,0.990055279532139,0.),(-0.277570812069826,-0.960705180732829,
0.),(-0.446091572996104,0.894987323095619,0.),(0.,0.,-1.),(0.,0.,-1.),(0.277609472358901,
0.960694010003504,0.),(0.,0.,-1.),(0.395131044565898,-0.918624764319067,
0.),(0.,0.,-1.),(-0.289647874079268,-0.95713327653016,0.),(0.,1.,0.),(-0.283614966290717,
-0.958938241439935,0.),(0.,0.,-1.),(0.,0.,-1.),(0.277609472358901,0.960694010003504,
0.),(0.,1.,0.),(-0.289647874079268,-0.95713327653016,0.),(0.,0.,-1.),(0.,
0.,-1.),(0.070162582275987,0.997535569314882,0.),(0.712157867492391,-0.702019352844842,
0.),(0.425444170229754,-0.904984672808062,0.),(0.,0.,-1.),(0.,0.,-1.),(0.764786554229036,
-0.644283731340842,0.),(0.,0.,-1.),(-0.441550562823492,0.897236368227602,
0.),(0.,0.,-1.),(-0.367586491435882,0.929989339354951,0.),(0.418567251337189,
0.908185804837331,0.),(0.,0.,-1.),(-0.413497869705777,-0.910505086064204,
0.),(-0.512625374166273,0.85861238388512,0.),(-0.413497869705777,-0.910505086064204,
0.),(0.,0.,-1.),(-0.567595773770999,0.823307313156817,0.000325115062248262),
(-0.30605597461228,0.952013510392097,0.000128199238184013),(0.,0.,-1.),
(0.418567251337189,0.908185804837331,0.),(-0.381341142297865,0.924420699049352,
0.00503034393135717),(0.,0.,1.),(0.391808988364039,0.920046583949502,0.),
(0.,0.,-1.),(0.,0.,-1.),(0.276658964112241,0.960968166786154,0.),(-0.340204962409583,
0.940351308582008,0.),(0.395131044565898,-0.918624764319067,0.),(0.,0.,
-1.),(0.,0.,-1.),(-0.829938726206553,0.557854560564529,0.),(0.,0.,-1.),
(0.747863491226778,-0.663852542730759,0.),(-0.791904962794244,0.610644356317035,
0.),(0.,0.,-1.),(0.364381323720807,-0.931249832710574,0.),(0.,0.,-1.),(-0.898126351595732,
0.439737485972414,0.),(0.898871850594069,-0.438211588401761,0.),(0.,0.,
-1.),(0.,0.,-1.),(-0.898126351595732,0.439737485972414,0.),(0.747863491226778,
-0.663852542730759,0.),(0.,0.,-1.),(0.,0.,-1.),(-0.829938726206553,0.557854560564529,
0.),(0.,0.,-1.),(0.704861688677152,-0.709344767962091,0.),(0.,0.,-1.),(0.709158359974381,
-0.70504923266283,0.),(-0.394137387845934,0.919051532560598,0.),(0.,0.,
-1.),(0.676267230504391,-0.736656387297308,0.),(0.,0.,-1.),(-0.736423757006919,
0.676520546706317,0.),(-0.736423757006919,0.676520546706317,0.),(0.,0.,
-1.),(0.,0.,-1.),(0.761546299665156,-0.648110510226697,0.),(-0.304673143825016,
0.952411280456715,-0.00932889546422704),(0.,0.,-1.),(0.512005809346933,
-0.858981985372797,0.),(0.704861688677152,-0.709344767962091,0.),(0.,0.,
-1.),(0.,0.,-1.),(-0.318909739497199,0.938957433382641,-0.129056252654845),
(0.709158359974381,-0.70504923266283,0.),(0.,0.,-1.),(-0.394137387845934,
0.919051532560598,0.),(0.676267230504391,-0.736656387297308,0.),(0.,0.,
-1.),(0.,0.,-1.),(0.397364346771997,-0.917660926439861,0.),(0.,0.,-1.),
(-0.435627053655414,0.900127252183547,0.),(0.,0.,-1.),(0.664951013036253,
0.746886972882819,0.),(0.,0.,-1.),(-0.523096701115511,0.852273337188293,
0.),(0.,0.,-1.),(-0.54816693570822,0.836368944064915,0.),(0.751742135299403,
0.659457172237511,0.),(0.802263719314954,0.596969785362394,-5.94255977056901E-6),
(-0.54816693570822,0.836368944064915,0.),(0.,0.,-1.),(0.748434343390413,
0.663208864769623,-0.000187948794566891),(0.,0.,1.),(0.,0.,-1.),(0.348870442959072,
0.937170963074263,0.),(-0.49756537436563,0.867426480015679,0.),(0.,0.,-1.),
(0.374149405804589,0.927368439260294,0.),(0.,0.,-1.),(-0.419868720141234,
-0.907584848841673,0.),(-0.419868720141234,-0.907584848841673,0.),(0.,0.,
-1.),(0.,0.,-1.),(-0.544047133919191,0.839054656190116,0.),(-0.445760905350462,
-0.895152062646977,0.),(-0.49756537436563,0.867426480015679,0.),(0.348870442959072,
0.937170963074263,0.),(0.,0.,-1.),(0.,0.,-1.),(-0.523096701115511,0.852273337188293,
0.),(-0.277244139123496,0.960799504226387,0.),(0.364715069401608,0.931119175053001,
0.),(0.,0.,-1.),(0.,0.,-1.),(-0.350493717036165,0.936565082798933,0.),(-0.83731754680305,
0.546716860738465,0.),(0.,0.,-1.),(0.,0.,-1.),(0.178783817294242,0.98388838120678,
0.),(0.285619383010137,-0.958343136902909,0.),(0.,0.,-1.),(0.644954120504117,
-0.764221291541109,0.),(0.196519121845767,-0.980499992222829,0.),(0.,0.,
-1.),(0.,0.,-1.),(-0.794691193697038,0.607013926249123,0.),(0.105762247172665,
-0.994391445595239,0.),(0.,0.,-1.),(-0.895734173988308,0.444590024122767,
0.),(0.927245757253654,-0.374453342427462,0.),(0.,0.,-1.),(-0.659263695632828,
0.751911816385768,0.),(-0.895734173988308,0.444590024122767,0.),(0.,0.,
-1.),(0.,0.,-1.),(-0.832946134796658,0.553354078802449,0.),(0.,0.,-1.),
(-0.39363015187565,-0.91926889620739,0.),(-1.,0.,0.),(-1.,0.,0.),(0.,0.,
-1.),(0.399153325646653,0.916884192592073,0.),(0.399153325646653,0.916884192592073,
0.),(-1.,0.,0.),(0.,0.,-1.),(0.,0.,-1.),(0.374149405804589,0.927368439260294,
0.),(-0.39363015187565,-0.91926889620739,0.),(0.,0.,-1.),(-1.,0.,0.),(-1.,
0.,0.),(-0.633776535691478,0.773516194275795,0.),(0.,0.,-1.),(0.,0.,-1.),
(-0.589822830747767,0.807532679418419,0.),(0.,0.,-1.),(0.663067967077519,
-0.748559196747783,0.),(-1.,0.,0.),(0.663067967077519,-0.748559196747783,
0.),(-1.,0.,0.),(0.,0.,-1.),(0.,0.,-1.),(-0.743293223643492,0.668965756736222,
0.),(-0.859110780320217,0.511789670800015,0.),(0.,0.,-1.),(0.,0.,-1.),(0.448840421958285,
-0.893611926742425,0.),(0.,0.,-1.),(0.49001950070254,-0.871711471148128,
0.),(0.,0.,-1.),(-0.476210823964606,0.879331138501845,0.),(-0.948620805623718,
0.316415181585538,0.),(-0.476210823964606,0.879331138501845,0.),(-0.948620805623718,
0.316415181585538,0.),(0.,0.,-1.),(0.,0.,-1.),(-0.435627053655414,0.900127252183547,
0.),(0.448840421958285,-0.893611926742425,0.),(0.,0.,-1.),(0.,0.,-1.),(0.512005809346933,
-0.858981985372797,0.),(0.397364346771997,-0.917660926439861,0.),(0.,0.,
-1.),(0.,0.,-1.),(-0.403206092374857,0.915109199534022,0.),(0.381320663036384,
-0.924442833246866,0.),(0.,0.,-1.),(0.,0.,-1.),(-0.399098219565529,0.916796247552908,
-0.0143266050595517),(0.,0.,-1.),(-0.979973686146572,0.199127030963402,
0.),(0.509238384572612,-0.860625509544004,0.),(0.49001950070254,-0.871711471148128,
0.),(0.,0.,-1.),(0.,0.,-1.),(-0.973711688479068,0.227783993553636,0.),(-0.979973686146572,
0.199127030963402,0.),(0.,0.,-1.),(0.509238384572612,-0.860625509544004,
0.),(0.,0.,-1.),(-0.4441981237067,0.89592858359104,0.),(-0.966611876052059,
0.256244963023898,0.),(0.,0.,-1.),(-0.963075478837835,0.269231539870935,
0.),(0.,0.,-1.),(0.966685783909691,-0.25596600396714,0.),(0.966685783909691,
-0.25596600396714,0.),(0.,0.,-1.),(0.,0.,-1.),(-0.973711688479068,0.227783993553636,
0.),(-0.963075478837835,0.269231539870935,0.),(0.,0.,-1.),(0.,0.,-1.),(-0.4441981237067,
0.89592858359104,0.),(-0.966611876052059,0.256244963023898,0.),(0.996286084264149,
-0.0861048099795177,0.),(0.,0.,-1.),(0.,0.,-1.),(0.979188115263041,-0.202954760790708,
0.),(0.998442368675718,0.0557927991162175,0.),(0.,0.,-1.),(0.,0.,-1.),(-0.961968065899621,
-0.273161930344151,0.),(0.808144878968416,-0.588983747311523,0.),(0.,0.,
-1.),(-0.904836893222805,-0.4239661247251,0.0390246300236501),(-0.939505646867306,
-0.342526941631853,0.00210564972726784),(0.,0.,-1.),(0.,0.,-1.),(0.892584495626232,
-0.450880159430047,0.),(0.972806917859713,0.231617573953888,0.),(0.948135967783384,
0.317865044626594,0.),(0.,0.,-1.),(0.,0.,-1.),(0.978897339490856,0.204352633302643,
0.),(0.,0.,-1.),(0.989878070399871,0.14192042045255,0.),(0.,0.,-1.),(-0.99034716280361,
-0.138609152392039,0.),(0.989878070399871,0.14192042045255,0.),(0.,0.,-1.),
(0.,0.,-1.),(-0.981074740804681,-0.193629421718466,0.),(0.970497442829785,
0.241111412962655,0.),(-0.444575401810179,-0.895741431499804,0.),(0.,0.,
-1.),(0.,0.,-1.),(0.978897339490856,0.204352633302643,0.),(0.,0.,-1.),(-0.995726091127923,
-0.0923555707421462,0.),(0.,0.,-1.),(0.996015850654574,0.089176371561335,
0.),(0.,0.,-1.),(0.996015850654574,0.089176371561335,0.),(-0.99034716280361,
-0.138609152392039,0.),(0.,0.,-1.),(0.,0.,-1.),(-0.981074740804681,-0.193629421718466,
0.),(0.,0.,-1.),(0.868884320913691,0.495015188524912,0.),(-0.997838039431814,
-0.0657209788642373,0.),(0.,0.,-1.),(0.998085959191213,0.0618418795425529,
0.),(0.902321178161544,0.431064370414865,0.),(0.998085959191213,0.0618418795425529,
0.),(0.902321178161544,0.431064370414865,0.),(0.,0.,-1.),(0.,0.,-1.),(-0.995726091127923,
-0.0923555707421462,0.),(0.,0.,-1.),(0.621403184615157,0.78349095856311,
0.),(-0.942588277620013,-0.333957091395492,0.),(0.,0.,-1.),(0.875687817422953,
0.482877672311554,0.),(0.868884320913691,0.495015188524912,0.),(0.,0.,-1.),
(-0.997838039431814,-0.0657209788642373,0.),(0.,0.,-1.),(0.863799768296226,
0.503835251140079,0.),(0.863799768296226,0.503835251140079,0.),(0.,0.,-1.),
(0.,0.,-1.),(0.819422227815765,0.57319038073004,0.),(-0.999608073523416,
-0.0279946306781355,0.),(0.,0.,-1.),(0.,-1.,0.),(-0.579050733725369,-0.815291510916256,
0.),(0.,0.,-1.),(-0.618121592762544,-0.786082499843812,0.),(0.,0.,-1.),
(0.662542887341492,0.749023979878614,0.),(0.621403184615157,0.78349095856311,
0.),(0.,0.,-1.),(-0.942588277620013,-0.333957091395492,0.),(0.,0.,-1.),
(0.891278188820326,0.453456933052258,0.),(-0.980562316253259,-0.196207909993568,
0.),(0.,0.,-1.),(-0.882163135314488,-0.47094394856725,0.),(0.,0.,-1.),(0.946519220033238,
0.322647433133552,0.),(-0.882163135314488,-0.47094394856725,0.),(0.,0.,
-1.),(0.,0.,-1.),(0.819422227815765,0.57319038073004,0.),(-0.999608073523416,
-0.0279946306781355,0.),(0.,0.,-1.),(0.999732218321369,0.0231406925184705,
0.),(0.,-1.,0.),(0.,0.,-1.),(-0.99484748588018,-0.101382837984964,0.),(0.,
0.,-1.),(0.995365447989372,0.0961645722130411,0.),(-0.99484748588018,-0.101382837984964,
0.),(0.,0.,-1.),(0.,0.,-1.),(-0.454533730025757,-0.890729525876892,0.),
(0.,0.,-1.),(-0.454533730025757,-0.890729525876892,0.),(0.,0.,-1.),(-0.984706273402779,
-0.174222717006741,0.),(-0.464435565380901,-0.885606913709081,0.),(0.,0.,
-1.),(0.761831972365125,0.647774687589954,0.),(0.,0.,-1.),(0.761831972365125,
0.647774687589954,0.),(0.892930161960761,0.450195208615916,0.),(0.,0.,-1.),
(0.,0.,-1.),(-0.618121592762544,-0.786082499843812,0.),(0.,-1.,0.),(0.999732218321369,
0.0231406925184705,0.),(0.,0.,-1.),(0.,0.,-1.),(0.,-1.,0.),(-0.579050733725369,
-0.815291510916256,0.),(-0.973480706474468,-0.228769128428578,0.),(0.,0.,
-1.),(-0.507234519229021,-0.861808065930288,0.),(-0.464435565380901,-0.885606913709081,
0.),(-0.984706273402779,-0.174222717006741,0.),(0.,0.,-1.),(0.,0.,-1.),
(-0.571887493476035,-0.820332063743517,0.),(0.985671924031772,0.168673821844126,
0.),(-0.576801490571505,-0.81688434951007,0.),(0.,0.,-1.),(0.,0.,-1.),(0.995365447989372,
0.0961645722130411,0.),(0.,0.,-1.),(-0.971516973520266,-0.236969977343169,
0.),(-0.564841468449273,-0.825199439844737,0.),(-0.960777922720726,-0.277318919679935,
0.),(0.,0.,-1.),(0.,0.,-1.),(0.97506825011956,0.221905177066195,0.),(-0.480195006096195,
-0.877161761661026,0.),(0.,0.,-1.),(0.960914634871753,0.276844838292654,
0.),(0.97506825011956,0.221905177066195,0.),(0.,0.,-1.),(0.,0.,-1.),(-0.675202018494865,
-0.737632858690866,0.),(0.,0.,-1.),(-0.72358578671293,-0.689701285873602,
0.0271246296072461),(0.,0.,-1.),(0.751524045216366,0.638012085200065,-0.167786139476104),
(0.673563570589096,0.738489806495331,-0.0307395848663854),(0.,0.,-1.),(0.,
0.,-1.),(-0.688166275375797,-0.725438288585228,0.0129022048479744),(-0.54228708121904,
-0.840193264399884,0.),(0.,0.,-1.),(0.,0.,-1.),(-0.971516973520266,-0.236969977343169,
0.),(0.,0.,-1.),(0.926989897020291,0.375086297833325,0.),(0.891278188820326,
0.453456933052258,0.),(0.,0.,-1.),(-0.980562316253259,-0.196207909993568,
0.),(-0.493774443308019,-0.869590017845109,0.),(0.,0.,-1.),(0.,0.,-1.),
(0.966259937344143,0.257568890752926,0.),(0.,0.,-1.),(0.92726668660635,
0.374401511629002,0.),(-0.954458762176789,-0.298342875403371,0.),(0.,0.,
-1.),(0.964420421123837,0.264373318092656,0.),(0.,0.,-1.),(0.964420421123837,
0.264373318092656,0.),(0.966259937344143,0.257568890752926,0.),(0.,0.,-1.),
(-0.955444537317367,-0.294736418728813,0.0160056110572739),(0.927527724577859,
0.373745705838357,-0.00254312933387314),(0.,0.,-1.),(0.,0.,-1.),(0.698548490916385,
0.715562719709769,0.),(-0.897207004311417,-0.441610225667991,0.),(0.,0.,
-1.),(-0.845316945323641,-0.534265160710212,0.),(0.,0.,-1.),(0.733632837350301,
0.679546069050029,0.),(-0.911080424424454,-0.412228650424198,0.),(0.,0.,
-1.),(-0.912254150943859,-0.409624662448074,0.),(0.,0.,-1.),(-0.888179344152011,
-0.459496956052708,0.),(0.,0.,-1.),(-0.813487197911781,-0.581058935277414,
0.0246798008079064),(0.,0.,-1.),(0.928927415441654,0.37008303504511,-0.0115066942554911),
(0.,0.,-1.),(-0.792712239515156,-0.609596018132391,0.),(0.,0.,-1.),(-0.825009402322275,
-0.565119001697733,0.),(-0.94355125496611,-0.30260567287959,0.134687920738905),
(0.,0.,-1.),(0.,0.,-1.),(0.726450280765789,0.687219025911904,0.),(0.,0.,
-1.),(-0.69942202875655,-0.714708909759821,0.),(0.698548490916385,0.715562719709769,
0.),(0.,0.,-1.),(-0.897207004311417,-0.441610225667991,0.),(0.,0.,-1.),
(-0.736293157819254,-0.673318631869511,0.0671893274703743),(0.,0.,-1.),
(0.788124797641407,0.614972776766888,-0.0258415784795634),(0.746755488020621,
0.664930075269695,-0.0149745154486821),(0.,0.,-1.),(0.,0.,-1.),(-0.663660679484929,
-0.748033757597611,0.),(0.,0.,-1.),(-0.731703672109197,-0.681622869497435,
0.),(-0.70037466284004,-0.713750823720353,0.00592395899866664),(0.,0.,-1.),
(0.,0.,-1.),(-0.731703672109197,-0.681622869497435,0.),(0.926989897020291,
0.375086297833325,0.),(0.,0.,-1.),(0.,0.,-1.),(-0.519334918194679,-0.854570794459842,
0.),(0.959874446813469,0.28043010957195,0.),(-0.663660679484929,-0.748033757597611,
0.),(0.,0.,-1.),(0.,0.,-1.),(-0.756596387567493,-0.653882180763339,0.),
(-0.845316945323641,-0.534265160710212,0.),(0.,0.,-1.),(0.,0.,-1.),(-0.912254150943859,
-0.409624662448074,0.),(0.,0.,-1.),(-0.745924904459157,-0.665964523726803,
0.0093429141561489),(0.,0.,-1.),(0.749886458353485,0.65754696862453,-0.0728167812441465),
(0.734732797956175,0.678281715301914,-0.010081185177563),(0.,0.,-1.),(-0.911080424424454,
-0.412228650424198,0.),(0.,0.,-1.),(-0.775099931795269,-0.631838662738337,
0.),(-0.774713478001591,-0.63230597672252,0.00285986077611078),(0.,0.,-1.),
(0.,0.,-1.),(0.992796863352151,0.119809799758323,0.),(0.785581512631189,
0.618758181369824,0.),(0.78460159530254,0.619844589505069,-0.0138932181297942),
(0.992796863352151,0.119809799758323,0.),(0.,0.,-1.),(0.,0.,-1.),(0.875687817422953,
0.482877672311554,0.),(0.946519220033238,0.322647433133552,0.),(0.,0.,-1.),
(0.,0.,-1.),(-0.775683807018903,-0.631121724811198,0.),(-0.773349946931448,
-0.633907026702707,0.0095781562975026),(0.,0.,-1.),(0.,0.,-1.),(0.863633131154208,
0.50412083350401,0.),(0.,0.,-1.),(-0.808451278950657,-0.588563105845964,
0.),(0.863553137339091,0.50425574645538,-0.00145641976777728),(0.,0.,-1.),
(0.,0.,-1.),(0.85495417844113,0.518703530705212,0.),(-0.93758682528333,
-0.347751268948261,0.),(-0.797057642326006,-0.603846506072417,0.00827719238895561),
(0.,0.,-1.),(0.,0.,-1.),(-0.84536074648771,-0.534195852003496,0.),(-0.844832361233268,
-0.535020803291316,0.0033198582103504),(0.,0.,-1.),(0.,0.,-1.),(-0.937656609805182,
-0.347563062031415,0.),(0.,0.,-1.),(0.936112234677709,0.351701413256623,
0.),(0.935799125564891,0.352528142835816,-0.00197613276790555),(0.,0.,-1.),
(0.,0.,-1.),(-0.888179344152011,-0.459496956052708,0.),(-0.825009402322275,
-0.565119001697733,0.),(0.,0.,-1.),(0.,0.,-1.),(-0.800464077215652,-0.599380731328006,
0.),(-0.756638749405914,-0.653832894350902,0.000590899464422837),(0.,0.,
-1.),(0.,0.,-1.),(-0.785274446709023,-0.619108194409171,0.00700620876459715),
(0.,0.,-1.),(0.82189359317057,0.569641046190642,0.),(0.814829383166652,
0.579418265736192,-0.0180983330590865),(0.,0.,-1.),(0.,0.,-1.),(0.870722510761237,
-0.491774652919045,0.),(0.,0.,-1.),(0.939768649658421,-0.341811183432005,
0.),(-0.856147757886188,0.516731087381486,0.),(0.,0.,-1.),(-0.855644163803413,
0.517564551480449,0.),(0.,0.,-1.),(0.884347293393245,-0.466829588466757,
0.),(0.,0.,-1.),(0.863870139703062,-0.503714583598105,0.),(0.870722510761237,
-0.491774652919045,0.),(0.,0.,-1.),(0.,0.,-1.),(0.884347293393245,-0.466829588466757,
0.),(-0.856147757886188,0.516731087381486,0.),(0.939768649658421,-0.341811183432005,
0.),(0.,0.,-1.),(0.,0.,-1.),(-0.932714616696585,0.360615368225681,0.),(0.498895602244016,
-0.866662089895237,0.),(0.,0.,-1.),(0.927143951568242,-0.374705341662519,
0.),(0.,0.,-1.),(-0.948091813094651,0.317996720019085,0.),(0.,0.,-1.),(0.895423497921227,
-0.445215407831439,0.),(-0.809223917807013,0.587500341148044,0.),(0.,0.,
-1.),(0.568066287977697,-0.822982802045851,0.),(0.885456019819842,-0.464723183158322,
0.),(0.,0.,-1.),(-0.968950178578346,0.247256044279995,0.),(0.,0.,-1.),(-0.957530575819666,
0.288331747073505,0.),(0.,0.,-1.),(-0.914225781987744,0.405205157357231,
0.),(0.,0.,-1.),(0.885456019819842,-0.464723183158322,0.),(1.,0.,0.),(0.,
0.,-1.),(-0.557799647670037,-0.82997563401535,0.),(-0.831469955549485,-0.555569719313911,
0.),(0.,0.,-1.),(-0.855139758339456,0.518397524788782,0.),(0.431842150897192,
-0.901949198518679,0.),(-0.855139758339456,0.518397524788782,0.),(0.431842150897192,
-0.901949198518679,0.),(0.,0.,-1.),(0.,0.,-1.),(-0.855644163803413,0.517564551480449,
0.),(0.,0.,-1.),(0.836686425737102,-0.547682229935638,0.),(0.863870139703062,
-0.503714583598105,0.),(0.,0.,-1.),(0.,0.,-1.),(0.705124608843352,-0.709083412585226,
0.),(0.,0.,-1.),(-0.994590679399163,0.103871942565405,0.),(0.577825088500201,
-0.81616062579601,0.),(0.,0.,-1.),(0.998616976166761,-0.0525750407660864,
0.),(0.909503683167449,0.415695862746847,0.),(0.,0.,-1.),(0.474289683061544,
-0.880368841191793,0.),(0.,0.,-1.),(0.474289683061544,-0.880368841191793,
0.),(0.,0.,-1.),(0.886827995956581,-0.462099670620564,0.),(-0.932714616696585,
0.360615368225681,0.),(0.,0.,-1.),(0.498895602244016,-0.866662089895237,
0.),(0.,0.,-1.),(0.5156617610886,-0.856792243283635,0.),(0.856983758739412,
-0.515343416817241,0.),(0.,0.,-1.),(-0.449627485362509,0.893216168912423,
0.),(0.212696552070018,-0.977118302324507,0.),(0.,0.,-1.),(0.556020357758296,
-0.83116867226715,0.),(0.927143951568242,-0.374705341662519,0.),(0.,0.,
-1.),(0.,0.,-1.),(-0.821036152887438,0.570876199934622,0.),(0.,0.,-1.),
(0.80935062915539,-0.587325769131387,0.),(0.,0.,-1.),(0.799345994603547,
-0.600871018531654,0.),(-0.144893761067633,-0.989447218402111,0.),(-0.821036152887438,
0.570876199934622,0.),(0.,0.,-1.),(0.,0.,-1.),(0.120534768209319,-0.992709106260603,
0.),(0.568066287977697,-0.822982802045851,0.),(0.,0.,-1.),(-0.0122882102589512,
-0.999924497093971,0.),(0.895423497921227,-0.445215407831439,0.),(0.,0.,
-1.),(-0.809223917807013,0.587500341148044,0.),(0.836686425737102,-0.547682229935638,
0.),(0.,0.,-1.),(0.,0.,-1.),(-0.948091813094651,0.317996720019085,0.),(-0.968950178578346,
0.247256044279995,0.),(0.,0.,-1.),(0.,0.,-1.),(0.72385388749245,0.689953295203427,
0.),(0.,0.,-1.),(-0.792161920339264,-0.610310979718053,0.),(0.,0.,-1.),
(-0.818844418311747,-0.574015521218457,0.),(0.,0.,-1.),(-0.710152295636088,
-0.704048092819514,0.),(0.,0.,-1.),(0.999774480793501,0.0212364675519439,
0.),(0.78957182971251,0.613658150540216,0.),(0.,0.,-1.),(0.,-1.,0.),(-0.659463717752004,
-0.751736393271408,0.),(0.72385388749245,0.689953295203427,0.),(0.,0.,-1.),
(0.,0.,-1.),(0.650796213774695,0.75925245349391,0.),(0.,-1.,0.),(-0.818844418311747,
-0.574015521218457,0.),(0.,0.,-1.),(0.,0.,-1.),(-0.792161920339264,-0.610310979718053,
0.),(0.,0.,-1.),(-0.813082261242182,-0.582148809543831,0.),(0.997894916376347,
0.0648516450851008,0.),(0.,0.,-1.),(-0.822991967161435,-0.568053009839532,
0.),(0.997875499394417,-0.0651497329874966,0.),(0.,0.,-1.),(0.99510996645953,
-0.0987732486704372,0.),(0.,0.,-1.),(0.99998023398084,-0.00628741979075988,
0.),(0.705124608843352,-0.709083412585226,0.),(0.,0.,-1.),(0.,0.,-1.),(0.999935985592312,
0.0113148008171094,0.),(0.,0.,-1.),(-0.806414797466707,-0.591350297562055,
0.),(0.99999903113974,0.0013920199641373,0.),(0.,0.,-1.),(-0.982730090037356,
-0.185044778729825,0.),(0.819125758987043,-0.57361397382203,0.),(0.,0.,
-1.),(-0.860714836844851,0.509087388996371,0.),(-0.994590679399163,0.103871942565405,
0.),(-0.994590679399163,0.103871942565405,0.),(0.,0.,-1.),(0.577825088500201,
-0.81616062579601,0.),(0.997875499394417,-0.0651497329874966,0.),(-0.822991967161435,
-0.568053009839532,0.),(0.,0.,-1.),(0.,0.,-1.),(0.99998023398084,-0.00628741979075988,
0.),(0.99510996645953,-0.0987732486704372,0.),(0.,0.,-1.),(0.,0.,-1.),(-0.785636871889141,
-0.618687890238888,0.),(0.980141194062272,0.198300881748375,0.),(0.,0.,
-1.),(-0.789528864458722,0.613713428390255,0.),(-0.967653001050069,-0.252284897603475,
0.),(0.,0.,-1.),(-0.971416658732524,-0.237380865144897,0.),(0.,0.,-1.),
(-0.998630654248608,-0.0523145906511466,0.),(0.787564357048302,-0.616232410302391,
0.),(0.,0.,-1.),(-0.974950775221578,-0.22242074070294,0.),(0.796489360391073,
-0.604652543849622,0.),(0.,0.,-1.),(-0.540167153180346,-0.841557750023752,
0.),(0.796764793884185,-0.604289552471902,0.),(0.,0.,-1.),(-0.780728327363472,
0.624870609688306,0.),(-0.997117906379609,-0.0758675212271047,0.),(0.,0.,
-1.),(0.971302907785616,0.237845877255013,0.),(0.,0.,-1.),(-0.997943768178889,
-0.0640955189769216,0.),(0.,0.,-1.),(-0.982554652280634,-0.185974071530638,
0.),(0.829572971624631,-0.558398320869502,0.),(0.,0.,-1.),(-0.783235637004506,
-0.621724968877835,0.),(0.,0.,-1.),(0.844522309618934,0.535520371746866,
0.),(0.,0.,-1.),(0.998454808992427,0.0555697255697356,0.),(0.894729536812251,
0.446608392168951,0.),(-0.785636871889141,-0.618687890238888,0.),(0.,0.,
-1.),(0.980141194062272,0.198300881748375,0.),(0.,0.,-1.),(-0.86197484960188,
0.50695104167347,0.),(0.971302907785616,0.237845877255013,0.),(0.,0.,-1.),
(0.,0.,-1.),(-0.971416658732524,-0.237380865144897,0.),(0.,0.,-1.),(-0.764371188227703,
0.644776462510357,0.),(-0.789528864458722,0.613713428390255,0.),(0.,0.,
-1.),(-0.967653001050069,-0.252284897603475,0.),(-0.974950775221578,-0.22242074070294,
0.),(0.,0.,-1.),(0.796489360391073,-0.604652543849622,0.),(0.,0.,-1.),(-0.772682488762708,
0.63479269967405,0.),(0.,0.,-1.),(0.960869817921327,0.277000348389377,0.),
(0.799826798391896,0.600230866062525,0.),(0.,0.,-1.),(-0.992113022807955,
-0.125346519596127,0.),(-0.540167153180346,-0.841557750023752,0.),(-0.992113022807955,
-0.125346519596127,0.),(-0.540167153180346,-0.841557750023752,0.),(0.,0.,
-1.),(0.,0.,-1.),(0.793078164169317,-0.609119877789114,0.),(0.,0.,-1.),
(0.793078164169317,-0.609119877789114,0.),(-0.540167153180346,-0.841557750023752,
0.),(0.,0.,-1.),(0.796764793884185,-0.604289552471902,0.),(-0.997943768178889,
-0.0640955189769216,0.),(0.,0.,-1.),(0.,0.,-1.),(-0.772682488762708,0.63479269967405,
0.),(-0.780728327363472,0.624870609688306,0.),(0.,0.,-1.),(-0.997117906379609,
-0.0758675212271047,0.),(0.,0.,-1.),(-0.837265799262153,0.546796105862055,
0.),(0.819125758987043,-0.57361397382203,0.),(-0.982730090037356,-0.185044778729825,
0.),(0.,0.,-1.),(0.,0.,-1.),(0.799345994603547,-0.600871018531654,0.),(-0.223871488673189,
-0.974618671997021,-2.74593074154803E-5),(0.80935062915539,-0.587325769131387,
0.),(0.,0.,-1.),(0.,0.,-1.),(-0.851474581848078,0.524395877621707,0.),(-0.837265799262153,
0.546796105862055,0.),(0.,0.,-1.),(0.,0.,-1.),(-0.957530575819666,0.288331747073505,
0.),(0.,0.,-1.),(1.,0.,0.),(0.935922512867155,0.352205976537068,0.),(0.935922512867155,
0.352205976537068,0.),(0.,0.,-1.),(0.881262154673265,-0.472627776099367,
0.),(0.,0.,-1.),(0.905201344311174,-0.424982971726214,0.),(0.904621053825968,
0.426216779688947,-7.54080790782174E-5),(0.,0.,-1.),(0.881262154673265,
-0.472627776099367,0.),(1.,0.,0.),(0.885456019819842,-0.464723183158322,
0.),(0.,0.,1.),(0.88681193367379,0.4621083917537,-0.00451979696027173),
(1.,0.,0.),(0.,0.,1.),(0.905201344311174,-0.424982971726214,0.),(0.,0.,
-1.),(0.,0.,-1.),(0.926566944977848,-0.376129893088036,0.),(-0.747984756847692,
0.663715905733394,0.),(0.926566944977848,-0.376129893088036,0.),(-0.747984756847692,
0.663715905733394,0.),(0.,0.,-1.),(0.885456019819842,-0.464723183158322,
0.),(0.568066287977697,-0.822982802045851,0.),(0.,0.,1.),(0.568066287977697,
-0.822982802045851,0.),(0.,0.,1.),(0.120534768209319,-0.992709106260603,
0.),(-0.659463717752004,-0.751736393271408,0.),(0.,-1.,0.),(0.,0.,-1.),
(0.,0.,-1.),(-0.710152295636088,-0.704048092819514,0.),(0.999774480793501,
0.0212364675519439,0.),(0.,0.,-1.),(0.78957182971251,0.613658150540216,
0.),(0.999935985592312,0.0113148008171094,0.),(0.,0.,-1.),(0.,0.,-1.),(-0.82977436176264,
-0.558099013223822,0.),(0.966652478550607,-0.256091752526255,0.),(0.,0.,
-1.),(-0.767607203875393,0.64092057273784,0.),(0.,0.,-1.),(-0.785478172163633,
0.618889360915566,0.),(0.459892416252854,-0.887974642359292,0.),(0.,0.,
-1.),(0.987889553747124,-0.155158723883988,0.),(0.,0.,-1.),(0.996284714800634,
-0.0861206540535986,0.),(0.,0.,-1.),(0.999663480192278,0.0259408243867177,
0.),(0.854964822444328,0.518685986298781,0.),(0.987889553747124,-0.155158723883988,
0.),(0.,0.,-1.),(0.,0.,-1.),(-0.82977436176264,-0.558099013223822,0.),(0.966652478550607,
-0.256091752526255,0.),(-0.785478172163633,0.618889360915566,0.),(0.,0.,
-1.),(0.459892416252854,-0.887974642359292,0.),(0.,0.,-1.),(-0.726520298122716,
0.68714500392252,0.),(-0.767607203875393,0.64092057273784,0.),(0.,0.,-1.),
(0.,0.,-1.),(0.98816434986755,-0.153398884125151,0.),(0.,0.,-1.),(-0.721991871627171,
-0.691901537290021,0.),(0.993998262393458,-0.109395860793658,0.),(0.,0.,
-1.),(0.990104787595224,-0.140330002426481,0.),(0.934959165882234,0.354755349688764,
0.),(0.,0.,-1.),(-0.47882696528662,0.877909299024908,0.),(-0.918837224492089,
0.394636737883937,0.),(0.,0.,-1.),(-0.404510788169663,0.914533226435409,
0.),(0.,0.,-1.),(0.387938513534387,-0.921685255234524,0.),(0.,0.,-1.),(-0.728225350106614,
0.685337755754124,0.),(0.,0.,-1.),(0.755331322078911,-0.655343111573261,
0.),(0.,-1.,0.),(0.,0.,-1.),(-0.0569130303058389,-0.998379139896967,0.),
(0.,0.,-1.),(-0.745126791664916,0.666922832375042,0.),(0.,0.,-1.),(-0.113641564491347,
-0.993521813962813,0.),(-0.724536580401554,0.689236348185456,0.),(-0.745126791664916,
0.666922832375042,0.),(0.,0.,-1.),(0.,0.,-1.),(-0.728225350106614,0.685337755754124,
0.),(0.,-1.,0.),(0.755331322078911,-0.655343111573261,0.),(0.,0.,-1.),(0.,
0.,-1.),(0.77632418553684,-0.63033384721952,0.),(-0.178280570201722,-0.983979606935642,
0.000414033004574582),(0.,0.,-1.),(-0.724536580401554,0.689236348185456,
0.),(-0.0949642324435756,-0.995470524270626,0.00449776219553187),(0.,0.,
1.),(0.,0.,-1.),(-0.779452670607688,0.62646111952981,0.),(0.77632418553684,
-0.63033384721952,0.),(0.,0.,-1.),(0.,0.,-1.),(-0.983259543213484,-0.182210511989869,
0.),(0.,0.,-1.),(-0.799960566815905,0.600052573979628,0.),(-0.98395001833074,
-0.178444281014933,0.),(-0.998630654248608,-0.0523145906511466,0.),(0.,
0.,-1.),(0.787564357048302,-0.616232410302391,0.),(0.,0.,-1.),(0.780896694252614,
0.624660189947575,0.),(0.,0.,-1.),(-0.985680221603393,-0.168625326507868,
0.),(0.,0.,-1.),(0.,-1.,0.),(-0.977360398639911,-0.211581311014076,0.),
(0.780896694252614,0.624660189947575,0.),(0.,0.,-1.),(0.,0.,-1.),(0.761220723891748,
0.64849287545641,0.),(0.,-1.,0.),(0.761220723891748,0.64849287545641,0.),
(0.,-1.,0.),(0.,0.,-1.),(0.,0.,-1.),(-0.985680221603393,-0.168625326507868,
0.),(0.,0.,-1.),(-0.996232180503969,-0.0867262505145213,0.),(-0.120003248711138,
-0.992773122478654,-0.00086462868064938),(0.,0.,1.),(0.,0.,-1.),(0.755668561778109,
0.654954215758784,0.),(0.,0.,-1.),(0.698443217890502,0.711074342276994,
-0.0809342395905504),(0.,0.,-1.),(-0.728614589654556,-0.684923922594708,
0.),(0.753212579896828,0.657690831658584,-0.0106573654063729),(0.,0.,-1.),
(0.,0.,-1.),(-0.763404019899091,-0.645921281892699,0.),(0.,0.,-1.),(0.,
-1.,0.),(-0.711367413141058,-0.702820320936297,0.),(0.,0.,-1.),(0.,-1.,
0.),(0.,0.,-1.),(0.,-1.,0.),(0.679845540033978,0.733355331129398,0.),(0.683178503575952,
0.73005084542351,-0.0171141855821617),(0.,0.,-1.),(0.,-1.,0.),(0.,-1.,0.),
(-0.711367413141058,-0.702820320936297,0.),(0.,0.,-1.),(0.,0.,-1.),(-0.763404019899091,
-0.645921281892699,0.),(-0.728614589654556,-0.684923922594708,0.),(0.,0.,
-1.),(0.894729536812251,0.446608392168951,0.),(0.998454808992427,0.0555697255697356,
0.),(0.,0.,-1.),(0.,0.,-1.),(0.844522309618934,0.535520371746866,0.),(-0.783235637004506,
-0.621724968877835,0.),(0.,0.,-1.),(0.,0.,-1.),(0.987493135105102,-0.157662005950377,
0.),(-0.889726285681532,0.456494399272702,0.),(0.,0.,-1.),(-0.907589933099355,
-0.419857729876096,0.),(0.,0.,-1.),(-0.890460594863443,0.455060357530123,
0.),(0.,0.,-1.),(-0.961735347673096,-0.273980147156886,0.),(-0.981289260557441,
0.192539313166508,0.),(0.,0.,-1.),(-0.967464597348924,0.253006428527982,
0.),(0.,0.,-1.),(0.968868895718711,-0.24757435834271,0.),(0.987493135105102,
-0.157662005950377,0.),(0.,0.,-1.),(-0.889726285681532,0.456494399272702,
0.),(-0.890460594863443,0.455060357530123,0.),(0.,0.,-1.),(-0.922697317450959,
-0.385498466510442,0.00453791658162848),(0.,0.,1.),(0.,0.,-1.),(0.749112167955852,
-0.662443174785946,0.),(-0.557799647670037,-0.82997563401535,0.),(-0.502406810725631,
-0.864631364237982,2.26377156249028E-5),(0.749112167955852,-0.662443174785946,
0.),(0.,0.,-1.),(-0.555849199791483,-0.831283013793154,0.000466979804751195),
(0.,0.,1.),(-0.831469955549485,-0.555569719313911,0.),(-0.977574592738514,
-0.210589044713336,0.000412163625433106),(0.,0.,-1.),(-0.981289260557441,
0.192539313166508,0.),(-0.967464597348924,0.253006428527982,0.),(0.,0.,
-1.),(0.,0.,-1.),(-0.949917717279336,0.312500128638079,0.),(0.547900043881623,
-0.83654380752864,0.),(-0.949917717279336,0.312500128638079,0.),(0.547900043881623,
-0.83654380752864,0.),(0.,0.,-1.),(0.,0.,-1.),(0.610630221858577,-0.791915861788956,
0.),(0.942076032174887,-0.335399388195062,0.),(0.610630221858577,-0.791915861788956,
0.),(0.942076032174887,-0.335399388195062,0.),(0.,0.,-1.),(0.,0.,-1.),(0.968868895718711,
-0.24757435834271,0.),(0.,0.,-1.),(-0.403009224673712,0.915195916090043,
0.),(0.,0.,-1.),(0.583656278669029,-0.812000830276805,0.),(0.,0.,-1.),(0.583656278669029,
-0.812000830276805,0.),(0.886827995956581,-0.462099670620564,0.),(0.,0.,
-1.),(0.,0.,-1.),(-0.914225781987744,0.405205157357231,0.),(0.,0.,-1.),
(-0.404687737887686,0.914454938640143,0.),(0.,0.,-1.),(-0.617346475084834,
0.786691381483445,0.),(0.909503683167449,0.415695862746847,0.),(0.998616976166761,
-0.0525750407660864,0.),(0.,0.,-1.),(0.,0.,-1.),(-0.806414797466707,-0.591350297562055,
0.),(0.99999903113974,0.0013920199641373,0.),(0.996284714800634,-0.0861206540535986,
0.),(0.,0.,-1.),(0.,0.,-1.),(0.98816434986755,-0.153398884125151,0.),(0.,
0.,-1.),(0.912716039849431,0.408594457379897,0.),(0.,0.,-1.),(-0.790245855685573,
-0.612789921238736,0.),(-0.721991871627171,-0.691901537290021,0.),(0.,0.,
-1.),(0.993998262393458,-0.109395860793658,0.),(-0.779452670607688,0.62646111952981,
0.),(0.,0.,-1.),(0.,0.,-1.),(0.815541427796191,-0.578698694959778,0.),(0.,
0.,-1.),(-0.813914187942111,0.580985107095297,0.),(0.815541427796191,-0.578698694959778,
0.),(0.,0.,-1.),(0.,0.,-1.),(-0.982554652280634,-0.185974071530638,0.),
(0.829572971624631,-0.558398320869502,0.),(0.,0.,-1.),(0.771844204307353,
-0.635811705048869,0.),(0.,0.,-1.),(0.789362251406281,-0.613927712401718,
0.),(0.,-1.,0.),(0.,-1.,0.),(0.,0.,-1.),(-0.764510561215212,0.644611202036081,
0.),(0.,-1.,0.),(0.,0.,-1.),(-0.764510561215212,0.644611202036081,0.),(0.789362251406281,
-0.613927712401718,0.),(0.,0.,-1.),(0.,-1.,0.),(0.960869817921327,0.277000348389377,
0.),(0.,0.,-1.),(0.799826798391896,0.600230866062525,0.),(0.,-1.,0.),(0.,
0.,-1.),(-0.977360398639911,-0.211581311014076,0.),(-0.860714836844851,
0.509087388996371,0.),(0.,0.,-1.),(-0.994590679399163,0.103871942565405,
0.),(-0.851474581848078,0.524395877621707,0.),(0.,0.,-1.),(0.,0.,-1.),(-1.,
0.,0.),(-0.355320421759951,0.934744562904931,0.),(-0.449627485362509,0.893216168912423,
0.),(0.,0.,-1.),(0.212696552070018,-0.977118302324507,0.),(-0.355320421759951,
0.934744562904931,0.),(-1.,0.,0.),(0.,0.,-1.),(0.,0.,-1.),(-0.403009224673712,
0.915195916090043,0.),(0.,0.,-1.),(0.618314734172022,-0.785930588223783,
0.),(0.882123829519075,-0.471017568031812,0.),(0.618314734172022,-0.785930588223783,
0.),(0.882123829519075,-0.471017568031812,0.),(0.,0.,-1.),(0.,0.,-1.),(0.556020357758296,
-0.83116867226715,0.),(0.,0.,-1.),(-0.239048738415145,0.971007569827407,
0.),(0.,0.,-1.),(0.199255063962575,-0.979947661605083,0.),(0.,0.,-1.),(0.199255063962575,
-0.979947661605083,0.),(0.5156617610886,-0.856792243283635,0.),(0.,0.,-1.),
(0.856983758739412,-0.515343416817241,0.),(-0.808451278950657,-0.588563105845964,
0.),(0.,0.,-1.),(0.,0.,-1.),(-0.726520298122716,0.68714500392252,0.),(0.,
0.,-1.),(-0.780420519066889,-0.625254998716018,0.),(-0.797940486439873,
0.602736244223042,0.),(0.,0.,-1.),(-0.970941922302956,-0.239315238784833,
0.),(-0.780420519066889,-0.625254998716018,0.),(0.,0.,-1.),(-0.980528148766312,
0.196378587114046,0.),(-0.970941922302956,-0.239315238784833,0.),(0.,0.,
-1.),(0.80101322787447,-0.598646647673002,0.),(-0.980528148766312,0.196378587114046,
0.),(0.80101322787447,-0.598646647673002,0.),(0.,0.,-1.),(-0.961595366294008,
0.27447103583592,-4.48224214131231E-5),(-0.813914187942111,0.580985107095297,
0.),(0.,0.,-1.),(0.,0.,-1.),(-0.7277004188855,-0.685895107102474,-4.90586833250556E-5),
(-0.797940486439873,0.602736244223042,0.),(-0.799960566815905,0.600052573979628,
0.),(0.,0.,-1.),(-0.98395001833074,-0.178444281014933,0.),(0.,0.,-1.),(0.998185651571123,
0.060211336121471,0.),(0.,0.,-1.),(-0.891415772423657,0.453186408307151,
0.),(-0.999922540182435,0.0124464306171065,0.),(-0.891415772423657,0.453186408307151,
0.),(-0.999922540182435,0.0124464306171065,0.),(0.,0.,-1.),(0.,0.,-1.),
(-0.86197484960188,0.50695104167347,0.),(-0.996232180503969,-0.0867262505145213,
0.),(0.,0.,-1.),(0.,0.,-1.),(0.998185651571123,0.060211336121471,0.),(-0.813082261242182,
-0.582148809543831,0.),(0.,0.,-1.),(0.997894916376347,0.0648516450851008,
0.),(0.,0.,-1.),(0.921747665958778,-0.387790201397024,0.),(0.,0.,-1.),(0.96481705038132,
-0.26292215443642,0.),(0.,0.,-1.),(0.974553177262551,-0.224156429056733,
0.),(-1.,0.,0.),(0.96481705038132,-0.26292215443642,0.),(0.,0.,-1.),(0.,
0.,-1.),(0.921747665958778,-0.387790201397024,0.),(0.974553177262551,-0.224156429056733,
0.),(0.,0.,-1.),(-1.,0.,0.),(-0.617346475084834,0.786691381483445,0.),(0.,
0.,-1.),(0.,0.,-1.),(0.987387297010808,-0.158323484365679,0.),(0.,0.,-1.),
(-0.934076037034094,0.357074161818917,0.),(0.934959165882234,0.354755349688764,
0.),(0.990104787595224,-0.140330002426481,0.),(0.,0.,-1.),(0.,0.,-1.),(-1.,
0.,0.),(-0.199129617212751,0.97997316062671,0.),(-0.239048738415145,0.971007569827407,
0.),(0.,0.,-1.),(0.,0.,-1.),(0.185775980633531,-0.982592125461857,0.),(-1.,
0.,0.),(0.,0.,-1.),(-0.857999808989353,-0.513650005134073,0.),(0.,0.,-1.),
(0.871641793971192,0.490143431051239,0.),(-0.790245855685573,-0.612789921238736,
0.),(0.,0.,-1.),(0.,0.,-1.),(-0.857999808989353,-0.513650005134073,0.),
(0.85495417844113,0.518703530705212,0.),(0.,0.,-1.),(-0.93758682528333,
-0.347751268948261,0.),(0.912716039849431,0.408594457379897,0.),(0.,0.,
-1.),(0.,0.,-1.),(0.871641793971192,0.490143431051239,0.),(-0.937656609805182,
-0.347563062031415,0.),(0.,0.,-1.),(-0.970941922302956,-0.239315238784833,
0.),(-0.971356161710479,0.237613585718895,-0.00264404782389601),(0.,0.,
1.),(0.,0.,1.),(-0.970941922302956,-0.239315238784833,0.),(-0.749778475588519,
-0.661682586106961,-0.00289703071449556),(-0.983259543213484,-0.182210511989869,
0.),(0.,0.,-1.),(0.,0.,-1.),(-0.947780005228977,0.318924852728916,0.),(0.451392264984172,
-0.892325626165953,0.),(0.,0.,-1.),(-0.937726356547232,-0.347374841110655,
0.),(0.984342832977474,-0.176264537459697,0.),(-0.947780005228977,0.318924852728916,
0.),(0.,0.,-1.),(0.451392264984172,-0.892325626165953,0.),(-0.934076037034094,
0.357074161818917,0.),(0.,0.,-1.),(0.,0.,-1.),(-0.45171682739745,0.892161368725402,
0.),(-0.967036377617258,0.25463826178501,0.),(0.,0.,-1.),(-0.380754146589641,
0.924676310854125,0.),(0.,0.,-1.),(0.384417680528838,-0.923159274934087,
0.),(0.384417680528838,-0.923159274934087,0.),(0.,0.,-1.),(0.,0.,-1.),(0.987387297010808,
-0.158323484365679,0.),(-0.937726356547232,-0.347374841110655,0.),(0.,0.,
-1.),(0.984342832977474,-0.176264537459697,0.),(0.,0.,-1.),(0.993313681377663,
-0.115446656027595,0.),(0.940831106630203,0.338875830942526,0.),(0.,0.,
-1.),(-0.974504820808565,0.224366562171965,0.),(0.,0.,-1.),(-0.410622317457475,
0.911805523346866,0.),(0.,0.,-1.),(0.49750767982327,-0.867459571690155,
0.),(-0.478839506043158,0.877902458962466,0.),(0.,0.,-1.),(-0.981867656285994,
0.189567680630031,0.),(0.,0.,-1.),(0.450053436416284,-0.89300162618547,
0.),(0.,0.,-1.),(-1.,0.,0.),(-0.340022286498765,0.940417377914802,0.),(0.,
0.,-1.),(0.374190750863256,-0.92735175740837,0.),(-0.410622317457475,0.911805523346866,
0.),(0.,0.,-1.),(0.,0.,-1.),(0.49750767982327,-0.867459571690155,0.),(0.450053436416284,
-0.89300162618547,0.),(0.,0.,-1.),(0.,0.,-1.),(0.331336686651182,-0.943512586073454,
0.),(-1.,0.,0.),(0.331336686651182,-0.943512586073454,0.),(-1.,0.,0.),(0.,
0.,-1.),(-1.,0.,0.),(0.,0.,-1.),(-0.340022286498765,0.940417377914802,0.),
(0.374190750863256,-0.92735175740837,0.),(0.,0.,-1.),(0.,0.,-1.),(-0.615822560316866,
-0.787884873699692,0.),(0.993313681377663,-0.115446656027595,0.),(-0.723380285170438,
-0.690449826581726,0.),(0.,0.,-1.),(0.,0.,-1.),(0.993313681377663,-0.115446656027595,
0.),(0.940831106630203,0.338875830942526,0.),(-0.404687737887686,0.914454938640143,
0.),(0.,0.,-1.),(-1.,0.,0.),(0.185775980633531,-0.982592125461857,0.),(0.,
0.,-1.),(-0.199129617212751,0.97997316062671,0.),(-1.,0.,0.),(0.,0.,-1.),
(0.,0.,-1.),(0.498160514506461,0.867084829637019,0.),(0.120536799472308,
0.992708859622484,0.),(0.,0.,-1.),(-0.751779348921706,0.659414748496617,
0.),(0.,0.,-1.),(0.758915234613559,-0.651189424569723,0.),(0.,0.,-1.),(-0.755549208295191,
0.655091897251454,0.),(0.498160514506461,0.867084829637019,0.),(0.,0.,-1.),
(0.120536799472308,0.992708859622484,0.),(-0.354604773196458,0.935016285861529,
0.),(0.120536799472308,0.992708859622484,0.),(0.565877754555246,0.82447928308521,
-0.00403468249203076),(0.,0.,1.),(0.566171964530005,0.824287147766389,-6.78777244996849E-5),
(-0.755549208295191,0.655091897251454,0.),(0.,0.,-1.),(0.,0.,-1.),(0.758915234613559,
-0.651189424569723,0.),(-0.751779348921706,0.659414748496617,0.),(0.,0.,
-1.),(0.,0.,-1.),(-0.981025895784892,0.193876743833424,0.),(0.511667279026973,
-0.85918367976419,0.),(-0.954884934172082,-0.296866739769369,0.00805613492223706),
(0.,0.,-1.),(0.,0.,-1.),(-0.897412421734127,-0.441192639690747,0.),(-0.47882696528662,
0.877909299024908,0.),(0.,0.,-1.),(-0.918837224492089,0.394636737883937,
0.),(0.,0.,-1.),(-1.,0.,0.),(-0.327417965576303,0.944879609166096,0.),(-0.404510788169663,
0.914533226435409,0.),(0.,0.,-1.),(0.854964822444328,0.518685986298781,
0.),(0.999663480192278,0.0259408243867177,0.),(0.,0.,-1.),(0.,0.,-1.),(0.755637425418827,
-0.654990138327598,0.),(0.,-1.,0.),(0.,-1.,0.),(0.,0.,-1.),(-0.737992183842189,
0.674809259411752,0.),(-0.764371188227703,0.644776462510357,0.),(0.,0.,
-1.),(0.,0.,-1.),(0.755637425418827,-0.654990138327598,0.),(0.,-1.,0.),
(0.771844204307353,-0.635811705048869,0.),(0.,0.,-1.),(0.,0.,-1.),(-0.45171682739745,
0.892161368725402,0.),(-0.967036377617258,0.25463826178501,0.),(-0.974504820808565,
0.224366562171965,0.),(0.,0.,-1.),(0.,0.,-1.),(0.313535256446998,-0.949576559822701,
0.),(-1.,0.,0.),(0.313535256446998,-0.949576559822701,0.),(-1.,0.,0.),(0.,
0.,-1.),(0.,0.,-1.),(0.387938513534387,-0.921685255234524,0.),(-0.327417965576303,
0.944879609166096,0.),(-1.,0.,0.),(0.,0.,-1.),(0.,0.,-1.),(-0.467269267579566,
0.884115055620961,0.),(-0.354604773196458,0.935016285861529,0.),(0.120536799472308,
0.992708859622484,0.),(0.,0.,1.),(0.,0.,-1.),(-0.572791914026096,0.819700813240003,
0.),(0.768549255172045,-0.639790623856348,0.),(0.768549255172045,-0.639790623856348,
0.),(-0.636751401269329,0.771069162224323,-6.94458174693264E-6),(0.,0.,
-1.),(-0.737992183842189,0.674809259411752,0.),(0.,-1.,0.),(0.,0.,-1.),
(0.,0.,-1.),(-1.,0.,0.),(-0.307471559883286,0.951557270931676,0.),(-1.,
0.,0.),(-0.307471559883286,0.951557270931676,0.),(0.,0.,-1.),(0.,0.,-1.),
(-0.380754146589641,0.924676310854125,0.),(0.,0.,-1.),(0.315353282831166,
-0.948974344757332,0.),(-1.,0.,0.),(0.315353282831166,-0.948974344757332,
0.),(-1.,0.,0.),(0.,0.,-1.),(-0.567952714293138,0.823061155749532,-0.000219598044043527),
(0.,0.,1.),(0.,0.,-1.),(0.891312809812729,0.453388878407639,0.),(0.,0.,
-1.),(-0.858565963365118,-0.512703117360258,0.),(0.,0.,-1.),(-0.870336313078649,
-0.492457817621635,0.),(0.,0.,-1.),(0.838104689641222,0.545509421734758,
0.),(-0.999967408591012,-0.00807352189415482,0.),(0.,0.,-1.),(-0.870816970350802,
-0.491607367875066,0.),(0.891312809812729,0.453388878407639,0.),(0.,0.,
-1.),(0.,0.,-1.),(0.838104689641222,0.545509421734758,0.),(-0.999967408591012,
-0.00807352189415482,0.),(-0.870336313078649,-0.492457817621635,0.),(0.,
0.,-1.),(0.,0.,-1.),(-0.836030394920727,-0.548683131478173,0.),(-0.858565963365118,
-0.512703117360258,0.),(0.,0.,-1.),(0.,0.,-1.),(-0.870816970350802,-0.491607367875066,
0.),(0.,0.,-1.),(-0.713628209060155,0.700524645700346,0.),(0.,0.,-1.),(-0.808680973302908,
0.588247467838036,0.),(0.,0.,-1.),(-0.947868655753256,-0.318661280108699,
0.),(0.875023279990374,-0.484080839813855,0.),(-0.808680973302908,0.588247467838036,
0.),(0.,0.,-1.),(0.,0.,-1.),(0.894090827338263,-0.447885691298105,0.),(-0.713628209060155,
0.700524645700346,0.),(0.,0.,-1.),(0.,0.,-1.),(-0.892134839082488,0.451769220836549,
0.),(0.,0.,-1.),(-0.892134839082488,0.451769220836549,0.),(0.894090827338263,
-0.447885691298105,0.),(0.,0.,-1.),(0.,0.,-1.),(0.812164233582842,-0.583428879717823,
0.),(0.953682762220817,0.300814210174442,0.),(0.,0.,-1.),(0.928195114519214,
0.372093844859952,0.),(0.,0.,-1.),(-0.918985102990541,-0.394292252626735,
0.),(-0.947868655753256,-0.318661280108699,0.),(0.,0.,-1.),(0.875023279990374,
-0.484080839813855,0.),(-0.571940847673663,0.820294865741784,0.),(0.,0.,
-1.),(0.,0.,-1.),(0.911661970508736,-0.410940934354475,0.),(0.934433676809628,
0.356137197782033,0.),(-0.921644165571357,0.388036122117874,0.),(0.,0.,
-1.),(0.395278778516592,-0.918561204958293,0.),(0.,0.,-1.),(-0.833628214453703,
-0.552325990757931,0.),(0.,0.,-1.),(0.810159317167098,-0.586209758369256,
0.),(0.,0.,-1.),(-0.419172019298978,0.907906833456394,0.),(-0.728166061672591,
0.685400748925932,0.),(0.810159317167098,-0.586209758369256,0.),(0.,0.,
-1.),(0.,0.,-1.),(0.812164233582842,-0.583428879717823,0.),(0.953682762220817,
0.300814210174442,0.),(0.92791246653704,0.372756779703773,-0.00555316396467925),
(0.,0.,-1.),(0.,0.,-1.),(0.85562558400814,-0.517595266584548,0.),(0.892584495626232,
-0.450880159430047,0.),(0.,0.,-1.),(0.972806917859713,0.231617573953888,
0.),(0.,0.,-1.),(-0.967072535791432,-0.254500904748746,0.),(-0.978427771106764,
-0.206589197992176,0.),(0.,0.,-1.),(0.813689612447891,-0.581299591083978,
0.),(0.972438872020667,0.233157972591914,0.),(0.,0.,-1.),(-0.999233257023204,
-0.0391522420660595,0.),(0.982202452572922,0.187825296911082,0.),(0.,0.,
-1.),(0.,0.,-1.),(-0.999786828137417,-0.0206469921035472,0.),(-0.967072535791432,
-0.254500904748746,0.),(0.,0.,-1.),(0.,0.,-1.),(-0.807745416852844,0.589531459341421,
0.),(-0.419172019298978,0.907906833456394,0.),(0.,0.,-1.),(-0.728166061672591,
0.685400748925932,0.),(0.,0.,-1.),(0.880604086333712,0.461012434347765,
-0.109562669322705),(-0.999966918671055,-0.00813397587376159,0.),(0.,0.,
-1.),(0.,0.,-1.),(-0.986534284325151,-0.163554595933779,0.),(0.725136328214482,
-0.688605333629953,0.),(0.,0.,-1.),(-0.939834078564537,0.341631240914452,
0.),(0.392244221523794,-0.919861114887021,0.),(0.,0.,-1.),(-0.415138119926971,
0.909758397259129,0.),(-0.999592209524448,0.0285554663423957,0.),(-0.999592209524448,
0.0285554663423957,0.),(0.,0.,-1.),(0.356776215066162,-0.934189880250832,
0.),(0.,0.,-1.),(-0.999812954672116,0.0193405188610157,0.),(0.554396125050636,
-0.832252928218844,0.),(0.,0.,-1.),(-0.344512426632793,0.93878175732999,
0.),(-0.99965508477088,-0.0262623588377677,0.),(0.,0.,-1.),(0.995184525470859,
0.0980191831395306,0.),(0.,0.,-1.),(-0.999997772680678,0.00211060031325399,
0.),(0.326136439055159,-0.945322708454854,0.),(0.,0.,-1.),(-0.367522840804973,
0.930014495309961,0.),(-0.999997772680678,0.00211060031325399,0.),(0.,0.,
-1.),(-0.666086112044965,-0.745874849650276,0.),(0.,0.,-1.),(0.753147867204931,
0.657851267479712,0.),(0.,0.,-1.),(0.658381245162013,0.752684619225687,
0.),(0.,0.,-1.),(-0.76033436215891,-0.649531875830896,0.),(0.,0.,-1.),(-0.574213948207335,
-0.818705283776857,0.),(-0.76033436215891,-0.649531875830896,0.),(0.,0.,
-1.),(0.,0.,-1.),(-0.666086112044965,-0.745874849650276,0.),(0.753147867204931,
0.657851267479712,0.),(0.,0.,-1.),(0.,0.,-1.),(0.867309663266589,0.497768970511819,
0.),(0.,0.,-1.),(0.867309663266589,0.497768970511819,0.),(0.,0.,-1.),(0.613709209359143,
0.789532143961078,0.),(-0.953791367304676,-0.300469678428752,0.),(0.613709209359143,
0.789532143961078,0.),(-0.953791367304676,-0.300469678428752,0.),(0.,0.,
-1.),(0.,0.,-1.),(0.658381245162013,0.752684619225687,0.),(0.,0.,-1.),(-0.859500708998481,
-0.511134552961457,0.),(-0.859500708998481,-0.511134552961457,0.),(0.,0.,
-1.),(0.,0.,-1.),(0.47894156747456,-0.877846783297069,0.),(0.,0.,-1.),(-0.442055261536206,
0.896987818060065,0.),(0.,0.,-1.),(-0.485877528416588,0.874026903121287,
0.),(0.,0.,-1.),(0.44423386676037,-0.895910861427146,0.),(0.,0.,-1.),(0.505970054479668,
-0.86245093788653,0.0131409173380776),(0.479074294805771,-0.877773823240377,
0.000967104092059532),(0.,0.,-1.),(0.,0.,-1.),(-0.485877528416588,0.874026903121287,
0.),(0.,0.,-1.),(0.736364277441514,-0.67658528723882,0.),(-0.417638371598386,
0.908613333915285,0.),(0.736364277441514,-0.67658528723882,0.),(-0.417638371598386,
0.908613333915285,0.),(0.,0.,-1.),(0.,0.,-1.),(-0.442055261536206,0.896987818060065,
0.),(0.,0.,-1.),(0.539226609964083,-0.842160710973056,0.),(0.,0.,-1.),(-0.527499370859498,
0.849555421230913,0.),(0.,0.,-1.),(-0.527499370859498,0.849555421230913,
0.),(0.,0.,-1.),(0.648427965213673,-0.76127601691427,0.),(0.,0.,-1.),(-1.,
0.,0.),(-0.769910946742247,0.638151341051992,0.),(0.,0.,-1.),(-0.824472016351862,
0.565902725079756,0.),(0.,0.,-1.),(0.525401269810656,-0.850854573755909,
0.),(0.648427965213673,-0.76127601691427,0.),(0.,0.,-1.),(0.,0.,-1.),(0.428548504610977,
-0.90351877633821,0.),(-1.,0.,0.),(-1.,0.,0.),(-0.769910946742247,0.638151341051992,
0.),(0.,0.,-1.),(0.,0.,-1.),(-0.880599046648522,0.473862130837351,0.),(0.,
0.,-1.),(0.719454976219678,-0.69453908255241,0.),(-0.515938469659381,0.856625644914706,
0.),(0.,0.,-1.),(0.543510636315137,-0.839402280323514,0.),(0.525401269810656,
-0.850854573755909,0.),(0.,0.,-1.),(0.,0.,-1.),(-0.880599046648522,0.473862130837351,
0.),(-0.824472016351862,0.565902725079756,0.),(0.,0.,-1.),(0.,0.,-1.),(0.533733466515523,
-0.845635253017824,0.00544110051403573),(0.44423386676037,-0.895910861427146,
0.),(0.,0.,-1.),(0.,0.,-1.),(0.66545776850364,-0.746435501793796,0.),(-0.500346290147172,
0.865825380741384,0.),(0.,0.,-1.),(0.578918409665099,-0.815385476293779,
0.),(0.,0.,-1.),(0.665496824714108,-0.746400680797814,0.),(0.,0.,-1.),(0.879814963380912,
-0.475316347510839,0.),(-0.688461882588352,0.725272525484664,0.),(-0.851959716870628,
0.523607334583578,0.),(0.,0.,-1.),(0.,0.,-1.),(0.428548504610977,-0.90351877633821,
0.),(-1.,0.,0.),(0.,0.,-1.),(0.569908187956656,-0.821708377284764,0.),(0.,
0.,-1.),(0.569908187956656,-0.821708377284764,0.),(-0.980579493582197,0.196122045589175,
0.),(0.,0.,-1.),(0.590183622884738,-0.807269032775719,0.),(0.,0.,-1.),(-0.579005303343713,
0.815323775379974,0.),(0.,0.,-1.),(-0.529398704520029,0.848373155900465,
0.),(0.578918409665099,-0.815385476293779,0.),(0.,0.,-1.),(0.,0.,-1.),(-0.579005303343713,
0.815323775379974,0.),(-0.993690478647606,0.112157178303895,0.),(0.,0.,
-1.),(0.557578933073207,-0.830123926527205,0.),(-0.549284513312031,0.835635401018629,
0.),(0.,0.,-1.),(-0.981022757473211,0.193892623169779,0.),(-0.984809529429334,
0.17363810280343,0.),(0.,0.,-1.),(0.,0.,-1.),(-0.99400419817504,0.109341913328764,
0.),(-0.500346290147172,0.865825380741384,0.),(0.66545776850364,-0.746435501793796,
0.),(0.,0.,-1.),(0.,0.,-1.),(-0.529398704520029,0.848373155900465,0.),(0.665496824714108,
-0.746400680797814,0.),(0.,0.,-1.),(0.,0.,-1.),(-0.981865180381931,0.189580504149446,
0.),(0.,0.,-1.),(-0.552874089436993,0.833264808586811,0.),(-0.588753737018529,
0.808312462570457,0.),(0.,0.,-1.),(-0.983107228424325,0.183030536850666,
0.),(0.543510636315137,-0.839402280323514,0.),(0.,0.,-1.),(0.,0.,-1.),(-0.988178165797887,
0.153309858262029,0.),(0.586076971040684,-0.810255381972731,0.),(-0.552874089436993,
0.833264808586811,0.),(0.,0.,-1.),(0.,0.,-1.),(0.719454976219678,-0.69453908255241,
0.),(-0.515938469659381,0.856625644914706,0.),(0.777494959915065,-0.628889169334845,
0.),(0.,0.,-1.),(-0.641439566755895,0.767173567193246,0.),(0.,0.,-1.),(-0.765369995330245,
0.643590529955329,0.),(0.,0.,-1.),(-0.691781023224979,0.722107343755622,
0.),(-0.803447395551025,0.595375749071353,0.),(0.,0.,-1.),(0.,0.,-1.),(-0.765369995330245,
0.643590529955329,0.),(-0.691781023224979,0.722107343755622,0.),(0.,0.,
-1.),(0.,0.,-1.),(0.879814963380912,-0.475316347510839,0.),(-0.688461882588352,
0.725272525484664,0.),(0.,0.,-1.),(0.700433387969433,0.713717779670411,
0.),(-0.971984159706467,-0.23504636410656,0.),(0.,0.,-1.),(-0.684059566830296,
-0.724670575853045,0.0831568729616717),(0.,0.,-1.),(-0.691239442812897,
-0.715500077859706,0.10123078228716),(-0.649079989094733,-0.591555811857528,
0.478285363788567),(0.,0.,-1.),(-0.633568642854927,-0.77368648352609,0.),
(0.,0.,-1.),(0.741056744804312,0.671442403322904,0.),(0.700433387969433,
0.713717779670411,0.),(0.,0.,-1.),(-0.971984159706467,-0.23504636410656,
0.),(0.,0.,-1.),(0.965920024191379,0.25884069785512,0.),(-0.86139567814002,
0.507934528932317,0.),(0.,0.,-1.),(0.97335235801075,0.229314603012788,0.),
(0.,0.,-1.),(-0.966944632891231,-0.254986424977571,0.),(-0.966944632891231,
-0.254986424977571,0.),(0.,0.,-1.),(0.,0.,-1.),(-0.639865444053083,-0.76835238184875,
0.0143816137517008),(-0.647154177146481,-0.590591070041411,0.482072254946499),
(0.,0.,-1.),(-0.688631857684819,-0.610065957511616,0.391925620579963),(-0.798117061172313,
-0.602502412165853,0.),(-0.662000574124877,-0.597891233001839,0.451974903460219),
(0.,0.,-1.),(-0.859294042365151,-0.511481914397527,0.),(0.,0.,-1.),(0.,
0.,-1.),(-0.726544878300969,-0.687119014301475,0.),(0.,0.,-1.),(-0.723267047391985,
-0.690568445671304,0.),(0.,0.,-1.),(-0.961496085732696,-0.274818625862049,
0.),(-0.731672434286007,-0.681656400913238,0.),(0.,0.,-1.),(-0.739846177633939,
-0.672624052528126,0.0143009580479944),(0.,0.,-1.),(0.897607771194346,-0.440795064731354,
0.),(0.979882365127373,0.199575926685523,0.),(0.,0.,-1.),(0.,0.,-1.),(0.765208177139569,
0.643782918101077,0.),(-0.978069676510558,-0.208277958244582,0.),(0.,0.,
-1.),(0.912404090022144,-0.382300462653693,0.146168166047315),(0.,0.,-1.),
(0.964523329585243,0.263997626288186,0.),(-0.919066870121423,0.394101621723651,
0.),(-0.733633482777488,-0.678887474372866,0.0298949843185101),(0.,0.,-1.),
(0.,0.,-1.),(-0.726544878300969,-0.687119014301475,0.),(-0.961496085732696,
-0.274818625862049,0.),(0.,0.,-1.),(-0.731672434286007,-0.681656400913238,
0.),(0.,0.,-1.),(-0.971450153577966,-0.237243754635071,0.),(0.,0.,-1.),
(-0.905385899589648,-0.42458965228117,0.),(0.,0.,-1.),(0.992296692572796,
0.123884114837576,0.),(0.,0.,-1.),(0.995762340910022,-0.0919639082759822,
0.),(0.,0.,-1.),(-0.975158211240546,0.21675171115902,-0.0456635386252078),
(0.,0.,-1.),(0.974356561125124,0.225009537114369,0.),(-0.972880347921083,
0.231308946279542,0.),(0.,0.,-1.),(0.859639284668414,0.51090145845826,0.),
(-0.986277097783204,-0.16509841425144,0.),(0.,0.,-1.),(-0.909114738997766,
-0.416545785403026,0.),(0.,0.,-1.),(-0.987012285985756,-0.160644786137528,
0.),(0.,0.,-1.),(-0.75733474012434,-0.586225663437908,0.287721328593455),
(0.,0.,-1.),(0.836213541465516,0.548403968867568,0.),(0.746404540156585,
0.546066207113366,-0.38038396375565),(0.765208177139569,0.643782918101077,
0.),(0.765208177139569,0.643782918101077,0.),(-0.978069676510558,-0.208277958244582,
0.),(0.746404540156585,0.546066207113366,-0.38038396375565),(0.,0.,-1.),
(0.,0.,-1.),(-0.791527407300682,-0.579362037153022,0.19448391552455),(-0.887833759015645,
-0.459189637573016,0.0299348141419173),(0.,0.,-1.),(0.,0.,-1.),(-0.905385899589648,
-0.42458965228117,0.),(-0.971450153577966,-0.237243754635071,0.),(0.,0.,
-1.),(0.,0.,-1.),(0.888666408673843,0.458554265158154,0.),(0.890621790090213,
0.454744793281357,0.),(0.,0.,-1.),(0.746404540156585,0.546066207113366,
-0.38038396375565),(0.,0.,-1.),(-0.892990735048736,-0.450075046094669,0.),
(-0.929363880254268,-0.36916497406814,0.),(0.,0.,-1.),(0.891727766799512,
-0.452572193046319,0.),(-0.796448222777314,-0.60470672927863,0.),(0.,0.,
-1.),(0.931500108481946,0.36374104511056,0.),(0.966823501614047,-0.255445330211285,
0.),(0.,0.,-1.),(0.976560030975741,0.215245222712745,0.),(0.934488070733494,
-0.355994446103857,0.),(0.,0.,-1.),(0.,0.,-1.),(-0.833628214453703,-0.552325990757931,
0.),(0.,0.,-1.),(-0.872658217375253,-0.488331481319243,0.),(0.,0.,-1.),
(-0.897851363597033,-0.440298681450387,0.),(0.964975915917336,-0.262338486881925,
0.),(0.,0.,-1.),(0.920928991523677,0.389730410118563,0.),(0.972624010311671,
-0.23238445422455,0.),(0.,0.,-1.),(0.,0.,-1.),(-0.853773510274232,-0.52064459389685,
0.),(0.999059449451641,-0.043361462860295,0.),(-0.872658217375253,-0.488331481319243,
0.),(0.,0.,-1.),(0.,0.,-1.),(0.992953207749513,0.11850707666613,0.),(-0.897851363597033,
-0.440298681450387,0.),(0.,0.,-1.),(0.,0.,-1.),(0.966372894727386,0.257144761440347,
0.),(0.,0.,-1.),(0.966372894727386,0.257144761440347,0.),(0.,0.,-1.),(0.940445770741537,
0.339943748720809,0.),(0.,0.,-1.),(0.891519553875699,0.452982212738286,
0.),(0.,0.,-1.),(-0.856020068810981,-0.516942590422614,0.),(-0.904786567620256,
-0.425865315626849,0.),(0.,0.,-1.),(0.956405557930467,-0.292041792830601,
0.),(0.891519553875699,0.452982212738286,0.),(0.,0.,-1.),(0.,0.,-1.),(0.940445770741537,
0.339943748720809,0.),(0.,0.,-1.),(0.817578610050128,0.575816999044401,
0.),(0.817578610050128,0.575816999044401,0.),(0.,0.,-1.),(0.,0.,-1.),(0.741056744804312,
0.671442403322904,0.),(0.,0.,-1.),(0.258995289981573,0.965878584381785,
0.),(0.,0.,-1.),(0.354498630643182,0.935056533516615,0.),(0.,0.,-1.),(0.158988906583249,
-0.98728036928902,0.),(0.524647586628892,0.851319511020674,0.),(0.,0.,-1.),
(-0.159108734955828,-0.987261064997884,0.),(0.29163081481244,-0.956530954988824,
0.),(0.,0.,-1.),(-0.46902055130184,-0.88318725220449,0.),(0.893982999074864,
0.448100878558736,0.),(0.,0.,-1.),(0.863411453701258,0.504500407945801,
0.),(0.,0.,-1.),(0.999903542191312,0.0138890717208311,0.),(0.49843650819381,
0.866926206374892,0.),(0.,0.,-1.),(-0.708372258228325,-0.70583903531365,
0.),(0.993165337954828,-0.116715943577016,0.),(0.,0.,-1.),(-0.324215185691392,
-0.945983357870051,0.),(0.874674803194091,0.484710211010021,0.),(0.,0.,
-1.),(0.996059648125617,-0.0886858352606082,0.),(0.,0.,-1.),(0.829286515780831,
0.558823652634792,0.),(0.469282331586701,0.883048182864644,0.),(0.,0.,-1.),
(0.995225549164989,-0.0976017740066568,0.),(0.,0.,-1.),(0.29163081481244,
-0.956530954988824,0.),(0.656497788422394,-0.754327948439209,0.),(0.656497788422394,
-0.754327948439209,0.),(0.,0.,-1.),(0.90803672983496,-0.41889055524162,
0.),(0.,0.,-1.),(0.90803672983496,-0.41889055524162,0.),(0.999903542191312,
0.0138890717208311,0.),(0.,0.,-1.),(-0.646600735331305,-0.762828610546966,
0.),(0.997966468918109,-0.0637410928296729,0.),(0.,0.,-1.),(-0.99296761621239,
0.118386287860902,0.),(-0.715289926352585,-0.69882781946522,0.),(0.,0.,
-1.),(-0.729968555868452,-0.683480729386957,0.),(0.,0.,-1.),(-0.722939869785581,
-0.6909109527822,0.),(-0.162132712021687,0.986768961658448,0.),(0.,0.,-1.),
(0.,0.,-1.),(0.201005255827188,0.979590162838443,0.),(-0.175342052621313,
0.984507574669969,0.),(0.,0.,-1.),(-0.100195515307535,-0.994967767675043,
0.),(0.,0.,-1.),(0.0961127174139366,0.995370456438862,0.),(-0.00279637026146472,
0.999996090149037,0.),(0.,0.,-1.),(0.,0.,-1.),(-0.14481778932181,0.989458340657121,
0.),(-0.100195515307535,-0.994967767675043,0.),(0.,0.,-1.),(0.,0.,-1.),
(-0.148894252297779,0.988853124398505,0.),(-0.115976622081777,-0.993251943431525,
0.),(0.,0.,-1.),(-0.102708768318566,-0.99471147018142,0.),(0.,0.,-1.),(-0.102708768318566,
-0.99471147018142,0.),(0.,0.,-1.),(-0.16775934858499,-0.985827977368435,
0.),(0.0961127174139366,0.995370456438862,0.),(0.,0.,-1.),(0.,0.,-1.),(-0.16775934858499,
-0.985827977368435,0.),(-0.214150384674634,-0.976800702673635,0.),(0.,0.,
-1.),(0.799160630044371,0.601117532090925,0.),(0.258995289981573,0.965878584381785,
0.),(0.,0.,-1.),(0.,0.,-1.),(-0.999888863830597,0.0148983893573753,-0.000545877379251145),
(0.176930794898341,-0.984223294693151,0.),(0.,0.,-1.),(-0.99999824337095,
-0.00187436789725151,0.),(0.23752305691009,-0.971381900920583,0.),(0.,0.,
-1.),(-0.999992016037782,0.00399598056719505,0.),(0.,0.,-1.),(-0.176053889951694,
0.984380529994817,0.),(-0.999951327949875,0.00986619132603592,0.),(0.,0.,
-1.),(0.0581217604328518,-0.998309501589655,0.),(0.,0.,-1.),(0.0581217604328518,
-0.998309501589655,0.),(-0.999650953904363,0.0264185567326012,-0.000173834008392295),
(0.,0.,-1.),(0.,0.,-1.),(-0.0330318573528682,0.999454299305286,0.),(-0.0330394590406583,
0.999454041935793,-0.000110474007599898),(0.,0.,-1.),(0.,0.,-1.),(0.0623806070740036,
-0.998052433422753,0.),(-0.999992016037782,0.00399598056719505,0.),(0.,
0.,-1.),(0.,0.,-1.),(0.179906419132802,-0.983683729841463,0.),(0.23752305691009,
-0.971381900920583,0.),(-0.99999824337095,-0.00187436789725151,0.),(0.,
0.,-1.),(0.,0.,-1.),(0.,-0.999999999999603,0.),(0.,0.,-1.),(0.842861391929103,
0.538130722032607,0.),(0.103432655483759,0.994636459104319,0.),(0.,0.,-1.),
(-0.153764784845178,-0.988107479448221,0.),(0.103432655483759,0.994636459104319,
0.),(0.842861391929103,0.538130722032607,0.),(0.,0.,-1.),(0.,0.,-1.),(-0.0565108116664343,
-0.998401987260042,0.),(0.,0.,-1.),(-0.0439193325162662,0.99903508058092,
0.),(-0.0439193325162662,0.99903508058092,0.),(0.,0.,-1.),(-0.999951327949875,
0.00986619132603592,0.),(-0.176053889951694,0.984380529994817,0.),(0.,0.,
-1.),(0.,0.,-1.),(-0.0615192293703648,-0.998105898398399,0.),(0.7975939639047,
0.603194718762348,0.),(0.,-0.999999999999603,0.),(0.,0.,-1.),(0.,0.,-1.),
(0.0623806070740036,-0.998052433422753,0.),(0.,0.,-1.),(0.490540669903482,
0.871418298620498,0.),(0.0889914682514341,0.996032388317997,0.),(0.,0.,
-1.),(-0.126271936554352,0.991995664324605,0.),(-0.999306075818902,0.0372473734836048,
0.),(0.,0.,-1.),(0.,0.,-1.),(-0.999920128707805,0.012638678924889,0.),(0.,
0.,-1.),(0.0690578920986588,-0.997612654059124,0.),(0.0614893919557916,
-0.997884957659391,0.0210871039742731),(0.,0.,-1.),(0.,0.,-1.),(-0.999979095804589,
-0.00646590703904503,0.),(0.134084557442151,-0.990969894323507,0.),(-0.126271936554352,
0.991995664324605,0.),(0.,0.,-1.),(-0.999306075818902,0.0372473734836048,
0.),(-0.0140250370815066,0.999901644330512,0.),(0.,0.,-1.),(0.,0.,-1.),
(-0.415138119926971,0.909758397259129,0.),(-0.999592209524448,0.0285554663423957,
0.),(0.,0.,-1.),(0.388809200805797,-0.921318297532811,0.),(0.404874173261722,
-0.914372409812128,0.),(0.,0.,-1.),(0.,0.,-1.),(0.448644457894377,-0.89371032801499,
0.),(0.388809200805797,-0.921318297532811,0.),(0.,0.,-1.),(0.,0.,-1.),(-0.682517302014723,
0.730869435980561,0.),(-0.939834078564537,0.341631240914452,0.),(-0.682517302014723,
0.730869435980561,0.),(-0.939834078564537,0.341631240914452,0.),(0.,0.,
-1.),(-0.939834078564537,0.341631240914452,0.),(0.,0.,-1.),(0.392244221523794,
-0.919861114887021,0.),(0.486776086291463,-0.873526783684831,0.),(0.,0.,
-1.),(0.,0.,-1.),(-0.689890441417284,0.723913792409749,0.),(0.,0.,-1.),
(-0.649929722885833,0.759994312682368,0.),(0.,0.,-1.),(0.940934377260122,
-0.33858898046172,0.),(-0.492774000969941,0.870157332881862,0.),(0.,0.,
-1.),(0.55149578367371,-0.834177679268704,0.),(-0.107325074957631,0.994223982956224,
0.),(0.,0.,-1.),(0.,0.,-1.),(0.591077990335214,-0.806614411811049,0.),(0.043901636624792,
0.999035858366287,0.),(-0.713162251256908,0.700999003838221,0.),(0.,0.,
-1.),(0.342890827991044,-0.939375260521383,0.),(-0.689890441417284,0.723913792409749,
0.),(0.,0.,-1.),(0.,0.,-1.),(0.870762436083155,-0.491703955553065,0.),(0.,
0.,-1.),(0.500667330647149,-0.865639777287677,0.),(0.775888447567577,-0.630870126833705,
0.),(0.266531217367224,-0.963826286303059,0.),(0.,0.,-1.),(0.,0.,-1.),(0.940934377260122,
-0.33858898046172,0.),(-0.486574623728757,0.873517790388605,0.0145535362653492),
(0.870762436083155,-0.491703955553065,0.),(0.,0.,-1.),(0.,0.,-1.),(-0.47313311342961,
0.880109697249531,0.039395149241267),(0.,0.,-1.),(0.503800646604151,-0.863819951425781,
0.),(-0.649929722885833,0.759994312682368,0.),(0.,0.,-1.),(0.,0.,-1.),(0.124151479609564,
-0.992263276610979,0.),(0.,0.,-1.),(0.160013425098293,-0.987114838196809,
0.),(0.64567264921705,0.763614320225227,0.),(0.,0.,-1.),(-0.330605403505012,
0.943769075130823,0.),(-0.535908592652902,0.84427600956132,0.),(0.,0.,-1.),
(0.,0.,-1.),(0.479164120578667,-0.877725324660325,0.),(0.,0.,-1.),(-0.442567943233935,
0.896734975130158,0.),(-0.443453220203712,0.896288773635247,0.00395926083792793),
(0.,0.,-1.),(0.,0.,-1.),(0.55149578367371,-0.834177679268704,0.),(0.503800646604151,
-0.863819951425781,0.),(0.,0.,-1.),(0.,0.,-1.),(0.500667330647149,-0.865639777287677,
0.),(0.775888447567577,-0.630870126833705,0.),(0.0859267474735648,-0.99630145742572,
0.),(0.,0.,-1.),(0.,0.,-1.),(-0.381161041288433,0.924508659020519,0.),(-0.515549031946906,
0.856860079393718,0.),(0.,0.,-1.),(0.,0.,-1.),(-0.543451113677652,0.839440818070291,
0.),(0.,0.,-1.),(-0.543451113677652,0.839440818070291,0.),(-0.763819482634446,
0.645429932640289,0.),(0.,0.,-1.),(0.,0.,-1.),(-0.795050996208719,0.60654258995352,
0.),(-0.989064353279029,0.147484592662206,0.),(-0.696779126016071,0.71728575166964,
0.),(0.,0.,-1.),(-0.0974080034171933,0.995244533202909,0.),(0.677920254724091,
-0.735135448903686,0.),(0.,0.,-1.),(0.,0.,-1.),(-0.0974080034171933,0.995244533202909,
0.),(-0.661236320652849,0.750177664456549,0.),(0.,0.,-1.),(0.701913959569592,
-0.712261744979567,0.),(0.,0.,-1.),(-0.592832230846105,0.805325987454788,
0.),(-0.592832230846105,0.805325987454788,0.),(0.,0.,-1.),(0.,0.,-1.),(-0.715771361396837,
0.698334703565646,0.),(0.701913959569592,-0.712261744979567,0.),(0.,0.,
-1.),(0.,0.,-1.),(-0.0544098080489354,0.998518689253275,0.),(-0.508682024389294,
0.860954469216119,0.),(0.0299777050724503,0.999550567604556,0.),(0.,0.,
-1.),(0.,0.,-1.),(-0.593771645871062,0.804633601435815,0.),(0.,0.,-1.),
(-0.6811284367471,0.732163952031546,0.),(0.514737266095314,-0.857334201635717,
0.00485938250912281),(0.,0.,-1.),(0.714562285777267,-0.699571826008429,
0.),(0.689096944300066,-0.724669166831535,0.),(0.,0.,-1.),(0.114151707471068,
0.993463329812147,0.),(-0.593771645871062,0.804633601435815,0.),(0.,0.,
-1.),(0.,0.,-1.),(0.693520673896381,-0.720436725103815,0.),(0.,0.,-1.),
(-0.555457208497865,0.83154512176295,0.),(0.461190385193308,-0.887301205118785,
0.),(0.,0.,-1.),(0.536606787111749,-0.84382059436947,0.00446772241309095),
(0.527813431111717,-0.849340791482867,0.00576210563375552),(0.,0.,-1.),
(0.,0.,-1.),(-0.6811284367471,0.732163952031546,0.),(0.512080685145272,
-0.858937350393583,0.),(-0.508682024389294,0.860954469216119,0.),(-0.0544098080489354,
0.998518689253275,0.),(0.,0.,-1.),(0.,0.,-1.),(0.714562285777267,-0.699571826008429,
0.),(0.,0.,-1.),(-0.461038519197274,0.887380123631573,0.),(0.,0.,-1.),(0.600643678087439,
-0.799516836579189,0.),(0.693520673896381,-0.720436725103815,0.),(0.,0.,
-1.),(0.,0.,-1.),(-0.102051400356023,0.994779127085694,0.),(-0.498765259850558,
0.866737108681868,0.),(0.546427072282662,-0.837506556240182,-0.000472156021778694),
(0.,0.,-1.),(-0.102051400356023,0.994779127085694,0.),(-0.555457208497865,
0.83154512176295,0.),(0.,0.,-1.),(0.461190385193308,-0.887301205118785,
0.),(0.479164120578667,-0.877725324660325,0.),(0.,0.,-1.),(0.,0.,-1.),(-0.461038519197274,
0.887380123631573,0.),(0.,0.,-1.),(-0.593436446099172,0.804880851083677,
0.),(-0.593436446099172,0.804880851083677,0.),(0.,0.,-1.),(0.,0.,-1.),(0.600643678087439,
-0.799516836579189,0.),(-0.999812954672116,0.0193405188610157,0.),(0.,0.,
-1.),(0.554396125050636,-0.832252928218844,0.),(0.,0.,-1.),(-0.321294750707865,
0.946979241149229,0.),(-0.999895190587688,-0.0144778396044242,0.),(0.,0.,
-1.),(-0.99999960467515,-0.000889184763308564,0.),(0.,0.,-1.),(-0.999962858019297,
0.00861873435488739,0.),(0.277829743060751,-0.960630331537994,0.),(0.,0.,
-1.),(-0.999919356392922,0.0126996342768374,0.),(0.289121799580089,-0.957292319517696,
0.),(0.,0.,-1.),(-0.999883775008171,0.0152458674862443,0.),(0.,0.,-1.),
(-0.343095361811275,0.939300576335174,0.),(-0.999760771954583,0.0218723309406206,
0.),(0.,0.,-1.),(-0.999999995771278,-9.19643583317095E-5,0.),(0.323481121978332,
-0.946234624035519,0.),(0.,0.,-1.),(-0.99991316256529,-0.0131782900514697,
0.),(0.,0.,-1.),(0.940126706144401,0.340825140495942,0.),(-0.99999960467515,
-0.000889184763308564,0.),(0.,0.,-1.),(0.,0.,-1.),(-0.338420999105974,0.94099480729923,
0.),(-0.321294750707865,0.946979241149229,0.),(0.,0.,-1.),(-0.999895190587688,
-0.0144778396044242,0.),(-0.999919356392922,0.0126996342768374,0.),(0.,
0.,-1.),(0.289121799580089,-0.957292319517696,0.),(-0.999962858019297,0.00861873435488739,
0.),(0.,0.,-1.),(0.277829743060751,-0.960630331537994,0.),(-0.999883775008171,
0.0152458674862443,0.),(0.,0.,-1.),(0.,0.,-1.),(0.317703307004799,-0.948190175396378,
0.),(0.,0.,-1.),(0.317703307004799,-0.948190175396378,0.),(0.,0.,-1.),(-0.35592535489006,
0.934514388196557,0.),(-0.999999995771278,-9.19643583317095E-5,0.),(0.,
0.,-1.),(0.323481121978332,-0.946234624035519,0.),(0.,0.,-1.),(0.347364558345821,
-0.937730165668788,0.),(0.347364558345821,-0.937730165668788,0.),(0.,0.,
-1.),(0.,0.,-1.),(-0.343095361811275,0.939300576335174,0.),(-0.999760771954583,
0.0218723309406206,0.),(0.,0.,-1.),(-0.999947828914958,0.0102146682894086,
0.),(0.877948945279757,0.478754268369653,0.),(0.,0.,-1.),(-0.999925236456923,
0.0122278982890501,0.),(0.,0.,-1.),(-0.302099916201966,0.953276266688081,
0.),(0.,0.,-1.),(-0.994720153871505,0.102624633893865,0.),(0.,0.,-1.),(0.323519021823702,
-0.946221666692448,0.),(0.,0.,-1.),(-0.287042713560302,0.957917783837391,
0.),(-0.999898590696499,0.0142410787216163,0.),(0.323519021823702,-0.946221666692448,
0.),(0.,0.,-1.),(0.849510107620521,0.52757086788316,0.00124756225485137),
(-0.999947828914958,0.0102146682894086,0.),(0.,0.,-1.),(0.,0.,-1.),(-0.999925236456923,
0.0122278982890501,0.),(0.925061415587461,0.37978881387656,0.00467271286934984),
(0.,0.,1.),(-0.99965508477088,-0.0262623588377677,0.),(-0.344512426632793,
0.93878175732999,0.),(0.,0.,-1.),(0.,0.,-1.),(-0.362670318934761,0.931917506952069,
0.),(-0.99991316256529,-0.0131782900514697,0.),(0.,0.,-1.),(-0.999997772680678,
0.00211060031325399,0.),(-0.367522840804973,0.930014495309961,0.),(0.,0.,
-1.),(0.,0.,-1.),(0.354529354050281,-0.935044885081294,0.),(0.,0.,-1.),
(0.354529354050281,-0.935044885081294,0.),(-0.999997772680678,0.00211060031325399,
0.),(0.,0.,-1.),(0.326136439055159,-0.945322708454854,0.),(0.,0.,-1.),(-0.393260722875172,
0.919426997560816,0.),(0.387502316866828,-0.921868729496147,0.),(0.,0.,
-1.),(0.,0.,-1.),(-0.999592209524448,0.0285554663423957,0.),(0.356776215066162,
-0.934189880250832,0.),(-0.780718691218986,-0.624882649128069,0.),(0.,0.,
-1.),(0.998086635472643,-0.0618309638522684,0.),(0.,0.,-1.),(-0.791169319930056,
-0.611597177234666,0.),(-0.779625967651661,-0.626245439554822,0.),(0.,0.,
-1.),(0.,0.,-1.),(-0.988646968126904,0.15025702117865,0.),(0.,0.,-1.),(0.994809029843886,
-0.101759491650986,0.),(0.994809029843886,-0.101759491650986,0.),(0.,0.,
-1.),(0.,0.,-1.),(-0.988712412342489,0.149817518446516,-0.00157379999488662),
(0.,0.,-1.),(-0.999837666238963,0.0180178014703177,0.),(-0.808470837891275,
-0.588536238713794,0.),(0.,0.,-1.),(0.744615716353679,0.667493396940448,
0.),(0.467401407903809,0.88404520466407,0.),(-0.995650990297445,0.0918515986131877,
-0.01556885840127),(0.,0.,-1.),(-0.808470837891275,-0.588536238713794,0.),
(0.,0.,-1.),(0.984378473420341,-0.176065388610705,0.),(0.,0.,-1.),(-0.968265890701709,
0.249922317738185,0.),(0.984378473420341,-0.176065388610705,0.),(0.,0.,
-1.),(0.,0.,-1.),(-0.511700025815453,-0.859164177314478,0.),(0.547227964641188,
0.836983604806369,0.),(0.,0.,-1.),(0.,0.,-1.),(-0.511700025815453,-0.859164177314478,
0.),(0.,0.,-1.),(0.444701186143688,0.895678991069009,0.),(0.,0.,-1.),(0.30812148917268,
0.951347017607145,0.),(-0.480232183400028,-0.877141408227227,0.),(0.436593133714409,
0.899659066309806,0.),(0.,0.,-1.),(-0.532612824046474,-0.846359013457788,
0.),(0.,0.,-1.),(-0.280623404440986,-0.959817954030842,0.),(0.,0.,-1.),
(-0.466246638379285,-0.884654775717633,0.),(0.,0.,-1.),(-0.466246638379285,
-0.884654775717633,0.),(0.158988906583249,-0.98728036928902,0.),(0.,0.,
-1.),(0.524647586628892,0.851319511020674,0.),(0.,0.,-1.),(-0.303741469687545,
-0.952754490722584,0.),(0.0109378927567469,-0.999940179461772,0.),(0.,0.,
-1.),(0.545291092883629,0.83824675604608,0.),(0.0565110176182715,-0.998401975602887,
0.),(0.,0.,-1.),(0.,0.,-1.),(-0.474635993833267,-0.880182181913442,0.),
(0.,0.,-1.),(0.460451381137587,0.887684924738777,0.),(-0.46902055130184,
-0.88318725220449,0.),(0.,0.,-1.),(0.893982999074864,0.448100878558736,
0.),(-0.474635993833267,-0.880182181913442,0.),(0.,0.,-1.),(0.,0.,-1.),
(0.444701186143688,0.895678991069009,0.),(0.,0.,-1.),(0.483338584804162,
0.875433499724285,0.),(0.460451381137587,0.887684924738777,0.),(0.,0.,-1.),
(0.,0.,-1.),(0.863411453701258,0.504500407945801,0.),(0.483338584804162,
0.875433499724285,0.),(0.,0.,-1.),(0.,0.,-1.),(-0.762046357053729,-0.647522470421792,
0.),(0.984457039388561,-0.175625560777212,0.),(0.,0.,-1.),(-0.723024873704902,
-0.690821997336514,0.),(0.,0.,-1.),(-0.785812260522358,-0.61846510913126,
0.),(0.,0.,-1.),(0.765976842180439,0.642868164745528,0.),(0.,0.,-1.),(0.799026048485457,
0.601296410966934,0.),(0.303650099438799,0.952783615051606,0.),(0.765976842180439,
0.642868164745528,0.),(0.,0.,-1.),(0.,0.,-1.),(-0.992121933281775,0.12527597335975,
0.),(-0.737359205989765,-0.675500852214224,0.),(-0.762046357053729,-0.647522470421792,
0.),(0.,0.,-1.),(0.984457039388561,-0.175625560777212,0.),(0.,0.,-1.),(0.971794104295258,
-0.235830911580684,0.),(0.,0.,-1.),(-0.949763117854012,0.172346958901914,
-0.26124039833358),(0.970470607698572,-0.240159126837938,0.0225918876945496),
(0.,0.,-1.),(0.,0.,-1.),(-0.708372258228325,-0.70583903531365,0.),(0.993165337954828,
-0.116715943577016,0.),(-0.723024873704902,-0.690821997336514,0.),(0.,0.,
-1.),(0.,0.,-1.),(-0.785812260522358,-0.61846510913126,0.),(0.303650099438799,
0.952783615051606,0.),(0.799026048485457,0.601296410966934,0.),(0.,0.,-1.),
(0.,0.,-1.),(0.838878251436589,0.544319096915303,0.),(0.217917752279748,
0.975967137377762,0.),(0.,0.,-1.),(0.,0.,-1.),(0.996059648125617,-0.0886858352606082,
0.),(0.838878251436589,0.544319096915303,0.),(0.,0.,-1.),(0.,0.,-1.),(0.333135205077677,
0.942879067080107,0.),(0.,0.,-1.),(0.414375765335176,0.910105886753232,
0.),(-0.324215185691392,-0.945983357870051,0.),(0.,0.,-1.),(0.874674803194091,
0.484710211010021,0.),(0.30812148917268,0.951347017607145,0.),(0.,0.,-1.),
(-0.480232183400028,-0.877141408227227,0.),(0.414375765335176,0.910105886753232,
0.),(0.,0.,-1.),(0.,0.,-1.),(0.333135205077677,0.942879067080107,0.),(0.0255889983631261,
-0.99967254796897,0.),(0.,0.,-1.),(0.,0.,-1.),(-0.53168162160728,-0.846944303508237,
0.),(-0.108270209388601,-0.994121502513123,0.),(-0.443809537237879,-0.896121138382919,
0.),(0.,0.,-1.),(0.101966640489517,-0.994787818696671,0.),(0.336144304235631,
0.941810494064461,0.),(0.,0.,-1.),(0.467401407903809,0.88404520466407,0.),
(0.744615716353679,0.667493396940448,0.),(0.,0.,-1.),(0.469282331586701,
0.883048182864644,0.),(0.829286515780831,0.558823652634792,0.),(0.,0.,-1.),
(0.,0.,-1.),(0.29163081481244,-0.956530954988824,0.),(0.656497788422394,
-0.754327948439209,0.),(-0.159108734955828,-0.987261064997884,0.),(0.,0.,
-1.),(0.29163081481244,-0.956530954988824,0.),(0.656497788422394,-0.754327948439209,
0.),(0.,0.,-1.),(0.90803672983496,-0.41889055524162,0.),(-0.303741469687545,
-0.952754490722584,0.),(0.,0.,-1.),(0.,0.,-1.),(-0.493448435130523,-0.869775052451631,
0.),(0.999903542191312,0.0138890717208311,0.),(0.90803672983496,-0.41889055524162,
0.),(0.,0.,-1.),(0.,0.,-1.),(0.999903542191312,0.0138890717208311,0.),(0.49843650819381,
0.866926206374892,0.),(-0.280623404440986,-0.959817954030842,0.),(0.,0.,
-1.),(0.,0.,-1.),(-0.965904212699105,0.258899694650502,0.),(0.,0.,-1.),
(0.937931689131321,-0.320206895371573,0.133235470801753),(-0.990632575587952,
0.131853921046039,-0.0355196239952633),(0.,0.,-1.),(-0.737359205989765,
-0.675500852214224,0.),(-0.966660306619013,0.255883227561852,-0.00957211887541037),
(-0.880334690979635,0.331094201052622,-0.339687300155772),(0.,0.,-1.),(0.,
0.,-1.),(-0.919066870121423,0.394101621723651,0.),(-0.880334690979635,0.331094201052622,
-0.339687300155772),(-0.951478530442953,0.307715137921616,0.),(0.,0.,-1.),
(0.882810572777711,-0.341781975787866,0.322227518406532),(-0.919066870121423,
0.394101621723651,0.),(0.964523329585243,0.263997626288186,0.),(0.,0.,-1.),
(-0.880334690979635,0.331094201052622,-0.339687300155772),(0.982452965558272,
0.186510510335895,0.),(0.,0.,-1.),(-0.858867254107924,0.512198242696238,
0.),(0.904008435674353,-0.424347636279019,0.0519406566575659),(0.,0.,-1.),
(0.979882365127373,0.199575926685523,0.),(0.,0.,-1.),(0.931630141564934,
-0.363407869105363,0.),(0.,0.,-1.),(0.905613523200624,-0.42097981375668,
0.0513823219166265),(0.,0.,-1.),(-0.86702075715559,0.447133347610888,-0.219879003353274),
(0.93139170817724,-0.364000260496719,0.00364640878174275),(0.,0.,-1.),(0.,
0.,-1.),(-0.931512963673261,0.363708122687214,0.),(0.,0.,-1.),(0.964072783555141,
-0.265638227686155,0.),(0.,0.,-1.),(0.,0.,-1.),(0.876195005630003,-0.481956753359717,
0.),(0.879075161665299,-0.476560389330452,0.0108192173624842),(0.,0.,-1.),
(0.,0.,-1.),(-0.852751489343002,0.452759655116536,-0.260429629885016),(-0.930238375625346,
0.366571140247174,-0.0167977275785669),(0.,0.,-1.),(0.,0.,-1.),(-0.968265890701709,
0.249922317738185,0.),(0.964072783555141,-0.265638227686155,0.),(0.,0.,
-1.),(0.,0.,-1.),(0.995762340910022,-0.0919639082759822,0.),(0.,0.,-1.),
(-0.974293396215377,0.207538281518783,-0.0876369773288502),(0.,0.,-1.),
(0.977296104662506,-0.21187808714327,0.),(0.977332440840401,-0.211706522539995,
0.0012838983470727),(0.,0.,-1.),(0.,0.,-1.),(0.992296692572796,0.123884114837576,
0.),(-0.973651479054383,0.227611784648143,-0.0139883102803703),(0.974356561125124,
0.225009537114369,0.),(0.,0.,-1.),(0.,0.,-1.),(0.984647370962914,-0.173089468320128,
0.0225741181993455),(0.,0.,-1.),(-0.982876673875905,0.18422959178854,-0.0035918602513342),
(-0.988024703747826,0.154072343489329,-0.00830046719926228),(0.,0.,-1.),
(0.,0.,-1.),(-0.989227144493071,0.146388717454881,0.),(0.,0.,-1.),(0.990354124045675,
-0.138559405980698,0.),(0.989758971537387,-0.142630042541613,0.00581800875139387),
(0.,0.,-1.),(0.,0.,-1.),(0.995732212658868,-0.0922895480185818,0.),(-0.729968555868452,
-0.683480729386957,0.),(0.,0.,-1.),(0.,0.,-1.),(-0.99296761621239,0.118386287860902,
0.),(-0.715289926352585,-0.69882781946522,0.),(0.995732212658868,-0.0922895480185818,
0.),(0.,0.,-1.),(0.,0.,-1.),(-0.646600735331305,-0.762828610546966,0.),
(0.997966468918109,-0.0637410928296729,0.),(-0.744317972968492,-0.6678253926859,
0.),(0.,0.,-1.),(0.999998047179141,-0.00197626868226478,0.),(-0.722939869785581,
-0.6909109527822,0.),(0.,0.,-1.),(0.,0.,-1.),(0.497994519292971,0.867180176638144,
0.),(0.,0.,-1.),(0.705157607763862,0.709050596370067,0.),(0.999579838348386,
-0.0289852853602406,0.),(0.,0.,-1.),(0.,0.,-1.),(0.354498630643182,0.935056533516615,
0.),(0.705157607763862,0.709050596370067,0.),(0.,0.,-1.),(0.,0.,-1.),(0.497994519292971,
0.867180176638144,0.),(0.997970857771156,-0.0636723412440809,0.),(0.,0.,
-1.),(0.,0.,-1.),(0.998430590291096,-0.0560031817933083,0.),(0.995658241640148,
-0.0930235077965508,0.00336048378565143),(0.,0.,-1.),(0.,0.,-1.),(0.988334248741514,
-0.152300403034752,0.),(0.988607115102611,-0.150037172861018,0.0120340653299623),
(0.,0.,-1.),(0.,0.,-1.),(-0.968712657252114,0.248184986813359,0.),(0.,0.,
-1.),(0.983384920184338,-0.178888575247902,0.0308703158360773),(0.,0.,-1.),
(0.993626010696702,-0.112726886176095,0.),(0.993698807459828,-0.112043380495911,
0.00299348291520467),(0.,0.,-1.),(0.,0.,-1.),(-0.968712657252114,0.248184986813359,
0.),(0.992981099160004,0.118273144504538,0.),(0.,0.,-1.),(-0.962289658785385,
0.272026860061112,0.),(0.,0.,-1.),(0.995266923722654,0.0971789614250124,
0.),(0.,0.,-1.),(-0.967986292679134,-0.251003062103443,0.),(0.,0.,-1.),
(-0.918232671208436,-0.396041363402133,0.),(0.995266923722654,0.0971789614250124,
0.),(0.,0.,-1.),(0.,0.,-1.),(-0.967986292679134,-0.251003062103443,0.),
(-0.922003681559057,-0.387003202429262,0.0117359490898864),(0.,0.,-1.),
(0.,0.,-1.),(-0.870058887564176,-0.492947798626375,0.),(-0.918985102990541,
-0.394292252626735,0.),(0.,0.,-1.),(0.,0.,-1.),(-0.870058887564176,-0.492947798626375,
0.),(0.86757745505956,0.495935784937433,-0.0368382503774103),(0.,0.,-1.),
(-0.986277097783204,-0.16509841425144,0.),(-0.909114738997766,-0.416545785403026,
0.),(0.,0.,-1.),(0.,0.,-1.),(-0.987012285985756,-0.160644786137528,0.),
(-0.836030394920727,-0.548683131478173,0.),(0.,0.,-1.),(0.,0.,-1.),(-0.975344872885214,
0.220686154836515,0.),(0.,0.,-1.),(0.984936294618979,-0.172917597549343,
0.),(0.,0.,-1.),(0.961476877392958,-0.274885820366724,0.),(0.,0.,-1.),(-0.910354721298731,
0.413828806886508,0.),(0.,0.,-1.),(-0.993014731341373,0.11799043748974,
0.),(0.,0.,-1.),(-0.993014731341373,0.11799043748974,0.),(-0.975344872885214,
0.220686154836515,0.),(0.,0.,-1.),(0.,0.,-1.),(0.961476877392958,-0.274885820366724,
0.),(0.98994253309577,-0.141470071633295,0.),(-0.74470350179348,-0.667395455795534,
0.),(0.,0.,-1.),(0.,0.,-1.),(0.984936294618979,-0.172917597549343,0.),(0.,
0.,-1.),(0.89513250763938,-0.445800172462097,0.),(0.89513250763938,-0.445800172462097,
0.),(0.,0.,-1.),(0.,0.,-1.),(-0.999434250178988,-0.0336330130848277,0.),
(0.,0.,-1.),(-0.987078548966996,-0.160237131056471,0.),(-0.803478629841892,
-0.595333596723212,0.),(0.,0.,-1.),(-0.816894436338989,-0.576787205023139,
0.),(-0.999434250178988,-0.0336330130848277,0.),(0.,0.,-1.),(0.,0.,-1.),
(0.94484681590928,0.327512586729266,0.),(-0.851919891131798,0.523672129384394,
0.),(-0.910354721298731,0.413828806886508,0.),(0.,0.,-1.),(0.,0.,-1.),(-0.791169319930056,
-0.611597177234666,0.),(-0.803478629841892,-0.595333596723212,0.),(-0.987078548966996,
-0.160237131056471,0.),(0.,0.,-1.),(0.,0.,-1.),(-0.167979201813328,-0.985790539495159,
0.),(0.856663291127989,0.515875959542371,0.),(0.170484373123458,0.985360380023828,
0.),(0.86824190270628,0.496141107332358,0.),(0.,0.,-1.),(0.,0.,-1.),(0.849835193254228,
0.527048521776267,0.),(0.,0.,-1.),(-0.99551130743991,0.094642679375006,
0.),(-0.87812151521993,-0.478437670452333,0.),(-0.816894436338989,-0.576787205023139,
0.),(0.,0.,-1.),(0.,0.,-1.),(0.840370423330261,-0.542012501324202,0.),(0.945639793220047,
0.325215899793885,0.),(0.,0.,-1.),(0.954286651665269,0.298892934766766,
0.),(0.,0.,-1.),(0.954286651665269,0.298892934766766,0.),(-0.851919891131798,
0.523672129384394,0.),(0.94484681590928,0.327512586729266,0.),(0.,0.,-1.),
(0.,0.,-1.),(0.840370423330261,-0.542012501324202,0.),(0.945639793220047,
0.325215899793885,0.),(0.,0.,-1.),(0.955814977979746,0.293968923305812,
0.),(-0.682213363679397,0.731153148401375,0.),(0.,0.,-1.),(0.502444979653223,
0.864609184788869,0.),(-0.940198133979098,-0.340628050609785,0.),(0.,0.,
-1.),(-0.988744357309323,-0.149614825097562,0.),(-0.368692858788501,-0.929551276626719,
0.),(0.,0.,-1.),(-0.955752734129232,-0.294171227696555,0.),(0.,0.,-1.),
(-0.934110506831559,-0.356983978669754,0.),(-0.68477766259581,-0.728752051667657,
0.),(0.,0.,-1.),(0.950855748846546,0.309634211426118,0.),(0.,0.,-1.),(-0.94556020915577,
-0.325447216705409,0.),(0.,0.,-1.),(0.667351175290761,-0.744743183143048,
0.),(0.942780683529632,0.333413531164228,0.),(0.955814977979746,0.293968923305812,
0.),(0.,0.,-1.),(-0.682213363679397,0.731153148401375,0.),(0.,0.,-1.),(-0.741352483262734,
0.671115858522341,0.),(0.,0.,-1.),(0.699312454871895,-0.71481612353181,
0.),(-0.741352483262734,0.671115858522341,0.),(0.,0.,-1.),(0.,0.,-1.),(-0.909366542359236,
-0.415995783196907,0.),(0.,0.,-1.),(-0.358887855672624,-0.933380687099699,
0.),(0.502444979653223,0.864609184788869,0.),(0.,0.,-1.),(-0.940198133979098,
-0.340628050609785,0.),(-0.909366542359236,-0.415995783196907,0.),(0.,0.,
-1.),(0.,0.,-1.),(-0.955752734129232,-0.294171227696555,0.),(0.,0.,-1.),
(-0.872505048359346,-0.488605096767785,0.),(-0.500573720833267,-0.865693912425829,
0.),(0.,0.,-1.),(-0.95985786416945,-0.28048686349286,0.),(0.,0.,-1.),(0.858322721799263,
-0.51311022718623,0.),(0.962859809077067,0.270001829742084,0.),(0.858322721799263,
-0.51311022718623,0.),(0.962859809077067,0.270001829742084,0.),(0.,0.,-1.),
(0.,0.,-1.),(-0.95985786416945,-0.28048686349286,0.),(0.,0.,-1.),(-0.609333979549192,
-0.792913678382928,0.),(0.,0.,-1.),(-0.692354531215152,-0.721557484269859,
0.),(-0.94556020915577,-0.325447216705409,0.),(0.,0.,-1.),(0.,0.,-1.),(-0.999335571213376,
-0.036447443087764,0.),(0.,0.,-1.),(0.998517148933979,0.0544380683415309,
0.),(0.998517148933979,0.0544380683415309,0.),(0.,0.,-1.),(0.,0.,-1.),(-0.349043086895644,
-0.93710667668647,0.),(0.991036708292172,0.133589830516459,0.),(-0.992828687642589,
-0.11954579454709,0.),(0.,0.,-1.),(-0.436022061190297,-0.89993597669799,
0.),(-0.453752308833956,-0.891127848418988,0.),(0.,0.,-1.),(0.,0.,-1.),
(0.,-1.,0.),(-0.998899395470737,0.0469041333807285,0.),(0.,-1.,0.),(-0.998899395470737,
0.0469041333807285,0.),(0.,0.,-1.),(0.,0.,-1.),(-0.999335571213376,-0.036447443087764,
0.),(0.,0.,-1.),(0.999686004168167,-0.0250577946013515,0.),(0.,-1.,0.),
(0.999686004168167,-0.0250577946013515,0.),(0.,-1.,0.),(0.,0.,-1.),(0.,
0.,-1.),(-0.358887855672624,-0.933380687099699,0.),(0.,0.,-1.),(-0.955697762122125,
-0.294349770638203,0.),(-0.955697762122125,-0.294349770638203,0.),(0.,0.,
-1.),(0.,0.,-1.),(0.965920024191379,0.25884069785512,0.),(-0.863457654692767,
0.503554036780455,-0.0295670525175352),(0.,0.,-1.),(-0.944695125919192,
-0.327949872792355,0.),(-0.75853484319066,-0.651632482052361,0.),(0.97335235801075,
0.229314603012788,0.),(0.,0.,-1.),(0.,0.,-1.),(-0.692354531215152,-0.721557484269859,
0.),(-0.574213948207335,-0.818705283776857,0.),(0.,0.,-1.),(0.,0.,-1.),
(-0.609333979549192,-0.792913678382928,0.),(-0.934110506831559,-0.356983978669754,
0.),(0.,0.,-1.),(-0.68477766259581,-0.728752051667657,0.),(0.,0.,-1.),(0.402663244712086,
-0.915348191322807,0.),(0.,0.,-1.),(0.530586114426735,-0.847631037172153,
0.),(0.991152353428008,0.132729093623523,0.),(0.,0.,-1.),(-0.99671110601213,
-0.0810368505809374,0.),(-0.988744357309323,-0.149614825097562,0.),(0.,
0.,-1.),(-0.368692858788501,-0.929551276626719,0.),(0.,0.,-1.),(0.933804935417189,
0.357782535334664,0.),(0.950855748846546,0.309634211426118,0.),(0.,0.,-1.),
(0.,0.,-1.),(-0.944695125919192,-0.327949872792355,0.),(-0.75853484319066,
-0.651632482052361,0.),(-0.54145459513702,-0.840729993163683,0.),(0.,0.,
-1.),(0.,0.,-1.),(-0.872505048359346,-0.488605096767785,0.),(-0.500573720833267,
-0.865693912425829,0.),(0.,0.,-1.),(0.997353606763025,-0.0727033910954994,
0.),(0.,0.,-1.),(-0.995159575702144,0.098272167414425,0.),(0.,0.,-1.),(-0.999427911141263,
0.0338208579402215,0.),(0.,0.,-1.),(0.995499803348618,-0.09476360869481,
0.),(0.,-1.,0.),(0.,0.,-1.),(0.999938699524296,-0.0110723617020036,0.),
(0.995499803348618,-0.09476360869481,0.),(0.,0.,-1.),(0.,-1.,0.),(0.999938699524296,
-0.0110723617020036,0.),(0.,0.,-1.),(0.,0.,-1.),(0.997353606763025,-0.0727033910954994,
0.),(-0.999427911141263,0.0338208579402215,0.),(0.,0.,-1.),(0.,0.,-1.),
(0.,-1.,0.),(-0.99314759038505,0.116866863192136,0.),(0.,-1.,0.),(-0.99314759038505,
0.116866863192136,0.),(0.,0.,-1.),(0.,0.,-1.),(-0.995159575702144,0.098272167414425,
0.),(0.,0.,-1.),(0.996737216491507,0.0807150621678644,0.),(-0.99671110601213,
-0.0810368505809374,0.),(0.,0.,-1.),(0.,0.,-1.),(-0.178770543667455,-0.983890793084701,
0.),(0.266304630932536,-0.963888916599774,0.),(0.,0.,-1.),(-0.700613135479569,
-0.71354133334621,0.),(0.,0.,-1.),(-0.626188556923899,-0.779671656004991,
0.),(0.,0.,-1.),(-0.591875005356889,-0.806029762498744,0.),(-0.178770543667455,
-0.983890793084701,0.),(0.71745348097393,-0.696606418746189,0.),(0.,0.,
-1.),(-0.344162362345298,0.938910149239481,0.),(0.,0.,-1.),(-0.406060975793293,
0.913845984801486,0.),(-0.406060975793293,0.913845984801486,0.),(0.,0.,
-1.),(0.,0.,-1.),(0.402663244712086,-0.915348191322807,0.),(0.530586114426735,
-0.847631037172153,0.),(0.,0.,-1.),(0.991152353428008,0.132729093623523,
0.),(0.,0.,-1.),(-0.988657431103261,-0.150188161731543,0.),(-0.739674032287522,
-0.672965322999275,0.),(0.,0.,-1.),(-0.821522427915689,-0.570176201214599,
0.),(0.990037169650075,0.140806259488944,0.),(0.963314716217123,0.268374286248745,
0.),(0.,0.,-1.),(0.,0.,-1.),(-0.626188556923899,-0.779671656004991,0.),
(-0.700613135479569,-0.71354133334621,0.),(0.,0.,-1.),(0.,0.,-1.),(0.996737216491507,
0.0807150621678644,0.),(-0.178770543667455,-0.983890793084701,0.),(0.,0.,
-1.),(0.266304630932536,-0.963888916599774,0.),(-0.591875005356889,-0.806029762498744,
0.),(0.,0.,-1.),(-0.178770543667455,-0.983890793084701,0.),(0.,0.,-1.),
(-0.997458984592941,-0.0712430632049177,0.),(0.,0.,-1.),(0.997884519699583,
0.0650114247185315,0.),(0.,0.,-1.),(0.997884519699583,0.0650114247185315,
0.),(-0.821522427915689,-0.570176201214599,0.),(0.,0.,-1.),(0.990037169650075,
0.140806259488944,0.),(-0.988657431103261,-0.150188161731543,0.),(0.,0.,
-1.),(-0.739674032287522,-0.672965322999275,0.),(0.,0.,-1.),(0.795492291735025,
-0.605963706660851,0.),(0.,0.,-1.),(-0.85153163618018,0.524303225800019,
0.),(0.,0.,-1.),(-0.85153163618018,0.524303225800019,0.),(0.699312454871895,
-0.71481612353181,0.),(0.,0.,-1.),(0.,0.,-1.),(-0.754898164512185,0.65584202458834,
0.),(0.,0.,-1.),(0.997805822298172,-0.0662083150961309,0.),(0.,0.,-1.),
(-0.521720741354012,0.853116327379227,0.),(0.,0.,-1.),(-0.521720741354012,
0.853116327379227,0.),(-0.64760784284583,0.761973806560679,0.),(0.,0.,-1.),
(0.,0.,-1.),(-0.84305612829144,0.537825589341235,0.),(0.,0.,-1.),(0.,-1.,
0.),(-0.999966775446071,0.0081515645116177,0.),(0.,-1.,0.),(-0.999966775446071,
0.0081515645116177,0.),(0.,0.,-1.),(0.,0.,-1.),(-0.997458984592941,-0.0712430632049177,
0.),(0.,0.,-1.),(0.999937715273368,-0.011160894851043,0.),(0.,-1.,0.),(0.999937715273368,
-0.011160894851043,0.),(0.,-1.,0.),(0.,0.,-1.),(0.,0.,-1.),(0.933804935417189,
0.357782535334664,0.),(0.,0.,-1.),(-0.933958313847758,0.357381963723204,
0.),(0.,0.,-1.),(0.938597467881805,-0.343139528760752,0.0359173647100213),
(0.,0.,-1.),(0.892995343186862,-0.450065903003747,0.),(0.,0.,-1.),(0.911989274916954,
-0.241042757366126,0.331924617281971),(0.,0.,-1.),(-0.97390748094516,0.226945408763987,
0.),(-0.97390748094516,0.226945408763987,0.),(0.,0.,-1.),(0.,0.,-1.),(-0.933958313847758,
0.357381963723204,0.),(0.900227146931178,-0.433652958499776,0.0391943301070737),
(0.,0.,-1.),(0.,0.,-1.),(0.795492291735025,-0.605963706660851,0.),(0.997805822298172,
-0.0662083150961309,0.),(0.,0.,-1.),(0.,0.,-1.),(0.999170434103413,-0.0407239930949574,
0.),(0.,0.,-1.),(0.999170434103413,-0.0407239930949574,0.),(0.667351175290761,
-0.744743183143048,0.),(0.,0.,-1.),(0.942780683529632,0.333413531164228,
0.),(-0.866384202960564,-0.499378026008743,0.),(0.,0.,-1.),(0.,0.,-1.),
(-0.995959968354549,0.0897983375971136,0.),(-0.998644647760604,0.0520467818323043,
0.),(0.,0.,-1.),(-0.905159663225507,-0.425071739909262,0.),(-0.995888263815696,
-0.090590098764486,0.),(0.,0.,-1.),(0.,0.,-1.),(0.,-1.,0.),(-0.99184868837301,
0.127421267348665,0.),(0.,0.,-1.),(0.985476107707783,-0.169814137035516,
0.),(0.985691148986824,-0.168561439270772,0.),(-0.994850604409746,-0.101352231872623,
0.),(0.,0.,-1.),(-0.99184868837301,0.127421267348665,0.),(0.,-1.,0.),(0.,
0.,-1.),(0.,0.,-1.),(0.985259474397568,-0.171066560466466,0.),(0.,-1.,0.),
(0.985259474397568,-0.171066560466466,0.),(0.,-1.,0.),(0.,0.,-1.),(0.,0.,
-1.),(-0.995959968354549,0.0897983375971136,0.),(0.985476107707783,-0.169814137035516,
0.),(0.,0.,-1.),(0.,0.,-1.),(0.939490008455551,-0.22092471603176,0.261822065262796),
(0.,0.,-1.),(-0.990622214600637,0.136629528066703,0.),(-0.990622214600637,
0.136629528066703,0.),(0.,0.,-1.),(0.,0.,-1.),(0.601409984311341,0.798940567733691,
0.),(0.70789115741115,0.706321533905843,0.),(0.,0.,-1.),(0.,0.,-1.),(-0.197247229501029,
-0.980353778211809,0.),(0.684861942082048,0.728672848600526,0.),(0.,0.,
-1.),(0.693342219761914,0.720608469486462,0.),(0.,0.,-1.),(0.693342219761914,
0.720608469486462,0.),(-0.197247229501029,-0.980353778211809,0.),(0.,0.,
-1.),(0.684861942082048,0.728672848600526,0.),(0.601409984311341,0.798940567733691,
0.),(0.,0.,-1.),(0.,0.,-1.),(0.199291970516995,0.979940156584805,0.),(0.849835193254228,
0.527048521776267,0.),(0.,0.,-1.),(0.,0.,-1.),(-0.167979201813328,-0.985790539495159,
0.),(0.856663291127989,0.515875959542371,0.),(-0.99551130743991,0.094642679375006,
0.),(0.,0.,-1.),(-0.87812151521993,-0.478437670452333,0.),(0.458419513420515,
0.888735927998468,0.),(0.,0.,-1.),(0.,0.,-1.),(-0.153764784845178,-0.988107479448221,
0.),(-0.0565108116664343,-0.998401987260042,0.),(0.,0.,-1.),(0.,0.,-1.),
(0.0742943740505747,0.99723635412295,0.),(0.490540669903482,0.871418298620498,
0.),(0.,0.,-1.),(0.0889914682514341,0.996032388317997,0.),(0.,0.,-1.),(-0.27198683205824,
0.962300973285865,0.),(0.,0.,-1.),(0.318270276522855,-0.948000016393494,
0.),(0.,0.,-1.),(0.213738163968398,-0.976890985352725,0.),(0.,0.,-1.),(-0.404488484911161,
0.914543091152229,0.),(0.,0.,-1.),(0.684364166431609,-0.729140375856645,
0.),(-0.189845411543059,0.98181399445926,0.),(0.684364166431609,-0.729140375856645,
0.),(-0.189845411543059,0.98181399445926,0.),(0.,0.,-1.),(0.,0.,-1.),(-0.404488484911161,
0.914543091152229,0.),(-0.27198683205824,0.962300973285865,0.),(0.,0.,-1.),
(0.,0.,-1.),(0.213738163968398,-0.976890985352725,0.),(0.,0.,-1.),(-0.899170959612212,
0.437597515292368,0.),(0.376712221081203,-0.926330341988249,0.),(0.318270276522855,
-0.948000016393494,0.),(0.,0.,-1.),(0.,0.,-1.),(0.147623053170785,-0.989043696796322,
0.),(0.,0.,-1.),(0.147623053170785,-0.989043696796322,0.),(0.,0.,-1.),(0.9510380576649,
-0.309073798425189,0.),(0.,0.,-1.),(-0.973564740431208,0.228411243569827,
0.),(0.969742277492639,-0.244130938726311,0.),(0.,0.,-1.),(-0.699272641536436,
0.714855071184821,0.),(0.,0.,-1.),(-0.947917861016607,0.318514879975332,
0.),(0.,0.,-1.),(-0.920681616419281,0.390314438866383,0.),(0.,0.,-1.),(0.913061199792099,
-0.407822566116948,0.),(0.913061199792099,-0.407822566116948,0.),(0.,0.,
-1.),(0.,0.,-1.),(0.9510380576649,-0.309073798425189,0.),(0.,0.,-1.),(-0.985152201768815,
0.171683252969112,0.),(0.,0.,-1.),(0.74494936910033,-0.667121006622502,
0.),(0.,0.,-1.),(0.721053886454643,-0.692878988589389,0.),(0.,0.,-1.),(-0.720744964553861,
0.693200328960001,0.),(0.,0.,-1.),(0.285598924527577,-0.958349234000159,
0.),(0.697171015548859,-0.716904857759084,0.),(-0.720744964553861,0.693200328960001,
0.),(0.,0.,-1.),(0.,0.,-1.),(-0.947917861016607,0.318514879975332,0.),(-0.973564740431208,
0.228411243569827,0.),(0.,0.,-1.),(0.,0.,-1.),(-0.920681616419281,0.390314438866383,
0.),(0.,0.,-1.),(-0.907181411083314,0.420739690764833,0.),(0.,1.,0.),(-0.907181411083314,
0.420739690764833,0.),(0.,1.,0.),(0.,0.,-1.),(0.,0.,-1.),(0.126751501468979,
-0.991934502311196,0.),(0.704087014926893,-0.710113705973442,0.),(0.,0.,
-1.),(0.683193829366662,-0.730237078978682,0.),(0.,0.,-1.),(0.721645546532535,
-0.69226274287279,0.),(0.,0.,-1.),(0.593917714090338,-0.80452579131418,
0.),(0.,0.,-1.),(0.34522438523543,-0.938520177640747,0.),(0.,0.,-1.),(0.738751636028755,
-0.67397775947344,0.),(-0.0920392892270474,0.995755376203704,0.),(0.,0.,
-1.),(0.116201686811923,-0.993225638000784,0.),(0.,0.,-1.),(0.194435406022214,
-0.980915324013738,0.),(0.,0.,-1.),(-0.92155362090868,0.388251109193652,
0.),(0.924459164149171,-0.381239117568111,-0.0056558868892932),(0.,0.,-1.),
(-0.668205776904363,0.743976504811567,0.),(0.,0.,-1.),(-0.913490283779696,
0.406860542987509,0.),(0.,0.,-1.),(-0.683414278851076,0.730030768846399,
0.),(-0.893120897242856,0.449816699232159,0.),(0.683193829366662,-0.730237078978682,
0.),(0.,0.,-1.),(0.,0.,-1.),(0.721645546532535,-0.69226274287279,0.),(0.704087014926893,
-0.710113705973442,0.),(0.126751501468979,-0.991934502311196,0.),(0.,0.,
-1.),(0.,0.,-1.),(0.593917714090338,-0.80452579131418,0.),(0.74494936910033,
-0.667121006622502,0.),(0.,0.,-1.),(0.,0.,-1.),(-0.741547003030862,0.670900918389553,
0.),(-0.959112256998171,0.283025932514804,0.),(0.,0.,-1.),(0.94252828016917,
-0.334126384892522,0.),(-0.660586118582682,0.750750278012514,0.),(0.721053886454643,
-0.692878988589389,0.),(0.,0.,-1.),(0.,0.,-1.),(0.285598924527577,-0.958349234000159,
0.),(0.697171015548859,-0.716904857759084,0.),(-0.741547003030862,0.670900918389553,
0.),(0.,0.,-1.),(-0.959112256998171,0.283025932514804,0.),(0.,0.,-1.),(-0.942119607676361,
0.335276967344523,0.),(-0.942119607676361,0.335276967344523,0.),(0.,0.,
-1.),(-0.986447217882848,0.164078902760804,0.),(-0.792040904713649,0.610468021488746,
0.),(0.,0.,-1.),(0.,0.,-1.),(-0.985152201768815,0.171683252969112,0.),(0.,
0.,-1.),(0.894574665537422,-0.446918524765543,0.),(0.,0.,-1.),(0.,1.,0.),
(0.892330589417027,-0.451382453348224,0.),(0.,1.,0.),(0.892330589417027,
-0.451382453348224,0.),(0.,0.,-1.),(0.,0.,-1.),(0.894574665537422,-0.446918524765543,
0.),(-0.730959013522084,0.682421365836989,0.),(0.,0.,-1.),(-0.710710968774256,
0.703484128366773,0.),(0.991907977509821,-0.12695890733768,0.),(0.,0.,-1.),
(0.,0.,-1.),(-0.724910255660809,0.688843321255117,0.),(-0.758591551083979,
0.651566465238968,0.),(0.,0.,-1.),(0.,0.,-1.),(-0.934784534835509,0.355215249436677,
0.),(0.,0.,-1.),(0.925619589491657,-0.378455249070872,0.),(0.,0.,-1.),(0.953805307644788,
-0.300425423539072,0.),(0.,0.,-1.),(-0.918715308043788,0.394920476508888,
0.),(0.,1.,0.),(0.,0.,-1.),(-0.956744448873049,0.290929647080879,0.),(-0.918715308043788,
0.394920476508888,0.),(0.,0.,-1.),(0.,1.,0.),(-0.934784534835509,0.355215249436677,
0.),(0.,0.,-1.),(0.,0.,-1.),(0.925619589491657,-0.378455249070872,0.),(0.,
0.,-1.),(0.,1.,0.),(0.911622708673847,-0.411028024628683,0.),(0.,0.,-1.),
(0.981537862151126,-0.191267940763206,0.),(0.953805307644788,-0.300425423539072,
0.),(0.,0.,-1.),(0.911622708673847,-0.411028024628683,0.),(0.,1.,0.),(0.,
0.,-1.),(0.,0.,-1.),(0.738751636028755,-0.67397775947344,0.),(-0.0920392892270474,
0.995755376203704,0.),(0.,0.,-1.),(0.208526182082877,-0.978016784818103,
0.),(0.,0.,-1.),(0.0417549061978616,-0.999127883610706,0.),(0.,0.,-1.),
(-0.192003216052978,0.98139429640961,0.),(0.,0.,-1.),(-0.0392186118313253,
-0.999230654296606,0.),(-0.192003216052978,0.98139429640961,0.),(0.,0.,
-1.),(0.,0.,-1.),(0.926929523261841,-0.375235471278471,0.),(0.,0.,-1.),
(-0.922282773901463,0.386515827573235,0.),(0.,1.,0.),(0.94252828016917,
-0.334126384892522,0.),(0.,0.,-1.),(-0.660586118582682,0.750750278012514,
0.),(0.,0.,-1.),(0.,1.,0.),(0.909538753713751,-0.415619123107727,0.),(0.926929523261841,
-0.375235471278471,0.),(0.,0.,-1.),(0.,0.,-1.),(-0.672080048499095,0.740478499626731,
0.),(0.,0.,-1.),(-0.672080048499095,0.740478499626731,0.),(0.,1.,0.),(-0.922282773901463,
0.386515827573235,0.),(0.,0.,-1.),(0.,0.,-1.),(0.,1.,0.),(0.909538753713751,
-0.415619123107727,0.),(0.981537862151126,-0.191267940763206,0.),(0.,0.,
-1.),(0.,0.,-1.),(-0.959000546122467,0.283093449491622,0.0132684359193076),
(0.194435406022214,-0.980915324013738,0.),(0.,0.,-1.),(0.,0.,-1.),(0.34522438523543,
-0.938520177640747,0.),(-0.92155362090868,0.388251109193652,0.),(0.,0.,
-1.),(0.,0.,-1.),(0.0417549061978616,-0.999127883610706,0.),(0.,0.,-1.),
(-0.96424034584558,0.265029348268444,0.),(0.309669883547452,-0.950844131928944,
0.),(0.208526182082877,-0.978016784818103,0.),(0.,0.,-1.),(0.,0.,-1.),(-0.0392186118313253,
-0.999230654296606,0.),(-0.913490283779696,0.406860542987509,0.),(0.,0.,
-1.),(0.,0.,-1.),(0.116201686811923,-0.993225638000784,0.),(-0.683414278851076,
0.730030768846399,0.),(0.,0.,-1.),(-0.893120897242856,0.449816699232159,
0.),(0.,0.,-1.),(-0.357346163255778,0.933972012217912,0.),(-0.357346163255778,
0.933972012217912,0.),(0.,0.,-1.),(0.,0.,-1.),(-0.590535917369162,0.807011356981401,
0.),(-0.940289260339141,0.340376419410734,0.),(0.,0.,-1.),(-0.509125293653597,
0.860692416233662,0.),(-0.96424034584558,0.265029348268444,0.),(0.,0.,-1.),
(0.309669883547452,-0.950844131928944,0.),(0.,0.,-1.),(0.885455129505634,
0.464724879506318,0.),(0.568070719081225,0.822979743446059,0.),(0.,0.,-1.),
(-0.904293588079448,0.426911122551753,0.),(0.,0.,-1.),(-0.912898406179057,
0.408186844466767,0.),(0.,0.,-1.),(1.,0.,0.),(0.885455129505634,0.464724879506318,
0.),(0.,0.,-1.),(-0.928844822442769,0.370469021405653,0.),(0.,0.,-1.),(0.568070719081225,
0.822979743446059,0.),(0.120539178960679,0.992708570697103,0.),(0.568070719081225,
0.822979743446059,0.),(0.885455129505634,0.464724879506318,0.),(0.,0.,1.),
(0.885455129505634,0.464724879506318,0.),(0.,0.,1.),(1.,0.,0.),(-0.899170959612212,
0.437597515292368,0.),(0.,0.,-1.),(0.376712221081203,-0.926330341988249,
0.),(-0.904293588079448,0.426911122551753,0.),(0.,0.,-1.),(0.,0.,-1.),(0.885455129505664,
-0.46472487950626,0.),(1.,0.,0.),(0.,0.,-1.),(0.56807071908113,-0.822979743446124,
0.),(0.885455129505664,-0.46472487950626,0.),(-0.912898406179057,0.408186844466767,
0.),(0.,0.,-1.),(0.,0.,-1.),(0.120539178960679,0.992708570697103,0.),(-0.354603861976313,
0.935016631441112,0.),(0.,0.,-1.),(0.357493816140443,-0.933915505504295,
0.),(0.964961236776414,-0.262392476109614,0.),(0.,0.,-1.),(0.966099143046687,
-0.258171349697168,0.),(0.,0.,-1.),(-0.354603861976313,0.935016631441112,
0.),(-0.748513969071125,0.663119022578444,0.),(0.120539178960679,0.992708570697103,
0.),(0.568070719081225,0.822979743446059,0.),(0.,0.,1.),(-0.354603861976313,
0.935016631441112,0.),(0.120539178960679,0.992708570697103,0.),(0.,0.,1.),
(0.966099143046687,-0.258171349697168,0.),(0.,0.,-1.),(0.,0.,-1.),(0.357493816140443,
-0.933915505504295,0.),(0.964961236776414,-0.262392476109614,0.),(0.967218584516316,
-0.253945288923133,0.),(0.,0.,-1.),(-0.355435865764634,0.934700671513691,
0.),(-0.338420999105974,0.94099480729923,0.),(0.,0.,-1.),(-0.940289260339141,
0.340376419410734,0.),(-0.590535917369162,0.807011356981401,0.),(0.,0.,
-1.),(0.,0.,-1.),(-0.928844822442769,0.370469021405653,0.),(1.,0.,0.),(0.885455129505664,
-0.46472487950626,0.),(0.,0.,1.),(0.885455129505664,-0.46472487950626,0.),
(0.,0.,1.),(0.56807071908113,-0.822979743446124,0.),(-0.509125293653597,
0.860692416233662,0.),(0.,0.,-1.),(0.,0.,-1.),(-0.999350150322444,-0.0360454858547867,
0.),(-0.317082118602212,0.948398086281669,0.),(-0.993228792140872,-0.116174717574184,
-3.8196113389005E-5),(0.,0.,-1.),(-0.317082118602212,0.948398086281669,
0.),(0.,0.,-1.),(-0.748513969071125,0.663119022578444,0.),(-0.970940959909973,
0.239319143340225,0.),(-0.748513969071125,0.663119022578444,0.),(-0.970940959909973,
0.239319143340225,0.),(0.,0.,1.),(0.,0.,1.),(-0.999999001323957,0.000747165987347587,
-0.00119962247200075),(-0.287042713560302,0.957917783837391,0.),(0.,0.,
-1.),(-0.999898590696499,0.0142410787216163,0.),(-0.302099916201966,0.953276266688081,
0.),(0.,0.,-1.),(0.,0.,-1.),(-0.60274355106852,0.797934967052648,0.),(0.,
0.,-1.),(0.120539178960817,-0.992708570697086,0.),(0.56807071908113,-0.822979743446124,
0.),(0.120539178960817,-0.992708570697086,0.),(0.56807071908113,-0.822979743446124,
0.),(0.,0.,1.),(-0.748513969071125,0.663119022578444,0.),(-0.354603861976313,
0.935016631441112,0.),(0.,0.,1.),(0.916104162314097,-0.4009403494172,0.),
(0.,0.,-1.),(-0.418694011269678,0.908127372633876,0.),(0.,0.,-1.),(0.382599012273571,
-0.92391449593958,0.),(0.897525263292595,-0.440963038985762,0.),(0.907035488432889,
-0.421054180270556,0.),(0.,0.,-1.),(0.,0.,-1.),(-0.393260722875172,0.919426997560816,
0.),(0.915417139266824,-0.402506473409489,0.),(0.,0.,-1.),(-0.380691547273496,
0.924702084908708,0.),(0.899722912136862,-0.436461546274085,0.),(0.,0.,
-1.),(0.,0.,-1.),(-0.362670318934761,0.931917506952069,0.),(0.371024728107839,
-0.928622986541096,0.),(0.,0.,-1.),(0.897934959161009,-0.44012817350917,
0.),(0.890475996595084,-0.455030218214123,0.),(0.,0.,-1.),(0.,0.,-1.),(0.953394809362495,
-0.301725599644201,0.),(-0.35592535489006,0.934514388196557,0.),(0.,0.,
-1.),(0.,0.,-1.),(0.953282328251153,-0.302080788273702,0.),(-0.368688606156349,
0.929552963359532,0.),(0.953507158132185,-0.301370369131879,0.),(0.357022587146344,
-0.93409575112369,0.),(0.,0.,-1.),(0.,0.,-1.),(-0.60274355106852,0.797934967052648,
0.),(0.,0.,-1.),(-0.797510189501212,0.603305476223894,0.),(0.,0.,-1.),(-0.354603861976435,
-0.935016631441066,0.),(0.120539178960817,-0.992708570697086,0.),(-0.354603861976435,
-0.935016631441066,0.),(0.120539178960817,-0.992708570697086,0.),(0.,0.,
1.),(-0.797510189501212,0.603305476223894,0.),(0.,0.,-1.),(0.,0.,-1.),(-0.718911987283343,
-0.695101111019336,0.),(-0.354603861976435,-0.935016631441066,0.),(0.,0.,
-1.),(0.417330471019199,-0.908754795287977,0.),(0.972119278751016,-0.234486903430882,
0.),(0.,0.,-1.),(0.971095888475608,-0.238689705236255,0.),(0.,0.,-1.),(0.97005432815062,
-0.242888040949423,0.),(-0.718911987283343,-0.695101111019336,0.),(-0.354603861976435,
-0.935016631441066,0.),(-0.747357930902784,-0.664416462909074,-0.00262429649703911),
(0.,0.,1.),(-0.772395735803248,-0.635141578967656,-4.44908180885486E-5),
(0.97005432815062,-0.242888040949423,0.),(0.,0.,-1.),(0.,0.,-1.),(0.971095888475608,
-0.238689705236255,0.),(0.,0.,-1.),(0.713414223346118,-0.700742567514957,
0.),(-0.354050026553419,0.935226485241689,0.),(0.,0.,-1.),(0.382216677562712,
-0.924072730575317,0.),(0.,0.,-1.),(0.382216677562712,-0.924072730575317,
0.),(0.417330471019199,-0.908754795287977,0.),(0.,0.,-1.),(0.972119278751016,
-0.234486903430882,0.),(0.,0.,-1.),(-0.353825251689769,0.935311547703048,
0.),(0.,0.,-1.),(-0.353600456389398,0.93539655614141,0.),(0.620300555698109,
0.784364214252931,0.),(0.,0.,-1.),(0.675330261077579,0.737515449650304,
0.),(0.,0.,-1.),(0.726832665705811,0.68681458637902,0.),(0.346541936170847,
-0.93803448042967,0.),(-0.353825251689769,0.935311547703048,0.),(0.,0.,
-1.),(0.5878959040375,0.808932858353624,0.00245696800263577),(-0.353600456389398,
0.93539655614141,0.),(0.,0.,-1.),(0.,0.,-1.),(-0.888662207388954,0.458562407049021,
0.),(0.,0.,-1.),(-0.888662207388954,0.458562407049021,0.),(0.747432182618386,
0.664337517271062,0.00089192625132687),(0.,0.,-1.),(0.346541936170847,-0.93803448042967,
0.),(0.707011448904106,0.707141065295842,0.00929111891958932),(0.,0.,1.),
(0.382599012273571,-0.92391449593958,0.),(0.,0.,-1.),(0.897525263292595,
-0.440963038985762,0.),(0.,0.,-1.),(0.3277158339597,0.94477633976095,0.),
(0.,0.,-1.),(-0.948675766434397,0.316250359968347,0.),(0.,0.,-1.),(0.714351688111464,
-0.699786871620425,0.),(0.713414223346118,-0.700742567514957,0.),(0.,0.,
-1.),(-0.354050026553419,0.935226485241689,0.),(0.379860861373004,0.925032029425226,
0.00463363080175792),(0.,0.,1.),(0.,0.,-1.),(0.454152749709785,0.890923835089757,
0.),(0.715287872619409,-0.69882992157148,0.),(0.478861947224349,0.877887283820511,
0.00226989135223903),(0.,0.,-1.),(0.715287872619409,-0.69882992157148,0.),
(1.,0.,0.),(0.,1.,0.),(0.,0.,1.),(0.,0.,1.),(1.,0.,0.),(0.195089550496126,
0.980785433867785,0.),(-0.948675766434397,0.316250359968347,0.),(0.,0.,
-1.),(0.,0.,-1.),(0.714351688111464,-0.699786871620425,0.),(0.,0.,-1.),
(-0.819271619306226,-0.573405627631396,0.),(0.,0.,-1.),(-0.712536322339958,
-0.701635225274678,0.),(0.,0.,-1.),(0.735301129095064,0.677740547371576,
0.),(-0.712536322339958,-0.701635225274678,0.),(0.,0.,-1.),(0.,0.,-1.),
(-0.936309220510919,-0.351176655810483,0.),(-0.819271619306226,-0.573405627631396,
0.),(0.,0.,-1.),(0.,0.,-1.),(0.693899796194385,0.720071574804471,0.),(0.,
0.,-1.),(0.655100762076638,0.755541522040058,0.),(-0.653098885278575,-0.757272636537121,
0.),(0.,0.,-1.),(0.088126574682397,-0.99610928458415,0.),(0.693899796194385,
0.720071574804471,0.),(0.,0.,-1.),(0.,0.,-1.),(0.751079539423476,0.66021172775059,
0.),(-0.999994222128279,-0.00339936906756144,0.),(0.735301129095064,0.677740547371576,
0.),(0.,0.,-1.),(0.,0.,-1.),(-0.936309220510919,-0.351176655810483,0.),
(-0.998342786942412,-0.0575471959356724,0.),(0.,0.,-1.),(0.,0.,-1.),(0.124151479609564,
-0.992263276610979,0.),(0.655100762076638,0.755541522040058,0.),(0.,0.,
-1.),(0.,0.,-1.),(-0.231490449683412,0.972837176358599,0.),(-0.330605403505012,
0.943769075130823,0.),(0.,0.,-1.),(0.,0.,-1.),(-0.599389953520465,-0.80045717163302,
0.),(0.515070212011823,-0.857147989963283,0.),(0.533295036678812,-0.845929313745389,
0.),(0.,0.,-1.),(0.,0.,-1.),(-0.635534108192109,-0.772072792762742,0.),
(-0.599389953520465,-0.80045717163302,0.),(0.,0.,-1.),(0.515070212011823,
-0.857147989963283,0.),(0.160013425098293,-0.987114838196809,0.),(0.,0.,
-1.),(0.64567264921705,0.763614320225227,0.),(0.,0.,-1.),(0.711879473008747,
0.70230165592058,0.),(0.711879473008747,0.70230165592058,0.),(0.,0.,-1.),
(0.,0.,-1.),(-0.708865333843002,-0.705343844146704,0.),(-0.635534108192109,
-0.772072792762742,0.),(0.,0.,-1.),(0.,0.,-1.),(0.772289756741522,0.635270439759415,
0.),(-0.999996835105089,-0.00251590536490141,0.),(-0.708865333843002,-0.705343844146704,
0.),(0.,0.,-1.),(0.,0.,-1.),(-0.999999885815996,0.000477878640702984,0.),
(-0.78465459371868,-0.619933196849606,0.),(0.,0.,-1.),(0.,0.,-1.),(-0.999181848986231,
0.0404429555850698,0.),(0.179906419132802,-0.983683729841463,0.),(0.,0.,
-1.),(0.,-1.,0.),(0.650796213774695,0.75925245349391,0.),(0.,0.,-1.),(0.,
0.,1.),(0.,0.,1.),(0.,1.,0.),(-1.,0.,0.),(0.,1.,0.),(-0.0980238663414642,
0.,-0.995184064194896),(0.,1.,0.),(-0.995184722382032,0.,0.0980171838883252),
(0.,1.,0.),(-0.995184722382032,0.,-0.0980171838883252),(0.,1.,0.),(-0.980785263325205,
0.,-0.195090407873143),(-0.831473769238053,0.,-0.55556401167558),(-0.831473769238053,
0.,-0.55556401167558),(0.,1.,0.),(-0.555557252475401,0.,-0.83147828547833),
(0.,1.,0.),(-0.555557252475401,0.,-0.83147828547833),(-0.195103579387591,
0.,-0.980782643254941),(0.,0.,1.),(-0.885511098216053,-0.464611211758982,
-0.00255281100947667),(0.,0.,1.),(-0.567053649931238,-0.823678530368758,
-0.00195875195582921),(0.,0.,1.),(0.354585723264174,-0.935023509654443,
-3.53653897669151E-5),(0.,0.,1.),(0.120534439362069,-0.992709146189191,
0.),(-0.354602059955111,-0.935017314853362,0.),(0.,0.,1.),(0.,0.,1.),(-1.,
0.,0.),(0.,1.,0.),(0.,0.,1.),(0.,-1.,0.),(0.240146324372038,-0.970736701114468,
0.),(0.,0.,-1.),(0.,0.,-1.),(0.120534439362069,-0.992709146189191,0.),(-0.354602059955111,
-0.935017314853362,0.),(-0.496117274569863,-0.868255521072784,0.),(0.,0.,
-1.),(0.,0.,1.),(0.,-1.,0.),(-1.,0.,0.),(0.,0.,1.),(1.,0.,0.),(0.,-1.,0.),
(-0.920151779390886,-0.391561876187896,0.),(0.,0.,-1.),(0.,0.,1.),(-1.,
0.,0.),(-0.193227526919125,0.981150359365934,0.00266367355695588),(-1.,
0.,0.),(0.,1.,0.),(0.,0.,-1.),(0.,1.,0.),(0.195104514797118,0.,-0.98078245717681),
(0.5555595106012,0.,-0.831476776693466),(0.,1.,0.),(0.0980243409138517,
0.,-0.995184017450243),(0.,0.,1.),(0.120539507820617,-0.992708530765382,
0.),(-0.35460477319658,-0.935016285861483,0.),(0.,0.,1.),(-0.884970613641702,
-0.4656438970601,-0.00166556936582835),(0.,0.,1.),(-0.35460477319658,-0.935016285861483,
0.),(-0.748510558762742,-0.663122872038575,0.),(-1.,0.,0.),(0.,0.,-1.),
(-0.179085843852747,0.983833451622555,0.),(0.,0.,1.),(0.566211301683877,
-0.824253071997046,-0.00341103340392916),(0.120539507820617,-0.992708530765382,
0.),(0.,1.,0.),(0.831469252991943,0.,0.555570770765543),(0.555573028897149,
0.,0.831467744150095),(0.,1.,0.),(0.0980147982029662,0.,0.995184957348749),
(0.,1.,0.),(0.555573028897149,0.,0.831467744150095),(0.19508570553833,0.,
0.980786198666464),(0.,1.,0.),(0.980785263325206,0.,0.195090407873134),
(0.831469252991943,0.,0.555570770765543),(-0.995460185671808,0.0950815681001023,
0.00430280720870666),(0.,0.,1.),(0.,0.,1.),(-1.,0.,0.),(0.,1.,0.),(0.995184722382032,
0.,0.0980171838883208),(0.,1.,0.),(0.995184722382032,0.,-0.0980171838883208),
(0.,1.,0.),(0.831469252991943,0.,-0.555570770765543),(0.980785263325206,
0.,-0.195090407873134),(0.,1.,0.),(0.5555595106012,0.,-0.831476776693466),
(0.831469252991943,0.,-0.555570770765543),(0.,0.,-1.),(-0.836853255571618,
0.547427281599286,0.),(-0.885110434505643,0.465378245911149,-0.00161460889818957),
(0.,0.,1.),(0.,0.,-1.),(-0.345538912756301,-0.938404422288809,0.),(-0.385360106866389,
-0.922753075889992,0.00493446770013406),(0.,0.,1.),(0.,0.,1.),(0.748406536475929,
0.663225456164913,-0.00443288336711296),(-0.995469453112365,-0.0949714985367247,
0.00458065343139224),(0.,0.,1.),(-0.99917636909818,-0.0405781152319518,
0.),(0.,0.,-1.),(0.,0.,-1.),(0.761854823665231,0.647747811774012,0.),(-0.567715060860401,
-0.823221724786032,-0.00236675148295191),(0.,0.,1.),(-0.497207115722816,
-0.867631882813557,0.),(0.,0.,-1.),(0.,0.,-1.),(-0.838421187643981,-0.545022854667267,
0.),(0.,0.,-1.),(-0.748510558762742,-0.663122872038575,0.),(-0.35460477319658,
-0.935016285861483,0.),(0.,0.,-1.),(0.120539507820617,-0.992708530765382,
0.),(0.515783573625798,-0.856718918419455,0.),(0.,0.,-1.),(-0.35460477319658,
-0.935016285861483,0.),(0.120539507820617,-0.992708530765382,0.),(0.,0.,
-1.),(-0.736660394171734,0.676262865799051,0.),(0.,0.,-1.),(0.412728980137139,
0.910853879036016,0.),(-0.706912500037492,0.707259521989227,0.0076606687901218),
(0.,0.,1.),(0.,0.,-1.),(0.425058787374121,0.905165745748281,0.),(-0.868735249253431,
0.495276626557765,0.000360402746292738),(0.412728980137139,0.910853879036016,
0.),(0.,0.,-1.),(0.,0.,-1.),(0.646695954312081,-0.762747887152976,-5.76199426804104E-5),
(0.400323074340723,0.916374069990193,0.),(0.425058787374121,0.905165745748281,
0.),(0.,0.,-1.),(-0.8992315683862,0.437472955070019,0.),(-0.926465827213951,
0.37637889287893,0.),(0.,0.,-1.),(-0.923738744569495,0.382925730612042,
0.00863809101631217),(0.,0.,1.),(0.400323074340723,0.916374069990193,0.),
(0.705865468071783,-0.70834591901401,0.),(0.,0.,-1.),(0.,0.,-1.),(0.804930502460446,
-0.593369097787181,0.),(0.749256969499004,-0.662276948371961,-0.00179925325945173),
(0.,0.,1.),(0.,0.,-1.),(0.885455129505664,-0.46472487950626,0.),(0.991878713177473,
-0.127187335632918,0.),(0.,0.,-1.),(-0.399773143234564,-0.916614113980554,
0.),(-0.949554902561045,0.313600840276752,0.),(0.,0.,-1.),(-0.394088671553713,
-0.919072423127269,0.),(0.,0.,-1.),(0.991878713177473,-0.127187335632918,
0.),(-0.388389084009883,-0.921495479870609,0.),(0.998888411197678,-0.0471374195184026,
-7.52072133573942E-5),(0.,0.,-1.),(-0.388389084009883,-0.921495479870609,
0.),(0.885455129505664,-0.46472487950626,0.),(0.,0.,1.),(0.999985505624401,
-0.00293830106408483,-0.00451164359936567),(-0.96801075221174,0.250908399422427,
0.000398373866657986),(-0.399773143234564,-0.916614113980554,0.),(0.,0.,
-1.),(0.,0.,-1.),(-0.394088671553713,-0.919072423127269,0.),(-0.998120875363612,
0.0612757551024547,0.),(0.,0.,-1.),(0.,0.,1.),(0.885562937465812,0.464519281299045,
-0.00034797749965644),(0.999985563083806,0.0029379821664387,-0.0044990982155786),
(0.887714955278257,0.460393481899258,0.),(0.,0.,-1.),(0.993494715262676,
0.113878227704573,0.),(0.,1.,0.),(-0.0980143236740721,0.,0.995185004084524),
(0.,1.,0.),(-0.831473769238053,0.,0.55556401167558),(-0.980785263325205,
0.,0.195090407873143),(0.,1.,0.),(-0.555570770765465,0.,0.831469252991996),
(-0.831473769238053,0.,0.55556401167558),(0.,1.,0.),(-0.195084770211847,
0.,0.980786384709428),(-0.555570770765465,0.,0.831469252991996),(0.,0.,
1.),(0.,1.,0.),(1.,0.,0.),(0.,-1.,0.),(0.0980243409138517,0.,-0.995184017450243),
(1.,0.,0.),(0.,1.,0.),(0.,0.,1.),(0.,0.,1.),(1.,0.,0.),(0.,-1.,0.),(0.,
-1.,0.),(0.995184722382032,0.,0.0980171838883208),(0.,-1.,0.),(0.5555595106012,
0.,-0.831476776693466),(0.195104514797118,0.,-0.98078245717681),(0.,-1.,
0.),(0.831469252991943,0.,-0.555570770765543),(0.5555595106012,0.,-0.831476776693466),
(0.,-1.,0.),(0.995184722382032,0.,-0.0980171838883208),(0.,-1.,0.),(0.980785263325206,
0.,-0.195090407873134),(0.831469252991943,0.,-0.555570770765543),(-1.,0.,
0.),(0.,-1.,0.),(0.,0.,1.),(0.,0.,1.),(-1.,0.,0.),(0.,1.,0.),(0.,-1.,0.),
(-0.995184722382032,0.,0.0980171838883252),(0.,-1.,0.),(-0.995184722382032,
0.,-0.0980171838883252),(0.,-1.,0.),(-0.831473769238053,0.,-0.55556401167558),
(-0.980785263325205,0.,-0.195090407873143),(0.,-1.,0.),(-0.0980238663414642,
0.,-0.995184064194896),(0.,-1.,0.),(-0.195103579387591,0.,-0.980782643254941),
(-0.555557252475401,0.,-0.83147828547833),(-0.555557252475401,0.,-0.83147828547833),
(0.,-1.,0.),(-0.831473769238053,0.,-0.55556401167558),(0.,-1.,0.),(-0.0980143236740721,
0.,0.995185004084524),(0.,-1.,0.),(-0.980785263325205,0.,0.195090407873143),
(-0.831473769238053,0.,0.55556401167558),(-0.831473769238053,0.,0.55556401167558),
(0.,-1.,0.),(-0.555570770765465,0.,0.831469252991996),(0.,-1.,0.),(-0.555570770765465,
0.,0.831469252991996),(-0.195084770211847,0.,0.980786384709428),(0.,-1.,
0.),(0.831469252991943,0.,0.555570770765543),(0.980785263325206,0.,0.195090407873134),
(0.,-1.,0.),(0.0980147982029662,0.,0.995184957348749),(0.,-1.,0.),(0.19508570553833,
0.,0.980786198666464),(0.555573028897149,0.,0.831467744150095),(0.555573028897149,
0.,0.831467744150095),(0.,-1.,0.),(0.831469252991943,0.,0.555570770765543)),
$,(3325,3325,3329,3329,3329,3333,3333,3333,3328,3328,3328,3331,3331,3331,
3247,3247,3247,3214,3214,3214,3200,3200,3200,3324,3324,3332,3332,3332,3170,
3170,3166,3166,3166,3162,3162,3162,3165,3165,3165,3164,3164,3164,3180,3180,
3186,3186,3186,3169,3169,3161,3161,3161,3246,3246,3246,3330,3330,3330,3196,
3196,3196,3184,3184,3185,3185,3185,3199,3199,3199,3213,3213,3213,3195,3195,
3195,3179,3179,3163,3163,3163,3183,3183,3080,3080,3080,3273,3346,3346,3347,
3347,3318,3318,3248,3248,3248,3209,3209,3141,3141,3345,3345,3272,3264,3264,
3264,3088,3088,2746,2955,2955,2955,3050,3050,3050,3349,3349,3287,3287,3287,
3344,3344,3271,3343,3343,3277,3277,3277,3270,3215,3215,3215,3189,3189,2957,
2957,3301,3301,3285,3285,3256,3256,3342,3342,3326,3326,3326,3340,3340,3269,
3341,3341,3282,3282,3268,3221,3221,3221,3250,3250,3240,3240,3236,3236,3236,
3283,3283,3283,3338,3338,3303,3303,3303,3274,3191,3191,3203,3203,3092,3092,
3297,3297,3219,3219,3219,3192,3192,3298,3298,3204,3204,1597,1597,1520,1520,
1525,1525,1525,1510,1510,1633,1633,1572,1572,1598,1598,1573,1573,1526,1526,
1526,1521,1521,1651,1651,1651,1645,1645,1478,1478,1478,1390,1390,1511,1511,
1652,1652,1652,1646,1646,1634,1634,1335,1336,1436,1436,1285,1285,1285,1470,
1470,1470,1502,1438,1438,1438,1386,1386,1386,1360,1360,1360,1334,1291,1291,
1291,1263,1263,1248,1248,1248,1230,1230,1230,1427,1427,1311,1311,1328,1328,
1328,1341,1341,1297,1297,1297,1431,1431,1471,1471,1471,1437,1437,1557,1557,
1557,1529,1529,1530,1530,2154,2154,2223,2223,2223,2186,2186,2224,2224,2224,
2150,2150,2146,2146,2146,2147,2147,2147,2187,2187,3115,3115,3175,3175,3334,
3334,3334,3176,3176,3157,3157,3157,3100,3100,3068,3068,3068,3116,3116,3177,
3177,3158,3158,3158,3205,3205,3275,3275,3335,3335,3335,3101,3101,3069,3069,
3069,3206,3206,3178,3178,3276,3276,3266,3266,3339,3339,3304,3304,3304,3262,
3262,3227,3227,3235,3235,3137,3137,3171,3171,3267,3267,2536,2536,2595,2595,
2554,2554,2596,2596,2530,2530,2307,2307,2403,2403,2537,2537,2571,2571,2571,
2693,2693,2693,2694,2694,2694,2572,2572,2572,2555,2555,2265,2265,2194,2194,
2107,2107,2308,2308,2404,2404,2266,2266,2531,2531,2195,2195,2099,2099,2099,
2100,2100,2100,1777,1777,1777,2089,2089,2089,2090,2090,2090,2108,2108,2151,
2151,2303,2303,2329,2329,2287,2287,2356,2356,2356,2242,2242,2242,2170,2170,
2170,2117,2117,2117,2119,2119,2121,2121,2121,2122,2122,2122,2357,2357,2357,
2330,2330,2304,2304,2288,2288,2327,2327,2325,2325,2243,2243,2243,2469,2469,
2469,2399,2399,2399,2470,2470,2470,2328,2328,2400,2400,2400,2326,2326,2021,
2021,2129,2129,2171,2171,2171,2067,2067,2067,1480,1480,1522,1522,1508,1508,
1523,1523,1496,1496,1496,1410,1410,1396,1396,1398,1398,1398,1481,1481,1509,
1509,26,26,26,515,515,507,507,516,516,24,24,24,25,25,25,27,27,27,661,661,
827,827,827,828,828,828,508,508,817,817,817,818,818,818,521,521,525,525,
754,754,30,30,30,839,839,839,28,28,28,522,522,29,29,29,526,526,31,31,31,
949,842,842,842,843,843,843,831,831,948,978,978,978,856,856,856,950,986,
986,986,1004,1004,984,984,848,848,832,832,840,840,840,809,809,787,787,787,
1008,1008,1135,1135,1135,1048,1048,1093,1093,1093,1073,1073,992,992,992,
1043,1043,1043,974,974,959,959,959,947,947,910,910,854,854,837,837,837,
860,860,866,866,795,795,795,810,810,47,47,47,180,180,180,174,174,377,377,
377,136,136,136,127,127,98,98,45,45,45,455,455,100,100,101,101,48,48,48,
175,175,299,299,299,170,170,125,125,271,271,126,126,181,181,181,137,137,
137,99,99,128,128,46,46,46,239,239,200,200,201,201,351,351,352,352,378,
378,378,39,39,39,129,129,38,38,40,40,40,240,240,41,41,41,43,43,43,171,171,
272,272,44,44,44,42,42,42,208,208,208,471,471,471,178,178,130,130,472,472,
472,36,36,36,37,37,37,300,300,300,558,558,903,903,829,829,829,904,904,527,
527,150,150,559,559,917,917,918,918,830,830,830,775,775,951,53,53,53,501,
501,502,502,112,112,55,55,55,54,54,54,151,151,56,56,56,113,113,703,703,
580,580,980,980,594,594,560,560,560,637,637,637,503,503,503,771,771,814,
814,814,453,453,483,483,894,894,922,922,935,935,935,1058,1058,1021,1021,
1115,1115,1115,1083,1083,1083,1067,1067,1067,776,776,704,704,981,981,600,
600,459,459,750,750,379,379,886,886,601,601,380,380,751,751,59,59,59,460,
460,994,994,995,995,1123,1123,1123,887,887,57,57,57,58,58,58,60,60,60,68,
68,118,118,85,85,69,69,67,67,70,70,66,66,66,164,164,165,165,65,65,65,3252,
3252,3265,3265,3265,3253,3253,3089,3089,2821,2821,2707,2707,2707,2459,2459,
2629,2629,2629,2640,2640,2623,2623,2623,2659,2659,2679,2679,2764,2764,2764,
2943,2943,2887,2887,2887,2796,2796,2796,2822,2822,2956,2956,2956,2708,2708,
2708,1476,1476,1494,1494,1494,1501,1495,1495,1495,1500,1435,1435,1477,1477,
1472,1472,1549,1549,1542,1542,1542,1562,1562,1562,1559,1559,1553,1553,1524,
1524,1540,1540,1531,1531,1421,1421,1422,1422,2743,2760,2760,2760,2990,2990,
2665,2665,2665,2875,2875,2875,2813,2813,2813,2778,2778,2754,2754,2754,2782,
2782,2776,2776,2741,2741,2727,2727,2674,2674,2991,2991,2651,2651,2634,2634,
2634,2602,2602,2761,2761,2761,3222,3222,3222,3233,3233,3233,3201,3201,3173,
3173,3173,2257,2257,2131,2131,2131,2152,2132,2132,2132,2745,2387,2387,2258,
2258,2007,2007,2075,2075,2075,2148,2148,2148,2426,2426,2269,2269,2081,2081,
2081,2506,2506,2600,2600,2689,2689,2815,2815,2815,3110,3110,2703,2703,2703,
2646,2646,2646,2548,2548,2790,2790,2827,2827,2851,2851,2851,2929,2929,3010,
3010,3010,2388,2388,2507,2507,2601,2601,2690,2690,2859,2859,2816,2816,2816,
1686,1686,1637,1637,1665,1665,1653,1653,1653,1710,1710,1710,1711,1711,1711,
1654,1654,1654,1687,1687,1666,1666,1609,1609,1609,1638,1638,1669,1669,1670,
1670,1678,1678,1692,1692,1674,1674,1674,1714,1714,1756,1756,1756,1874,1874,
1874,1783,1783,1783,1902,1902,1744,1744,1771,1771,1719,1719,1719,1773,1773,
1561,1561,1566,1566,1566,1613,1613,1613,1854,1854,1855,1855,1621,1621,1610,
1610,1610,1585,1585,1696,1696,1701,1701,1697,1697,1647,1647,1586,1586,1708,
1708,1709,1709,1648,1648,1723,1723,1723,1779,1779,1779,1780,1780,1780,1702,
1702,1693,1693,1679,1679,1567,1567,1567,1622,1622,1675,1675,1675,1724,1724,
1724,1680,1680,1555,1555,1555,1538,1538,1556,1556,1556,1659,1659,1698,1698,
1681,1681,1534,1534,1527,1527,1527,1568,1568,1569,1569,1660,1660,1539,1539,
1717,1717,1706,1706,1706,1721,1721,1707,1707,1707,1739,1739,1535,1535,1904,
1904,2017,2017,2190,2190,1614,1614,1614,1905,1905,2018,2018,2364,2364,2365,
2365,1583,1583,1584,1584,1558,1558,1558,1736,1736,1737,1737,3228,3228,3263,
3263,3317,3317,3018,3018,2964,2964,2964,2927,2927,2927,2965,2965,2965,2953,
2953,3052,3052,3019,3019,2933,2933,2933,2966,2966,2967,2967,2954,2954,2901,
2901,2901,2867,2867,2834,2834,2913,2913,2843,2843,2843,2928,2928,2928,2861,
2861,2861,3149,3149,3062,3062,3062,3048,3048,3048,3076,3076,3076,3172,3172,
3096,3096,3097,3097,3150,3150,3049,3049,3049,3077,3077,3077,3063,3063,3063,
3223,3223,3155,3155,3108,3108,3156,3156,3106,3106,3197,3197,3224,3224,2980,
2980,3053,3053,3107,3107,3109,3109,2981,2981,3138,3138,3104,3104,3174,3174,
3174,3198,3198,2934,2934,2934,2968,2968,2968,2969,2969,2969,3060,3060,3060,
3032,3032,3033,3033,3061,3061,3061,3202,3202,3234,3234,3234,3086,3086,2889,
2889,2889,2899,2899,2899,2902,2902,2902,3040,3040,3040,3002,3002,3002,3026,
3026,3041,3041,3041,3003,3003,3003,2970,2970,2970,2971,2971,2971,3012,3012,
3020,3020,3028,3028,3028,3029,3029,3029,2907,2907,2907,2917,2917,2923,2923,
2923,2924,2924,2924,3013,3013,2931,2931,2931,2932,2932,2932,3021,3021,3027,
3027,3038,3038,3038,2921,2921,2915,2915,2984,2984,2897,2897,3039,3039,3039,
2994,2994,3058,3058,2916,2916,2922,2922,2845,2845,2939,2939,2940,2940,2876,
2876,2876,3087,3087,2823,2823,2823,2835,2835,2824,2824,2824,2891,2891,2891,
2914,2914,2985,2985,2959,2959,2857,2857,2857,2892,2892,2892,3059,3059,2995,
2995,3105,3105,2862,2862,2862,2868,2868,2838,2838,2839,2839,2808,2808,2732,
2732,2731,2731,2844,2844,2844,2644,2644,2756,2756,2890,2890,2890,2900,2900,
2900,2810,2810,2925,2925,2846,2846,2879,2879,2800,2800,2811,2811,2814,2814,
2814,2926,2926,2960,2960,2794,2794,2794,2774,2774,2847,2847,2858,2858,2858,
2772,2772,2773,2773,2809,2809,2504,2504,2438,2438,2439,2439,2611,2611,2516,
2516,2517,2517,2645,2645,2757,2757,2612,2612,2918,2918,2908,2908,2908,2762,
2762,2762,2775,2775,2763,2763,2763,2836,2836,2836,2848,2848,2779,2779,2742,
2742,2739,2739,2795,2795,2795,2788,2788,2837,2837,2837,2780,2780,2780,2880,
2880,2898,2898,2755,2755,2755,2789,2789,2801,2801,2783,2783,2802,2802,2781,
2781,2781,2777,2777,2803,2803,2505,2505,2378,2378,2715,2715,2715,2725,2725,
2725,2502,2502,2503,2503,2733,2733,2734,2734,2453,2453,2498,2498,2499,2499,
2311,2311,2115,2115,2115,2116,2116,2116,2379,2379,2312,2312,2127,2127,2127,
1963,1963,2101,2101,2102,2102,2138,2138,2139,2139,2128,2128,2128,1333,1342,
1342,1342,1319,1319,1400,1400,1307,1307,1374,1374,1374,1299,1299,1299,1392,
1392,1320,1320,1234,1234,1244,1244,1332,1343,1343,1343,1406,1406,1406,1308,
1308,1408,1408,1404,1404,1404,1497,1497,1497,1411,1411,1397,1397,1409,1409,
1405,1405,1405,1331,1331,1323,1323,1323,1324,1324,1324,1370,1370,1371,1371,
1277,1277,1242,1242,1242,1259,1259,1260,1260,1503,1503,1491,1491,1399,1399,
1399,1504,1504,1625,1625,1625,1577,1577,1577,1615,1615,1616,1616,926,926,
1283,1283,1045,1045,1284,1284,954,898,898,927,927,1275,1275,1303,1303,1295,
1295,1296,1296,1276,1276,958,958,883,883,1304,1304,1317,1317,1317,1325,
1325,1325,1339,1339,1329,1329,1329,1340,1340,1326,1326,1326,1318,1318,1318,
1298,1298,1298,953,913,913,914,914,1312,1312,1345,1345,1345,1460,1460,1346,
1346,1346,532,532,532,487,487,461,461,488,488,489,489,489,584,584,584,606,
606,606,730,730,730,596,596,1010,1010,533,533,533,417,417,417,445,445,445,
446,446,446,462,462,490,490,490,345,345,343,343,317,317,317,373,373,373,
882,882,415,415,556,556,418,418,418,346,346,318,318,318,344,344,416,416,
277,277,374,374,374,335,335,336,336,552,552,553,553,2661,2661,2642,2642,
2643,2643,2647,2647,2647,2662,2662,2613,2613,2613,2625,2625,2631,2631,2704,
2704,2704,2614,2614,2614,2510,2510,2510,2605,2605,2599,2599,2463,2463,2511,
2511,2511,2366,2366,2273,2273,2626,2626,2432,2432,2217,2217,2550,2550,2550,
2483,2483,2484,2484,2549,2549,2427,2427,2464,2464,2218,2218,2433,2433,2082,
2082,2082,2270,2270,2073,2073,2053,2053,2053,2054,2054,2054,2367,2367,1948,
1948,2015,2015,2274,2274,2791,2791,2546,2546,1975,1975,1975,2074,2074,2335,
2335,2335,2333,2333,2333,2109,2109,1987,1987,1987,1988,1988,1988,2606,2606,
1384,1384,1429,1429,1439,1439,1439,1387,1387,1387,1361,1361,1361,1380,1380,
1376,1376,1430,1430,1385,1385,1473,1473,1364,1364,1365,1365,1293,1293,1375,
1375,1375,1377,1377,1381,1381,1401,1401,1393,1393,561,561,561,595,595,427,
427,428,428,732,732,732,680,680,674,674,622,622,622,542,542,638,638,638,
772,772,733,733,733,265,265,144,144,51,51,51,454,454,266,266,145,145,209,
209,209,49,49,49,50,50,50,131,131,484,484,297,297,504,504,504,872,872,811,
811,707,707,815,815,815,873,873,734,734,735,735,581,581,52,52,52,179,179,
895,895,923,923,841,841,907,907,899,899,899,911,911,924,924,892,892,862,
862,862,874,874,888,888,888,880,880,880,1050,1050,1050,1014,1014,1014,1023,
1023,1029,1029,1029,908,908,789,789,790,790,912,912,675,675,936,936,936,
925,925,705,705,706,706,2295,2295,2295,2352,2352,2309,2309,2309,2321,2321,
2196,2196,2240,2240,2240,2301,2301,2215,2215,2302,2302,2165,2165,2165,2176,
2176,2322,2322,2296,2296,2296,2310,2310,2310,2374,2374,2375,2375,2353,2353,
2445,2445,2457,2457,2221,2221,2315,2315,2315,2241,2241,2241,2159,2159,2166,
2166,2166,2157,2157,2229,2229,2230,2230,2216,2216,2177,2177,2681,2681,2681,
2558,2558,2560,2560,2562,2562,2562,2458,2458,2563,2563,2563,2682,2682,2682,
2559,2559,2446,2446,2561,2561,2222,2222,2197,2197,2339,2339,2339,2428,2428,
2522,2522,2289,2289,2523,2523,2556,2556,2753,2753,2136,2136,2136,2105,2105,
2106,2106,2290,2290,2316,2316,2316,2487,2487,2487,2488,2488,2488,2340,2340,
2340,2429,2429,2871,2871,2871,2872,2872,2872,2557,2557,3000,3000,3000,3014,
3014,3014,3016,3016,3016,3001,3001,3001,2160,2160,3231,3231,3242,3242,3242,
3216,3216,3216,3232,3232,3190,3190,2415,2415,2415,2705,2705,2615,2615,2706,
2706,2380,2380,2380,2313,2313,2395,2395,2443,2443,2416,2416,2416,2748,2748,
2381,2381,2381,2840,2840,2616,2616,2337,2337,2338,2338,2961,2961,3011,3011,
3011,2930,2930,2852,2852,2852,2828,2828,3120,3120,3119,3119,2941,2941,2941,
3139,3139,3098,3098,3098,3151,3151,2881,2881,2860,2860,2806,2806,2942,2942,
2942,3145,3145,3193,3193,3193,3152,3152,3243,3243,3243,2882,2882,3099,3099,
3099,2697,2697,2698,2698,2675,2675,2807,2807,2449,2449,2450,2450,2424,2424,
2676,2676,3146,3146,3194,3194,3194,3281,3281,3327,3327,3327,3140,3140,963,
963,1286,1286,1286,909,909,1264,1264,939,939,1249,1249,1249,833,833,196,
196,196,421,421,197,197,197,834,834,363,363,287,287,287,218,218,218,148,
148,148,110,110,63,63,63,162,162,163,163,422,422,364,364,278,278,228,228,
219,219,219,288,288,288,279,279,280,280,111,111,149,149,149,329,329,330,
330,481,481,550,550,550,551,551,551,121,121,121,61,61,61,62,62,62,64,64,
64,339,339,222,222,122,122,122,407,407,517,517,518,518,340,340,223,223,
870,870,408,408,816,816,952,1020,1020,871,871,940,940,1281,1281,1269,1269,
1269,1197,1197,1231,1231,1231,1270,1270,1270,1282,1282,1267,1267,1292,1292,
1292,1163,1163,1149,1149,1169,1169,1169,1218,1218,1238,1238,1238,1279,1279,
1268,1268,1198,1198,1164,1164,1416,1416,1265,1265,1458,1458,1143,1143,1570,
1570,1144,1144,1144,1417,1417,1459,1459,1103,1103,1266,1266,1667,1667,1667,
1668,1668,1668,1066,1066,1066,1066,1012,1012,1104,1104,1013,1013,1013,996,
996,997,997,1005,1005,979,979,979,1009,1009,2343,2343,2343,2271,2271,2323,
2323,2344,2344,2344,2368,2368,2368,2524,2524,2336,2336,2336,2283,2283,2204,
2204,2205,2205,2272,2272,2324,2324,2369,2369,2369,2174,2174,2049,2049,2049,
2065,2065,2284,2284,2297,2297,2297,2358,2358,2293,2293,2236,2236,2236,2547,
2547,2153,2298,2298,2298,2294,2294,2534,2534,2359,2359,2237,2237,2237,2535,
2535,2551,2551,2551,2489,2489,2490,2490,2525,2525,2213,2213,2180,2180,2180,
2158,2158,2125,2125,1716,1856,1856,1856,1916,1916,1940,1940,2013,2013,2013,
2095,2095,2055,2055,2019,2019,2019,2087,2087,2087,1944,1944,1944,2113,2113,
2214,2214,2319,2319,2238,2238,2362,2362,2363,2363,2320,2320,2285,2285,2155,
2155,2181,2181,2181,2239,2239,2334,2334,2334,2126,2126,2144,2144,2286,2286,
2134,2134,2135,2135,2175,2175,2145,2145,2729,2729,2729,2713,2713,2636,2636,
2714,2714,2649,2649,2672,2672,2749,2749,2730,2730,2730,2621,2621,2691,2691,
2691,2692,2692,2692,2637,2637,2650,2650,2617,2617,2622,2622,2701,2701,2701,
2673,2673,2719,2719,2719,2770,2770,2770,2986,2986,2750,2750,2481,2481,2747,
2949,2949,2950,2950,2618,2618,2581,2581,2581,2413,2413,2409,2409,2410,2410,
2702,2702,2702,2249,2249,2250,2250,2998,2998,2998,2751,2751,2982,2982,2982,
2752,2752,2792,2792,2841,2841,2841,2855,2855,2865,2865,2883,2883,2883,2919,
2919,2919,2951,2951,2720,2720,2720,2045,2045,2046,2046,1903,1903,1757,1757,
1757,3111,3111,2873,2873,2685,2685,2244,2244,2370,2370,2376,2376,2376,2372,
2372,2360,2360,2360,2382,2382,2382,2385,2385,2385,2405,2405,2405,2518,2518,
2518,2434,2434,2245,2245,2391,2391,2391,2397,2397,2389,2389,2389,2393,2393,
2393,2246,2246,2407,2407,2407,2227,2227,2227,2411,2411,2228,2228,2228,2418,
2418,2377,2377,2377,2371,2371,2417,2417,2383,2383,2383,2373,2373,2473,2473,
2455,2455,2455,2485,2485,2485,2552,2552,2552,2564,2564,2585,2585,2585,2603,
2603,2723,2723,2667,2667,2519,2519,2519,2456,2456,2456,2474,2474,2436,2436,
2461,2461,2462,2462,2384,2384,2422,2422,2423,2423,2361,2361,2361,2479,2479,
2475,2475,2476,2476,2259,2259,2350,2350,2261,2261,2351,2351,2279,2279,2275,
2275,2392,2392,2392,2390,2390,2390,2447,2447,2448,2448,2398,2398,2520,2520,
2486,2486,2486,2553,2553,2553,2565,2565,2566,2566,2538,2538,2538,2430,2430,
2386,2386,2386,2604,2604,2648,2648,2635,2635,2635,2586,2586,2586,2394,2394,
2394,2406,2406,2406,2619,2619,2620,2620,2652,2652,2231,2231,2260,2260,2262,
2262,2347,2347,2687,2687,2688,2688,2482,2482,2442,2442,2514,2514,2514,2515,
2515,2515,2431,2431,2496,2496,2497,2497,2666,2666,2666,2331,2331,2331,2305,
2305,2305,2208,2208,2208,2200,2200,2317,2317,2031,2031,2032,2032,2570,2570,
2567,2567,2471,2471,2508,2508,2539,2539,2539,2521,2521,2491,2491,2728,2728,
2467,2467,2437,2437,2509,2509,2468,2468,2280,2280,2276,2276,2472,2472,2492,
2492,2493,2493,2583,2583,2584,2584,2348,2348,2348,2349,2349,2349,2267,2267,
2232,2232,2232,2233,2233,2233,2454,2454,2253,2253,2202,2202,2140,2140,2203,
2203,2178,2178,2247,2247,2247,2268,2268,2167,2167,2167,2234,2234,2168,2168,
2168,2210,2210,2184,2184,2184,2211,2211,2235,2235,2185,2185,2185,2179,2179,
2097,2097,2141,2141,2254,2254,2281,2281,2255,2255,2291,2291,2291,2251,2251,
2209,2209,2209,2256,2256,2292,2292,2292,2282,2282,2252,2252,2500,2500,2306,
2306,2306,2544,2544,2591,2591,2591,2609,2609,2545,2545,2579,2579,2592,2592,
2592,2480,2480,2711,2711,2711,2657,2657,2657,2717,2717,2655,2655,2638,2638,
2575,2575,2627,2627,2627,2709,2709,2716,2716,2716,2589,2589,2712,2712,2712,
2590,2590,2528,2528,2494,2494,2656,2656,2658,2658,2658,2718,2718,2726,2726,
2726,2248,2248,2248,2610,2610,2529,2529,2420,2420,2421,2421,2639,2639,2501,
2501,2495,2495,2332,2332,2332,2587,2587,2588,2588,2542,2542,2607,2607,2593,
2593,2172,2172,2161,2161,2188,2188,2156,2156,1981,1981,1760,1760,1760,1761,
1761,1761,2162,2162,2189,2189,2173,2173,2318,2318,2201,2201,2543,2543,2576,
2576,2580,2580,2699,2699,2700,2700,2710,2710,2628,2628,2628,2608,2608,2594,
2594,2057,2057,1982,1982,1212,1212,1212,1232,1232,1191,1191,1191,1273,1273,
1273,1129,1129,1213,1213,1213,1301,1301,1337,1337,1185,1185,1192,1192,1192,
1233,1233,1071,1071,1054,1054,915,915,915,982,982,1187,1187,1187,1287,1287,
1253,1253,1130,1130,1072,1072,1274,1274,1274,983,983,1046,1046,1016,1016,
964,964,938,938,777,777,976,976,976,956,956,916,916,916,1033,1033,1034,
1034,955,955,1085,1085,1085,1027,1027,1027,1097,1097,1002,1002,1109,1109,
1109,1348,1348,1348,968,968,968,858,858,858,685,685,685,710,710,710,755,
755,755,825,825,825,779,779,852,852,780,780,1077,1077,1098,1098,1078,1078,
1086,1086,1086,1028,1028,1028,884,884,785,785,1155,1155,1155,1052,1052,
1110,1110,1110,1053,1053,1156,1156,1156,1338,1338,1347,1347,1347,1186,1186,
1055,1055,1302,1302,1220,1220,1240,1240,1241,1241,1288,1288,1188,1188,1188,
1047,1047,1351,1351,1221,1221,1017,1017,965,965,1289,1289,1479,1479,1479,
1290,1290,969,969,969,1003,1003,1344,1344,1425,1425,1425,1271,1271,1456,
1456,1456,1183,1183,1184,1184,1457,1457,1457,1272,1272,1402,1402,1403,1403,
1426,1426,1426,1165,1165,1166,1166,1035,1035,977,977,977,1036,1036,1330,
1330,885,885,731,731,731,1391,1391,1349,1349,1349,1350,1350,1350,1254,1254,
1440,1440,1440,1441,1441,1441,821,821,822,822,610,610,786,786,728,728,712,
712,713,713,160,160,71,71,71,73,73,73,72,72,72,116,116,156,156,156,247,
247,248,248,161,161,74,74,74,117,117,157,157,157,269,269,269,323,323,323,
134,134,134,102,102,77,77,77,114,114,115,115,331,331,146,146,220,220,403,
403,275,275,332,332,147,147,221,221,313,313,313,447,447,447,404,404,276,
276,564,564,564,635,635,624,624,513,513,538,538,397,397,397,385,385,385,
548,548,467,467,468,468,565,565,565,666,666,667,667,636,636,546,546,618,
618,647,647,647,547,547,482,482,413,413,439,439,439,391,391,391,392,392,
392,386,386,386,398,398,398,440,440,440,414,414,311,311,375,375,312,312,
511,511,511,307,307,357,357,357,324,324,324,293,293,293,294,294,294,270,
270,270,358,358,358,308,308,314,314,314,475,475,475,341,341,341,342,342,
342,549,549,476,476,476,448,448,448,514,514,641,641,716,716,686,686,686,
736,736,687,687,578,578,578,642,642,737,737,579,579,579,717,717,648,648,
648,619,619,206,206,210,210,210,158,158,158,159,159,159,211,211,211,207,
207,376,376,756,756,756,688,688,598,598,812,812,711,711,711,523,523,557,
557,524,524,813,813,599,599,626,626,757,757,757,793,793,759,759,760,760,
607,607,607,657,657,627,627,957,957,758,758,758,794,794,905,905,1095,1095,
259,259,212,212,253,253,253,254,254,254,260,260,182,182,182,132,132,106,
106,107,107,135,135,135,183,183,183,213,213,512,512,512,539,539,778,778,
625,625,826,826,826,853,853,859,859,859,639,639,585,585,585,640,640,729,
729,79,79,79,81,81,81,82,82,82,133,133,80,80,80,78,78,78,103,103,75,75,
75,76,76,76,597,597,611,611,1125,1125,1228,1228,1388,1388,1388,1389,1389,
1389,1096,1096,1126,1126,658,658,906,906,1041,1041,1011,1011,1042,1042,
1368,1368,1368,1229,1229,1358,1358,1369,1369,1369,1352,1352,1352,1468,1468,
1532,1532,1533,1533,1359,1359,1469,1469,1353,1353,1353,1432,1432,1461,1461,
1428,1428,1170,1170,1170,1327,1327,1235,1235,1203,1203,1203,1245,1245,1177,
1177,1208,1208,1159,1159,1209,1209,1137,1137,1136,1136,1136,1178,1178,1171,
1171,1222,1222,1223,1223,1160,1160,1138,1138,1179,1179,1179,1236,1236,1236,
1237,1237,1237,1172,1172,1205,1205,1205,1167,1167,1180,1180,1180,1246,1246,
1247,1247,1255,1255,1255,1216,1216,1216,1089,1089,988,988,1206,1206,1206,
1101,1101,1101,1201,1201,1151,1151,1202,1202,1256,1256,1256,1313,1313,1313,
1250,1250,1305,1305,1251,1251,1157,1157,1158,1158,1189,1189,1189,1139,1139,
1140,1140,1049,1049,1090,1090,1314,1314,1314,1217,1217,1217,1094,1094,1094,
1190,1190,1190,1243,1243,1243,1278,1278,1306,1306,1062,1062,993,993,993,
1113,1113,1044,1044,1044,1114,1114,970,970,941,941,928,928,989,989,971,
971,975,975,1063,1063,1079,1079,1102,1102,1102,1074,1074,1025,1025,990,
990,990,1069,1069,1070,1070,1026,1026,991,991,991,1131,1131,1131,1121,1121,
1060,1060,1060,1039,1039,1018,1018,942,942,932,932,972,972,1000,1000,919,
919,966,966,1037,1037,1132,1132,1132,934,934,937,937,967,967,1147,1147,
1181,1181,1038,1038,1182,1182,1080,1080,960,960,960,1148,1148,1107,1107,
1122,1122,1040,1040,943,943,931,931,1061,1061,1061,823,823,824,824,722,
722,722,723,723,723,1168,1168,1152,1152,876,876,877,877,746,746,799,799,
747,747,890,890,890,973,973,868,868,869,869,850,850,901,901,902,902,1019,
1019,1001,1001,920,920,1108,1108,921,921,896,896,897,897,429,429,399,399,
399,433,433,425,425,499,499,430,430,426,426,400,400,400,369,369,369,411,
411,309,309,409,409,409,257,257,257,245,245,226,226,214,214,233,233,233,
140,140,140,495,495,495,496,496,496,434,434,554,554,500,500,562,562,572,
572,572,738,738,738,479,479,480,480,435,435,370,370,370,443,443,443,249,
249,249,327,327,412,412,449,449,477,477,333,333,333,450,450,291,291,291,
321,321,410,410,410,555,555,310,310,246,246,961,961,781,781,744,744,929,
929,701,701,701,1081,1081,1081,962,962,1145,1145,1145,745,745,782,782,689,
689,689,726,726,726,724,724,708,708,563,563,699,699,697,697,697,586,586,
586,570,570,570,573,573,573,727,727,727,709,709,725,725,695,695,695,643,
643,643,631,631,649,649,649,620,620,620,664,664,664,659,659,659,720,720,
653,653,592,592,592,763,763,714,714,693,693,693,696,696,696,582,582,721,
721,632,632,544,544,644,644,644,621,621,621,612,612,742,742,742,668,668,
668,669,669,669,645,645,646,646,665,665,665,654,654,613,613,660,660,660,
497,497,587,587,587,334,334,334,478,478,534,534,498,498,227,227,231,231,
231,243,243,243,216,216,244,244,244,234,234,234,232,232,232,217,217,198,
198,198,199,199,199,258,258,258,292,292,292,1082,1082,1082,930,930,702,
702,702,700,700,752,752,752,540,540,604,604,604,740,740,761,761,765,765,
765,741,741,753,753,753,605,605,605,465,465,541,541,769,769,773,773,773,
801,801,801,662,662,662,419,419,401,401,315,315,349,349,349,301,301,393,
393,241,241,241,394,394,316,316,350,350,350,509,509,242,242,242,302,302,
519,519,510,510,602,602,608,608,608,650,650,650,797,797,670,670,678,678,
678,798,798,846,846,846,847,847,847,671,671,590,590,322,322,864,864,933,
933,878,878,865,865,819,819,944,944,944,946,946,1031,1031,1031,1032,1032,
1032,945,945,945,820,820,879,879,694,694,694,715,715,764,764,152,152,152,
90,90,186,186,86,86,86,123,123,190,190,153,153,153,187,187,91,91,202,202,
202,203,203,203,141,141,141,87,87,87,124,124,194,194,194,195,195,195,283,
283,283,284,284,284,191,191,176,176,188,188,189,189,436,436,215,215,431,
431,441,441,739,739,739,698,698,698,762,762,770,770,805,805,783,783,774,
774,774,520,520,505,505,485,485,506,506,593,593,593,568,568,629,629,629,
574,574,574,575,575,575,630,630,630,743,743,743,679,679,679,571,571,571,
535,535,6,6,6,250,250,250,7,7,7,177,177,166,166,166,167,167,167,328,328,
251,251,172,172,173,173,444,444,444,800,800,466,466,365,365,365,383,383,
383,395,395,395,389,389,389,390,390,390,486,486,366,366,366,609,609,609,
691,691,588,588,588,589,589,589,583,583,591,591,692,692,690,690,690,154,
154,108,108,3,3,3,109,109,155,155,4,4,4,442,442,803,803,683,683,802,802,
802,10,10,10,252,252,8,8,8,791,791,844,844,784,784,792,792,891,891,891,
806,806,845,845,851,851,396,396,396,384,384,384,603,603,718,718,718,807,
807,807,719,719,719,684,684,748,748,748,473,473,451,451,452,452,804,804,
808,808,808,835,835,835,767,767,493,493,676,676,796,796,796,576,576,22,
22,22,367,367,494,494,677,677,577,577,20,20,20,21,21,21,23,23,23,368,368,
838,838,838,855,855,836,836,836,432,432,9,9,9,11,11,11,289,289,289,224,
224,285,285,267,267,267,319,319,319,290,290,290,268,268,268,286,286,225,
225,788,788,788,867,867,861,861,663,663,663,14,14,14,420,420,766,766,766,
491,491,491,423,423,423,545,545,492,492,492,569,569,749,749,749,768,768,
12,12,12,13,13,13,402,402,15,15,15,353,353,320,320,320,361,361,361,362,
362,362,424,424,424,18,18,18,19,19,19,474,474,16,16,16,17,17,17,354,354,
1210,1210,1309,1309,1193,1193,1414,1414,1414,1099,1099,1211,1211,1415,1415,
1415,1194,1194,1382,1382,1310,1310,1100,1100,1075,1075,1111,1111,1133,1133,
1133,1112,1112,1119,1119,1076,1076,1117,1117,1118,1118,1120,1120,1153,1153,
1153,1226,1226,1214,1214,1134,1134,1134,1022,1022,1116,1116,1116,1124,1124,
1124,1091,1091,1161,1161,1141,1141,1141,1162,1162,1154,1154,1154,1227,1227,
1219,1219,1204,1204,1204,1257,1257,1239,1239,1239,1300,1300,1300,1280,1280,
1294,1294,1258,1258,1150,1150,1142,1142,1142,1322,1322,3319,3319,3220,3220,
3220,3311,3311,3311,3305,3305,3305,3322,3322,3322,3315,3315,3315,3320,3320,
3320,3348,3348,3289,3289,3289,3279,3279,3279,1362,1362,1261,1261,1423,1423,
1199,1199,1605,1605,1200,1200,1363,1363,1262,1262,1105,1105,1106,1106,1611,
1611,1611,1612,1612,1612,1424,1424,1087,1087,1088,1088,463,463,347,347,
536,536,273,273,628,628,464,464,537,537,94,94,94,95,95,95,348,348,655,655,
681,681,682,682,138,138,34,34,34,96,96,192,192,139,139,32,32,32,35,35,35,
119,119,337,337,337,566,566,193,193,120,120,97,97,656,656,274,274,614,614,
614,469,469,405,405,281,281,281,298,298,33,33,33,672,672,673,673,900,900,
900,651,651,633,633,470,470,652,652,857,857,857,863,863,863,875,875,849,
849,615,615,615,634,634,406,406,893,893,616,616,889,889,889,567,567,881,
881,881,617,617,338,338,338,623,623,623,437,437,371,371,543,543,438,438,
372,372,282,282,282,1564,1564,1564,1490,1490,1315,1315,1315,1551,1551,1354,
1354,1565,1565,1565,1623,1623,1623,1607,1607,1547,1547,1548,1548,1552,1552,
1552,1252,1252,1252,1176,1176,1176,1498,1482,1482,1433,1433,1536,1536,1536,
1418,1418,1599,1599,1599,1499,1488,1488,1488,1630,1630,1581,1581,1581,1434,
1434,1483,1483,1537,1537,1537,1474,1474,1450,1450,1514,1514,1506,1506,1505,
1505,1462,1462,1462,1378,1378,1378,1394,1394,1412,1412,1321,1321,1316,1316,
1316,1316,1489,1489,1489,1489,1207,1207,1174,1174,1451,1451,1475,1475,1195,
1195,1196,1196,1196,1173,1173,1068,1068,1068,1084,1084,1084,1051,1051,1051,
1059,1059,1092,1092,998,998,1006,1006,1024,1024,1015,1015,1015,987,987,
987,999,999,985,985,1007,1007,1056,1056,1057,1057,1064,1064,1127,1127,1175,
1175,1030,1030,1030,1128,1128,1065,1065,1224,1224,1225,1225,1355,1355,1730,
1730,1635,1635,1900,1900,1900,1806,1806,1806,1850,1850,1850,1862,1862,1794,
1794,1794,1746,1746,1746,1906,1906,1906,1740,1740,1880,1880,1880,1738,1738,
1802,1802,1802,1796,1796,1796,1792,1792,1792,1663,1663,1663,1619,1619,1619,
1593,1593,1688,1688,1941,1941,1857,1857,1857,1983,1983,1932,1932,2096,2096,
2314,2314,1984,1984,2014,2014,2014,1965,1965,1966,1966,1752,1752,1933,1933,
1753,1753,1543,1543,1543,1731,1731,3284,3284,3284,3258,3258,3258,3260,3260,
3238,3238,3238,2695,2695,2696,2696,3241,3241,2597,2597,2598,2598,2632,2632,
3261,3261,2895,2895,3259,3259,3259,2568,2568,2225,2225,2225,2401,2401,2226,
2226,2226,2512,2512,2653,2653,2654,2654,3239,3239,3239,2408,2408,2408,2569,
2569,2633,2633,2354,2354,2354,3217,3217,3217,2744,3251,3251,2784,2784,2785,
2785,3237,3237,3237,3218,3218,3218,2724,2724,3306,3306,3306,3147,3147,3112,
3112,2874,2874,3148,3148,3207,3207,3207,3208,3208,3208,3312,3312,3312,2686,
2686,2540,2540,2465,2465,2663,2663,2663,2668,2668,2641,2641,2630,2630,2630,
2582,2582,2582,2541,2541,2670,2670,2677,2677,2677,2414,2414,2664,2664,2664,
2671,2671,2740,2740,2721,2721,2466,2466,2573,2573,2526,2526,2526,2451,2451,
2460,2460,2804,2804,2885,2885,2886,2886,2669,2669,2722,2722,2678,2678,2678,
2191,2191,2660,2660,2680,2680,2786,2786,2787,2787,3210,3210,3249,3249,3249,
3142,3142,3051,3051,3051,3081,3081,3081,3117,3117,2988,2988,2989,2989,3093,
3093,3118,3118,2978,2978,2978,2944,2944,2832,2832,2869,2869,2869,3030,3030,
2888,2888,2888,2833,2833,3121,3121,2877,2877,2877,2812,2812,2831,2831,2870,
2870,2870,2979,2979,2979,3031,3031,3143,3143,3153,3153,3122,3122,2797,2797,
2797,2765,2765,2765,2878,2878,2878,2805,2805,3144,3144,3167,3167,3168,3168,
3154,3154,3316,3316,3316,3309,3309,3309,3244,3244,3313,3313,3313,3307,3307,
3307,3295,3295,3229,3229,3229,3291,3291,3291,3293,3293,3336,3336,3245,3245,
3094,3094,3310,3310,3310,3308,3308,3308,3314,3314,3314,3296,3296,3090,3090,
3091,3091,3070,3070,3292,3292,3292,3054,3054,3055,3055,3230,3230,3230,3299,
3299,3299,3254,3254,3135,3135,3078,3078,3113,3113,3225,3225,3225,3114,3114,
3300,3300,3300,3255,3255,3337,3337,3321,3321,3321,3036,3036,3294,3294,3280,
3280,3280,3024,3024,3025,3025,3290,3290,3290,2996,2996,2987,2987,3323,3323,
3323,1976,1976,1976,2033,2033,2008,2008,1938,1938,1969,1969,1970,1970,1939,
1939,1949,1949,1949,2009,2009,2009,1950,1950,1950,1967,1967,1914,1914,1968,
1968,1961,1961,2066,2066,1962,1962,1989,1989,1999,1999,1999,2050,2050,2050,
2011,2011,1836,1836,1837,1837,1901,1901,1901,1816,1816,2020,2020,2020,2056,
2056,1930,1930,1934,1934,1851,1851,1851,1931,1931,1990,1990,1878,1878,1935,
1935,1863,1863,1879,1879,1876,1876,1876,1775,1775,1908,1908,1995,1995,1942,
1942,1942,1996,1996,1820,1820,1820,1877,1877,1877,1766,1766,1791,1791,1767,
1767,1747,1747,1747,1776,1776,1909,1909,1943,1943,1943,1922,1922,2110,2110,
1741,1741,1923,1923,1946,1946,1886,1886,1907,1907,1907,2000,2000,2000,1887,
1887,1947,1947,1917,1917,1945,1945,1945,2088,2088,2088,2016,2016,2010,2010,
2010,1881,1881,1881,1803,1803,1803,1807,1807,1807,1797,1797,1797,1817,1817,
2114,2114,1793,1793,1793,1795,1795,1795,2012,2012,1732,1732,1725,1725,1821,
1821,1821,1733,1733,1733,1673,1673,1673,1673,1718,1718,1582,1582,1582,1582,
1528,1528,1528,1600,1600,1600,1852,1852,1768,1768,1722,1722,1853,1853,1789,
1789,1924,1924,1715,1742,1742,1743,1743,1705,1705,1790,1790,1915,1915,1925,
1925,1507,1507,1544,1544,1587,1587,1588,1588,1515,1515,1463,1463,1463,1627,
1627,1574,1574,1580,1580,1579,1579,1631,1631,1632,1632,1649,1649,1594,1594,
1620,1620,1620,1650,1650,1664,1664,1664,1563,1563,1563,1689,1689,1591,1591,
1545,1545,1560,1560,1636,1636,1546,1546,1592,1592,1550,1550,1554,1554,1541,
1541,1512,1512,1513,1513,1419,1419,1493,1493,1448,1448,1449,1449,1420,1420,
1407,1407,1407,1442,1442,1372,1372,1356,1356,1443,1443,1373,1373,1357,1357,
1366,1366,1215,1215,1367,1367,1379,1379,1379,1395,1395,1413,1413,1383,1383,
2035,2035,2069,2069,2051,2051,1928,1928,2041,2041,2042,2042,2036,2036,2052,
2052,2076,2076,2076,2070,2070,1936,1936,1937,1937,2043,2043,2039,2039,2039,
2142,2142,2044,2044,1676,1676,1676,1929,1929,2034,2034,2040,2040,2040,2198,
2198,2198,2149,2149,2149,2206,2206,2192,2192,2192,2143,2143,1690,1690,1690,
1657,1657,1658,1658,1677,1677,1677,1691,1691,1691,1712,1712,1712,1703,1703,
1703,1726,1726,1726,1655,1655,1639,1639,1639,1699,1699,1643,1643,1734,1734,
1734,1713,1713,1713,1892,1892,1864,1864,1893,1893,1694,1694,1684,1684,1704,
1704,1704,1695,1695,1656,1656,1682,1682,1682,1601,1601,1641,1641,1641,1642,
1642,1642,1602,1602,1628,1628,1575,1575,1644,1644,1617,1617,1671,1671,1672,
1672,1626,1626,1626,1578,1578,1578,1492,1492,1603,1603,1603,1604,1604,1604,
1618,1618,1661,1661,1661,1662,1662,1662,1685,1685,1595,1595,1596,1596,1624,
1624,1624,1589,1589,1589,1608,1608,1576,1576,1606,1606,1629,1629,1640,1640,
1640,1808,1808,1785,1785,1785,1762,1762,1727,1727,1727,1748,1748,1700,1700,
1590,1590,1590,1571,1571,1683,1683,1683,1810,1810,1758,1758,1764,1764,1804,
1804,1804,1822,1822,1805,1805,1805,1823,1823,1811,1811,1765,1765,1754,1754,
1754,1755,1755,1755,1759,1759,1812,1812,1763,1763,1828,1828,1828,1888,1888,
1840,1840,1838,1838,1838,1778,1778,1778,1800,1800,1801,1801,1809,1809,1786,
1786,1786,1920,1920,1920,1973,1973,1973,2130,2130,1841,1841,1889,1889,1813,
1813,1829,1829,1829,1839,1839,1839,1959,1959,1993,1993,1994,1994,1974,1974,
1974,1921,1921,1921,1957,1957,2003,2003,2004,2004,1865,1865,2058,2058,2093,
2093,1818,1818,1819,1819,1964,1964,2098,2098,1955,1955,1955,1956,1956,1956,
1960,1960,1991,1991,1991,1992,1992,1992,1749,1749,2077,2077,2133,2133,2123,
2123,2169,2169,2163,2163,2164,2164,2078,2078,2124,2124,1958,1958,2094,2094,
2091,2091,2092,2092,1735,1735,1735,2022,2022,2063,2063,2068,2068,2068,2120,
2120,2047,2047,2047,2111,2111,2118,2118,2118,2048,2048,2048,2103,2103,2103,
2104,2104,2104,2064,2064,2112,2112,2212,2212,2182,2182,2183,2183,2299,2299,
2412,2412,2263,2263,2263,2277,2277,2278,2278,2264,2264,2264,2300,2300,2435,
2435,2207,2207,2199,2199,2199,2193,2193,2193,2419,2419,2402,2402,2513,2513,
2425,2425,2355,2355,2355,2440,2440,2532,2532,2219,2219,2893,2893,2005,2005,
2005,2006,2006,2006,2894,2894,2441,2441,2220,2220,2863,2863,2863,2533,2533,
2061,2061,2062,2062,1912,1912,1830,1830,1875,1875,1875,1884,1884,1910,1910,
1977,1977,1978,1978,1913,1913,1787,1787,1781,1781,1814,1814,1898,1898,1834,
1834,1834,1899,1899,1885,1885,1831,1831,1911,1911,1951,1951,1951,1952,1952,
1952,1953,1953,1953,2025,2025,1918,1918,2059,2059,2071,2071,1896,1896,1896,
1846,1846,2085,2085,2079,2079,2137,2137,2137,2037,2037,2027,2027,2027,2026,
2026,1919,1919,1954,1954,1954,2060,2060,1782,1782,1926,1926,1926,1979,1979,
1979,1815,1815,1835,1835,1835,1927,1927,1927,1971,1971,1972,1972,1784,1784,
1784,1788,1788,1985,1985,1997,1997,1997,1998,1998,1998,1986,1986,1772,1772,
1720,1720,1720,1745,1745,1774,1774,1769,1769,1848,1848,1798,1798,1832,1832,
1832,1728,1728,1833,1833,1833,1770,1770,1849,1849,1894,1894,1894,1750,1750,
1799,1799,1895,1895,1895,1897,1897,1897,2345,2345,1890,1890,2341,2341,1882,
1882,2342,2342,2023,2023,2029,2029,2029,1980,1980,1980,2083,2083,2083,2024,
2024,2001,2001,2002,2002,2030,2030,2030,2084,2084,2084,1751,1751,1729,1729,
2086,2086,2072,2072,2080,2080,1891,1891,2766,2766,2766,2346,2346,1883,1883,
2038,2038,1847,1847,2028,2028,2028,2758,2758,2759,2759,2798,2798,2798,2768,
2768,2767,2767,2767,2935,2935,2935,2853,2853,2849,2849,2903,2903,2903,2825,
2825,2974,2974,2974,2936,2936,2936,2904,2904,2904,2864,2864,2864,2854,2854,
2905,2905,2905,2937,2937,2937,2850,2850,3006,3006,3006,3034,3034,3034,3022,
3022,3044,3044,3044,2975,2975,2975,3007,3007,3007,3023,3023,3035,3035,3035,
2999,2999,2999,3095,3095,2799,2799,2799,2826,2826,2906,2906,2906,2938,2938,
2938,2769,2769,3074,3074,3074,3075,3075,3075,3064,3064,3064,3065,3065,3065,
3079,3079,3226,3226,3226,3136,3136,2911,2911,2976,2976,2976,2977,2977,2977,
3045,3045,3045,2771,2771,2771,2817,2817,2817,2793,2793,2997,2997,2842,2842,
2842,2856,2856,3037,3037,2884,2884,2884,2866,2866,2952,2952,3071,3071,2920,
2920,2920,2983,2983,2983,2912,2912,2945,2945,3008,3008,3008,3009,3009,3009,
2946,2946,3046,3046,3046,3082,3082,3082,3072,3072,3056,3056,3056,3047,3047,
3047,3057,3057,3057,3073,3073,3125,3125,3125,3123,3123,3124,3124,3083,3083,
3083,3129,3129,3133,3133,3133,3159,3159,3181,3181,3181,3130,3130,3134,3134,
3134,2962,2962,2963,2963,3182,3182,3182,3160,3160,2818,2818,2818,3102,3102,
2992,2992,3127,3127,3126,3126,3126,3103,3103,3131,3131,3131,3132,3132,3132,
3017,3017,3017,3015,3015,3015,2993,2993,3128,3128,3187,3187,2909,2909,3084,
3084,2910,2910,3211,3211,3188,3188,2947,2947,2819,2819,2624,2624,2624,2948,
2948,3288,3288,3288,3085,3085,3212,3212,3302,3302,2574,2574,2820,2820,2396,
2396,2452,2452,2477,2477,2477,2444,2444,2577,2577,2478,2478,2478,2527,2527,
2527,2829,2829,2830,2830,2683,2683,2578,2578,3278,3278,3278,2684,2684,3257,
3257,2958,2958,3286,3286,2896,2896,1146,1146,1146,458,306,306,306,1827,
1827,1872,1872,1873,1873,1869,1869,1869,1861,1861,1861,1845,1845,1845,3067,
3067,3043,3043,2973,2973,3005,3005,3005,457,2736,2736,2736,456,456,2972,
2972,3004,3004,3004,3042,3042,2738,2738,2738,531,531,531,3066,3066,304,
304,304,305,305,305,1487,1487,1487,1519,1519,326,326,326,388,388,360,360,
360,303,303,303,296,296,296,1466,1466,1466,1518,1518,1486,1486,1486,1454,
1454,1454,84,84,5,5,1446,1446,1447,1447,1455,1455,1455,1467,1467,1467,381,
381,382,382,204,204,205,205,256,256,2,2,1,1,255,255,356,356,355,355,387,
387,359,359,359,295,295,295,325,325,325,142,142,185,185,143,143,105,105,
105,184,184,264,264,264,104,104,104,92,92,93,93,263,263,263,261,261,262,
262,237,237,237,88,88,88,168,168,229,229,229,230,230,230,238,238,238,89,
89,89,169,169,83,83,236,236,236,235,235,235,1826,1826,1868,1868,1868,1860,
1860,1860,1844,1844,1844,529,529,529,1517,1517,528,528,528,530,530,530,
1444,1444,1485,1485,1485,1465,1465,1465,1445,1445,1453,1453,1453,2737,2737,
2737,2735,2735,2735,1870,1870,1871,1871,1867,1867,1867,1825,1825,1843,1843,
1843,1859,1859,1859,1824,1824,1866,1866,1866,1858,1858,1858,1842,1842,1842,
1452,1452,1452,1516,1516,1484,1484,1484,1464,1464,1464),((1,3,7),(9,4,2),
(7,12,1),(12,16,1),(18,1,21),(16,21,1),(24,2,20),(2,24,9),(27,6,5),(5,11,
27),(13,8,28),(29,31,35),(37,32,30),(35,40,29),(40,43,29),(45,29,43),(48,
30,47),(30,48,37),(51,34,33),(33,39,51),(41,36,52),(53,15,14),(14,56,53),
(28,57,13),(21,59,18),(21,62,59),(43,21,45),(43,62,21),(64,46,23),(67,22,
17),(23,69,64),(70,19,61),(73,60,63),(61,75,70),(20,72,24),(76,44,42),(42,
78,76),(52,79,41),(82,63,44),(44,76,82),(47,66,48),(17,55,67),(63,82,73),
(83,38,49),(49,65,86),(49,86,83),(50,38,83),(86,65,68),(86,68,54),(54,58,
86),(58,26,87),(87,86,58),(26,10,89),(89,87,26),(10,25,91),(91,89,10),(93,
25,71),(93,91,25),(71,74,96),(96,93,71),(96,74,81),(81,77,98),(81,98,96),
(77,80,98),(80,50,83),(83,98,80),(86,87,100),(100,102,86),(86,102,103),
(103,106,86),(108,86,109),(86,108,112),(86,106,109),(112,83,86),(115,101,
88),(115,88,90),(117,100,120),(115,121,101),(117,102,100),(122,120,123),
(120,122,125),(123,128,122),(129,122,128),(129,132,122),(134,125,122),(122,
132,134),(115,124,121),(120,136,117),(138,136,120),(120,125,140),(120,140,
138),(123,142,144),(147,143,124),(144,128,123),(124,115,147),(149,142,150),
(142,149,152),(150,154,149),(155,149,154),(149,155,158),(160,152,149),(160,
149,162),(158,162,149),(147,151,143),(144,142,165),(152,165,142),(150,168,
170),(147,169,151),(170,154,150),(173,174,176),(178,174,173),(176,180,173),
(91,173,89),(173,91,182),(89,173,180),(178,173,182),(177,175,185),(185,
175,179),(188,181,177),(185,189,177),(177,189,188),(191,193,195),(191,198,
193),(195,200,191),(191,202,198),(204,192,201),(207,203,192),(192,204,207),
(208,196,194),(211,194,199),(194,211,208),(195,213,216),(214,197,210),(216,
200,195),(218,198,202),(221,198,218),(223,199,222),(199,223,211),(217,215,
225),(210,226,214),(201,217,229),(225,229,217),(201,230,204),(229,230,201),
(232,233,234),(236,233,232),(234,239,232),(239,242,232),(243,232,242),(232,
243,246),(246,250,232),(250,252,232),(232,252,253),(232,256,236),(232,258,
256),(258,232,261),(261,232,253),(264,234,233),(266,268,233),(268,271,233),
(233,273,266),(273,233,236),(233,271,276),(276,264,233),(278,240,235),(281,
235,265),(235,281,278),(283,239,286),(289,287,241),(283,242,239),(241,280,
289),(290,293,295),(297,292,291),(295,300,290),(302,290,300),(291,304,306),
(291,306,297),(309,296,294),(294,299,309),(301,296,309),(310,312,314),(317,
313,311),(314,319,310),(310,319,322),(322,324,310),(327,311,326),(311,327,
317),(314,312,329),(330,313,317),(331,320,316),(329,334,314),(334,336,314),
(168,314,336),(338,315,169),(316,340,331),(341,323,321),(321,333,341),(343,
325,323),(323,341,343),(346,335,330),(330,349,346),(317,349,330),(326,345,
327),(350,337,335),(335,346,350),(336,352,168),(352,170,168),(147,354,169),
(169,354,338),(353,337,350),(356,171,353),(359,154,170),(170,361,363),(170,
365,361),(363,359,170),(365,170,367),(368,172,358),(350,369,353),(353,369,
356),(371,373,375),(377,374,372),(375,379,371),(381,371,383),(385,372,382),
(371,379,383),(372,385,377),(373,387,375),(373,390,387),(393,391,374),(374,
377,393),(376,389,396),(380,376,400),(396,400,376),(397,388,392),(383,401,
381),(381,401,403),(403,405,381),(407,382,406),(382,407,385),(410,384,380),
(411,402,384),(384,410,411),(400,414,380),(380,414,410),(415,404,402),(402,
411,415),(405,403,417),(420,418,404),(404,415,420),(405,417,423),(423,426,
405),(406,428,430),(430,433,406),(406,433,407),(434,436,438),(434,440,436),
(438,442,434),(434,445,440),(434,448,445),(448,434,451),(454,451,434),(434,
456,454),(459,457,435),(435,444,462),(462,459,435),(466,439,437),(467,437,
441),(437,467,466),(463,443,439),(439,466,463),(470,441,447),(441,470,467),
(471,473,445),(445,448,471),(475,446,474),(447,477,470),(471,478,482),(484,
479,472),(482,473,471),(487,472,450),(472,487,484),(490,481,480),(480,486,
490),(474,483,491),(491,492,474),(474,492,475),(494,496,448),(498,449,497),
(448,501,494),(451,501,448),(450,500,487),(504,506,508),(510,507,505),(508,
512,504),(504,512,515),(515,517,504),(519,504,517),(522,505,521),(505,522,
510),(509,507,510),(513,509,525),(510,525,509),(526,529,531),(533,530,528),
(531,535,526),(527,537,539),(528,541,533),(539,542,527),(529,544,531),(544,
529,546),(549,547,530),(530,533,549),(553,532,545),(538,536,532),(532,553,
538),(546,554,544),(545,556,557),(545,557,553),(560,562,564),(560,566,562),
(564,569,560),(566,560,572),(575,561,571),(578,573,561),(561,575,578),(565,
563,580),(563,568,582),(582,580,563),(564,585,569),(585,564,586),(589,587,
565),(580,589,565),(585,546,592),(585,554,546),(592,569,585),(554,585,594),
(594,585,595),(598,601,585),(585,601,602),(595,585,605),(607,605,585),(585,
609,598),(585,586,609),(602,607,585),(611,593,548),(548,550,611),(614,570,
593),(593,611,614),(567,574,579),(579,583,567),(594,616,554),(558,555,617),
(571,615,575),(618,616,594),(595,621,594),(623,594,626),(594,623,628),(594,
621,626),(628,631,594),(633,594,636),(594,633,639),(631,636,594),(639,641,
594),(644,594,641),(594,644,646),(594,648,650),(594,653,648),(650,618,594),
(594,646,655),(655,653,594),(657,616,618),(660,617,659),(617,660,558),(662,
665,668),(662,670,665),(668,673,662),(662,676,678),(662,673,676),(678,680,
662),(662,683,670),(683,662,685),(687,686,664),(690,663,682),(664,691,687),
(692,669,667),(694,665,670),(697,699,665),(665,701,697),(666,700,703),(665,
694,701),(703,706,666),(667,707,692),(708,674,669),(669,692,708),(711,679,
677),(677,675,710),(710,714,677),(677,714,711),(715,681,679),(679,711,715),
(718,720,670),(671,721,723),(670,683,718),(670,724,694),(726,725,672),(723,
729,671),(672,730,726),(731,720,718),(723,721,733),(718,734,731),(734,736,
731),(738,732,737),(733,740,723),(741,719,684),(735,719,741),(697,743,747),
(744,698,749),(747,699,697),(698,702,752),(752,749,698),(753,746,745),(745,
756,753),(749,757,744),(703,700,748),(748,755,703),(759,762,683),(683,765,
759),(685,767,683),(684,764,769),(767,765,683),(684,769,741),(772,736,734),
(775,773,735),(741,775,735),(737,774,777),(777,738,737),(702,696,778),(778,
752,702),(779,695,725),(725,726,779),(781,783,785),(788,784,782),(785,790,
781),(792,781,790),(794,782,793),(782,794,788),(783,796,785),(799,797,784),
(784,788,799),(791,787,800),(803,785,805),(785,796,805),(801,786,804),(790,
806,792),(806,790,809),(811,810,791),(800,811,791),(813,792,806),(806,815,
813),(816,808,818),(807,810,811),(811,819,807),(822,793,814),(793,822,794),
(814,817,823),(818,824,816),(814,827,822),(823,827,814),(805,828,803),(830,
828,805),(805,796,832),(805,834,836),(805,839,834),(836,842,805),(839,805,
845),(805,847,845),(762,759,805),(805,759,850),(805,852,762),(842,852,805),
(854,847,805),(805,850,830),(805,856,854),(805,858,856),(858,805,601),(601,
805,861),(863,865,805),(805,832,863),(805,865,868),(805,868,871),(871,861,
805),(874,804,829),(877,829,831),(829,877,874),(804,874,801),(878,833,797),
(797,799,878),(880,882,884),(880,886,882),(884,888,880),(890,881,889),(893,
887,881),(881,890,893),(894,885,883),(896,882,886),(899,883,898),(883,899,
894),(884,901,888),(904,902,885),(885,894,904),(905,888,901),(908,889,907),
(889,908,890),(886,910,896),(913,911,887),(887,893,913),(897,912,914),(914,
916,897),(898,918,899),(919,921,923),(921,919,925),(923,927,919),(929,926,
920),(920,928,931),(931,929,920),(932,924,922),(925,934,921),(922,935,936),
(922,936,932),(938,927,923),(932,939,924),(941,103,102),(943,104,942),(102,
117,941),(946,942,119),(942,946,943),(949,107,105),(105,945,949),(109,950,
108),(950,952,108),(108,955,957),(957,960,108),(955,108,962),(108,960,965),
(965,967,108),(108,967,969),(112,108,972),(108,974,972),(974,108,977),(969,
977,108),(108,952,962),(980,951,111),(983,110,107),(111,984,980),(985,953,
951),(951,980,985),(107,949,983),(988,990,993),(995,991,989),(993,997,988),
(997,998,988),(1000,989,999),(989,1000,995),(242,993,990),(242,990,1002),
(1003,992,996),(997,993,1004),(993,242,1006),(1006,1009,993),(993,1009,
1012),(993,1014,1004),(1012,1014,993),(998,997,1016),(1004,1018,997),(1018,
1020,997),(1016,997,1020),(1016,1022,998),(999,1023,1024),(999,1024,1000),
(1026,1027,1030),(1032,1027,1026),(1030,154,1026),(1035,1026,154),(1026,
1035,1038),(1038,1041,1026),(1041,1043,1026),(1026,1046,1048),(1046,1026,
1043),(1048,1050,1026),(1052,1026,1050),(1026,1054,1032),(1052,1054,1026),
(1056,1031,1029),(1027,1058,1060),(1060,1063,1027),(1027,1032,1058),(1065,
1028,1064),(1029,1067,1056),(1030,155,154),(1068,156,1031),(1031,1056,1068),
(359,1071,154),(1071,1074,154),(154,1074,1076),(1076,1035,154),(159,157,
1070),(1079,1081,1084),(1086,1082,1080),(1084,1088,1079),(1089,1079,1088),
(1091,1080,1090),(1080,1091,1086),(1093,1084,1081),(1095,1093,1081),(1081,
1098,1095),(1099,1083,1087),(1088,1084,1101),(1084,1103,1101),(1084,1105,
1103),(1105,1084,1093),(1088,1108,1089),(1088,1110,1108),(1088,1112,1110),
(1088,1114,1112),(1114,1088,1117),(1119,1088,1122),(1125,1122,1088),(1127,
1088,1119),(1101,1125,1088),(1088,1127,1129),(1088,1131,1134),(1129,1131,
1088),(1134,1136,1088),(1136,1117,1088),(1139,1090,1109),(1142,1109,1111),
(1109,1142,1139),(1090,1139,1091),(1143,1111,1113),(1111,1143,1142),(1146,
1113,1116),(1113,1146,1143),(1147,1114,1117),(1149,1115,1148),(1116,1151,
1146),(1152,1154,1156),(1154,1152,1158),(1156,1161,1152),(1153,1163,1165),
(1168,1159,1153),(1165,1170,1153),(1153,1170,1168),(1173,1157,1155),(1158,
1174,1154),(1177,1155,1176),(1155,1177,1173),(1156,1179,1161),(1182,1180,
1157),(1157,1173,1182),(1161,1183,1185),(1161,1187,1183),(1185,1190,1161),
(1179,1187,1161),(1192,1161,1195),(1198,1195,1161),(1201,1161,1192),(1161,
1203,1205),(1161,1207,1203),(1205,1210,1161),(1161,1210,1198),(1207,1161,
1190),(1164,1162,1202),(1158,1212,1174),(1214,1212,1158),(1217,1158,1220),
(1223,1221,1160),(1158,1217,1214),(1160,1169,1223),(1224,1174,1212),(1226,
1175,1225),(1176,1228,1177),(1229,1231,1233),(1235,1232,1230),(1233,1237,
1229),(1212,1229,1224),(1239,1230,1213),(1229,1237,1224),(1230,1239,1235),
(1231,1241,1233),(1244,1242,1232),(1232,1235,1244),(1245,1238,1234),(1241,
1247,1233),(1233,1247,1251),(1234,1252,1253),(1253,1257,1234),(1234,1257,
1245),(1258,1186,1184),(1261,1184,1189),(1184,1261,1258),(1191,1186,1258),
(1188,1180,1182),(1213,1216,1262),(1213,1262,1239),(1266,1225,1238),(1225,
1266,1226),(1238,1245,1266),(1189,1267,1261),(1182,1268,1188),(1271,1248,
1242),(1242,1244,1271),(1250,1249,1272),(1273,1275,1278),(1280,1276,1274),
(1278,1283,1273),(1283,1285,1273),(1287,1274,1286),(1274,1287,1280),(1275,
1289,1278),(1291,1289,1275),(1275,1294,1291),(1297,1295,1277),(1277,1282,
1297),(1298,1284,1279),(1301,1279,1290),(1279,1301,1298),(1283,1302,1285),
(1283,1304,1307),(1307,1302,1283),(1309,1305,1284),(1284,1298,1309),(1286,
1303,1312),(1312,1287,1286),(1315,1290,1293),(1290,1315,1301),(1316,1220,
1318),(1220,1316,1217),(1318,1320,1316),(1322,1218,1317),(1325,1317,1321),
(1317,1325,1322),(1328,1319,1221),(1221,1223,1328),(1320,1318,1329),(1331,
1330,1319),(1319,1328,1331),(1214,1217,1333),(1336,1334,1219),(1219,1324,
1336),(286,1333,283),(1333,286,1214),(1263,1215,287),(287,289,1263),(1337,
284,1334),(1334,1336,1337),(283,1340,242),(1342,1341,285),(285,1339,1342),
(242,1002,243),(1006,242,1340),(364,362,1345),(1345,362,366),(1346,360,
364),(364,1349,1346),(1345,1349,364),(1350,1352,1355),(1358,1353,1351),
(1355,1361,1350),(1363,1350,1361),(1365,1351,1364),(1351,1365,1358),(1352,
1367,1355),(1367,1352,1370),(1373,1371,1354),(1354,1360,1373),(1374,1362,
1357),(1355,1367,1376),(1376,1379,1355),(1381,1383,1355),(1355,1385,1381),
(1388,1356,1384),(1355,1379,1391),(1355,1391,1385),(1357,1390,1374),(1394,
1396,1400),(1402,1396,1394),(1400,365,1394),(365,367,1394),(1395,368,1405),
(1394,1407,1402),(1410,1408,1395),(1395,1411,1410),(1405,1411,1395),(1414,
1399,1398),(1397,1404,1416),(1416,1420,1397),(1398,1421,1414),(366,1401,
1415),(1072,360,1346),(1422,1424,1426),(1428,1425,1423),(1426,1430,1422),
(1430,1432,1422),(1434,1423,1433),(1423,1434,1428),(1436,1426,1424),(1424,
1363,1436),(1438,1364,1425),(1425,1428,1438),(1441,1431,1427),(1442,1427,
1437),(1427,1442,1441),(1361,1436,1363),(1364,1438,1365),(1445,1437,1362),
(1362,1374,1445),(1415,1446,366),(366,1446,1345),(358,1405,368),(1430,1076,
1432),(1430,1448,1076),(1449,1431,1441),(1433,1078,1450),(1450,1454,1433),
(1433,1454,1434),(1437,1445,1442),(1377,1369,1455),(1370,1458,1367),(1368,
1460,1461),(1461,1456,1368),(1407,1464,1402),(1464,1407,1467),(1470,1468,
1408),(1408,1410,1470),(1403,1466,1471),(1471,1417,1403),(1474,1075,1073),
(1346,1477,1072),(1073,1478,1474),(1451,1077,1075),(1035,1076,1479),(1076,
1448,1479),(1376,1481,1379),(1481,1376,1484),(1485,1378,1487),(1455,1488,
1377),(1075,1474,1451),(1467,1490,1464),(1493,1490,1467),(1467,1496,1493),
(1497,1468,1470),(1465,1492,1498),(1491,1495,1501),(1501,1499,1491),(1498,
1472,1465),(1504,1493,1496),(1494,1506,1508),(1508,1503,1494),(1510,1504,
1512),(1504,1510,1481),(1512,1514,1510),(1511,1516,1517),(1520,1481,1510),
(1510,1523,1520),(1510,1525,1523),(1528,1526,1511),(1517,1531,1511),(1511,
1531,1528),(1496,1512,1504),(1481,1533,1504),(1505,1535,1537),(1537,1507,
1505),(1539,1513,1497),(1515,1513,1539),(1497,1542,1539),(1470,1542,1497),
(1543,1546,1548),(1543,1550,1546),(1548,1552,1543),(1479,1543,1035),(1552,
1035,1543),(1554,1544,1480),(1557,1550,1543),(1543,1559,1557),(1560,1545,
1556),(1561,1549,1547),(1564,1547,1551),(1547,1564,1561),(1553,1549,1561),
(1565,1035,1567),(1035,1565,1038),(1570,1568,1037),(1571,1036,1553),(1037,
1573,1570),(1574,1480,1449),(1480,1574,1554),(1383,1381,1576),(1579,1382,
1387),(1582,1577,1382),(1382,1579,1582),(1576,1584,1383),(1587,1384,1586),
(1384,1587,1388),(1590,1551,1558),(1551,1590,1564),(1591,1557,1559),(1559,
1593,1591),(1593,1559,1584),(1596,1585,1560),(1560,1599,1596),(1556,1599,
1560),(1602,1558,1592),(1558,1602,1590),(1441,1603,1449),(1449,1603,1574),
(1606,1392,1380),(1608,1380,1483),(1380,1608,1606),(1385,1391,1610),(1613,
1611,1393),(1393,1607,1613),(1385,1614,1616),(1385,1610,1614),(1616,1618,
1385),(1620,1386,1619),(1387,1622,1579),(1539,1518,1515),(1484,1533,1481),
(1623,1481,1625),(1627,1482,1624),(1481,1520,1625),(1483,1629,1608),(1534,
1486,1630),(1630,1536,1534),(1633,1565,1635),(1637,1566,1634),(1635,1639,
1633),(1639,1641,1633),(1643,1634,1642),(1634,1643,1637),(1565,1567,1635),
(1646,1039,1566),(1566,1637,1646),(1636,1568,1570),(1640,1636,1648),(1570,
1648,1636),(1651,1592,1595),(1593,1584,1652),(1655,1657,1593),(1593,1652,
1655),(1659,1594,1658),(1595,1661,1651),(1592,1651,1602),(1576,1662,1584),
(1664,1663,1578),(1578,1583,1664),(1652,1584,1662),(1586,1598,1587),(1617,
1615,1667),(1667,1615,1611),(1668,1618,1616),(1616,1670,1668),(1672,1671,
1617),(1617,1667,1672),(1625,1674,1623),(1676,1623,1674),(1624,1677,1678),
(1678,1681,1624),(1624,1681,1627),(1682,1626,1522),(1685,1675,1626),(1626,
1682,1685),(1521,1524,1686),(1686,1524,1527),(1522,1688,1682),(1686,1689,
1521),(1657,1655,1691),(1694,1656,1654),(1697,1692,1656),(1656,1694,1697),
(1691,1699,1657),(1702,1658,1701),(1658,1702,1659),(1462,1459,1371),(1371,
1373,1462),(1611,1613,1667),(1705,1042,1040),(1040,1647,1705),(1487,1631,
1485),(1527,1529,1686),(1662,1706,1652),(1706,1708,1652),(1710,1653,1709),
(1654,1712,1694),(1691,1050,1699),(1051,1693,1698),(1639,1699,1713),(1715,
1700,1640),(1718,1713,1699),(1699,1050,1718),(1701,1717,1702),(1713,1641,
1639),(1640,1721,1715),(1648,1721,1640),(1561,1724,1553),(1553,1724,1571),
(1725,1044,1042),(1042,1705,1725),(1642,1714,1728),(1728,1731,1642),(1642,
1731,1643),(1728,1714,1720),(1049,1047,1732),(1043,1734,1046),(1732,1047,
1735),(1048,1718,1050),(1736,1719,1049),(1049,1739,1736),(1732,1739,1049),
(1742,1735,1045),(1045,1727,1742),(1619,1669,1743),(1743,1620,1619),(1674,
1745,1676),(1746,1675,1685),(1707,1663,1664),(1747,1050,1750),(1050,1747,
1052),(1750,1050,1753),(1755,1754,1051),(1051,1698,1755),(1720,1738,1728),
(1735,1742,1732),(1708,1706,1757),(1759,1758,1707),(1664,1759,1707),(1761,
1763,1708),(1708,1757,1761),(1709,1764,1765),(1765,1710,1709),(1745,1767,
1676),(1767,1745,1769),(1772,1770,1746),(1685,1776,1746),(1746,1776,1772),
(1677,1768,1777),(1777,1678,1677),(1769,1779,1767),(1777,1768,1781),(1779,
1769,1782),(1782,1769,1784),(1786,1785,1771),(1771,1773,1786),(1788,1779,
1782),(1780,1789,1791),(1781,1792,1777),(1791,1793,1780),(1795,1796,1799),
(1801,1796,1795),(1799,1803,1795),(1805,1795,252),(252,1795,1808),(1805,
1811,1795),(1795,1811,1801),(1808,1795,1803),(1813,1800,1798),(1815,1817,
1796),(1796,1819,1815),(1821,1797,1818),(1801,1823,1796),(1823,1819,1796),
(1798,1822,1813),(1826,1804,1800),(1800,1813,1826),(1828,515,512),(512,
1830,1828),(1831,514,1833),(525,1834,513),(1837,516,1829),(1838,518,516),
(516,1837,1838),(1841,1829,1832),(1833,1842,1831),(1832,1844,1841),(1829,
1841,1837),(517,1845,519),(1845,517,1847),(1850,1848,518),(518,1838,1850),
(519,1845,1853),(1855,1854,1846),(1845,1857,1859),(1845,1847,1857),(1859,
1862,1845),(1846,1863,1864),(1864,1855,1846),(1853,1866,519),(1868,519,
1866),(1870,520,1869),(521,1872,522),(1873,1867,1854),(1854,1855,1873),
(1866,1875,1878),(1875,1866,1881),(1878,1868,1866),(1884,1882,1867),(1867,
1873,1884),(1885,1887,1889),(1891,1888,1886),(1889,1893,1885),(1885,1893,
1894),(1896,1886,1895),(1886,1896,1891),(1887,1898,1889),(1900,1887,1902),
(1887,1900,1898),(1905,1903,1888),(1888,1891,1905),(1890,1899,1906),(1908,
1893,1889),(1909,1890,1910),(1906,1910,1890),(1902,268,1900),(1906,1899,
1901),(1913,1901,270),(1901,1913,1906),(1902,1914,268),(1915,1903,1905),
(268,1918,1920),(1914,1918,268),(1920,271,268),(1922,269,267),(270,1924,
1913),(1894,1893,1908),(1925,1921,1919),(1928,1917,1916),(1919,1929,1925),
(272,1921,1925),(1916,1930,1928),(1905,1931,1915),(267,275,1933),(273,236,
1936),(1936,1937,273),(274,1938,1939),(1939,1934,274),(1933,1942,267),(267,
1942,1922),(271,1943,1946),(1948,1944,272),(1946,276,271),(272,1925,1948),
(1951,1954,1956),(1958,1955,1953),(1956,1960,1951),(1963,1951,1960),(1966,
1951,1969),(1969,1951,1972),(1974,1951,1966),(1951,1963,1972),(1976,1952,
1975),(1953,1978,1958),(1979,1956,1954),(1954,1982,1979),(1985,1983,1955),
(1955,1958,1985),(1988,1957,1981),(1991,1961,1957),(1957,1988,1991),(1993,
1979,1982),(1982,1995,1993),(1997,1995,1982),(1982,2000,1997),(2003,2000,
1982),(1982,1894,2003),(1895,1984,1987),(1979,1993,2005),(2007,1979,2005),
(2009,1980,2008),(1981,2011,1988),(2012,1994,1996),(1996,1999,2014),(1996,
2018,2012),(2014,2018,1996),(2019,2006,1994),(1994,2012,2019),(2021,1997,
2000),(2023,2001,2004),(2000,2026,2021),(2028,2027,2002),(2002,2025,2028),
(2015,1998,2022),(1908,2003,1894),(1910,2004,1909),(2004,1910,2023),(1987,
1896,1895),(1960,2030,1963),(2033,2031,1962),(1962,1992,2033),(1122,2034,
1119),(1122,2036,2034),(2039,2037,1124),(2040,1123,1126),(1124,2042,2039),
(1120,2035,2043),(2034,2036,2045),(2045,2048,2034),(2043,2035,2049),(1119,
2050,1127),(2051,1121,2052),(2043,2053,1120),(2056,2046,2037),(2037,2039,
2056),(2048,2045,2058),(2058,2045,2061),(2062,2047,2057),(2058,2063,2048),
(2058,2065,2063),(2066,2060,2067),(2070,2072,2058),(2058,2061,2070),(2068,
2059,2073),(2074,2049,2064),(2063,2065,2076),(2076,2078,2063),(2080,2063,
2078),(2083,2063,2080),(2064,2084,2085),(2085,2074,2064),(2049,2074,2043),
(2088,1126,1102),(2089,1102,1104),(1102,2089,2088),(1126,2088,2040),(2077,
2066,2092),(2067,2092,2066),(2093,2079,2077),(2092,2096,2077),(2077,2096,
2093),(1104,1107,2097),(1104,2101,2089),(2097,2101,1104),(2102,1105,1093),
(2098,1106,2103),(2070,2104,2072),(2107,2105,2071),(2111,2071,2062),(2071,
2111,2107),(2112,2072,2104),(2114,2072,2112),(2116,2073,2115),(2073,2116,
2068),(1130,1128,2119),(2120,1127,2050),(2119,1128,2121),(1093,2122,2104),
(2104,2102,1093),(2122,2112,2104),(2125,2103,2106),(2106,2108,2125),(2078,
2127,2080),(2078,2130,2127),(2133,2130,2078),(2133,2078,2135),(2138,2136,
2079),(2079,2093,2138),(2057,2142,2062),(2062,2142,2111),(2143,246,243),
(243,2145,2143),(2146,245,2147),(2148,244,1003),(2151,247,2144),(2153,249,
248),(248,2152,2153),(2156,2143,2145),(1805,2158,2145),(2145,1811,1805),
(2145,2158,2156),(1812,2146,2160),(2147,2160,2146),(2163,2144,2157),(2144,
2163,2151),(996,2164,1003),(1003,2164,2148),(252,250,2166),(2169,2167,251),
(251,2155,2169),(252,2166,1805),(2170,253,252),(1808,2170,252),(2172,1806,
2167),(2167,2169,2172),(2175,2159,1807),(1807,2174,2175),(2178,2157,2159),
(2159,2175,2178),(2157,2178,2163),(2179,1802,1812),(2160,2182,1812),(1812,
2182,2179),(2183,837,835),(2186,835,841),(835,2186,2183),(842,836,2188),
(2191,2189,838),(838,2185,2191),(845,2192,839),(2192,2195,839),(839,2195,
2197),(839,2197,2199),(2199,2202,839),(2204,840,2203),(841,2206,2186),(2207,
846,849),(2210,2193,846),(846,2207,2210),(2212,759,2214),(2212,850,759),
(2214,2216,2212),(2219,851,2213),(2222,2213,2218),(2213,2222,2219),(2223,
2215,761),(2226,760,766),(761,2227,2223),(2214,2228,2216),(2231,2229,2215),
(2215,2223,2231),(2235,768,686),(686,687,2235),(770,763,853),(2236,853,
844),(853,2236,770),(2188,2238,842),(2240,843,2239),(844,2242,2236),(847,
2243,2245),(847,854,2243),(2245,2247,847),(2249,848,2248),(849,2251,2207),
(2246,2244,2252),(2252,2244,855),(2247,2245,2254),(2256,2255,2246),(2246,
2252,2256),(2259,831,851),(851,2219,2259),(831,2259,877),(2217,2230,2232),
(2218,2260,2222),(2232,2261,2217),(2264,766,768),(766,2264,2226),(768,2235,
2264),(2196,2194,2211),(2265,855,857),(855,2265,2252),(2268,857,860),(857,
2268,2265),(601,2269,2271),(2269,601,2273),(2271,2276,601),(601,2278,858),
(2276,2278,601),(2280,2273,601),(601,598,2282),(2282,2285,601),(601,2287,
2280),(601,2290,2287),(2285,2290,601),(861,2293,601),(602,601,2296),(2299,
2296,601),(601,2293,2301),(2301,2299,601),(2304,2272,2270),(2273,2306,2269),
(2270,2307,2308),(2270,2308,2304),(2311,2277,2272),(2272,2304,2311),(2312,
2198,2196),(2211,2312,2196),(2315,859,2279),(2317,2279,2277),(2279,2317,
2315),(860,2316,2268),(2277,2311,2317),(2254,2319,2247),(2248,2320,2321),
(2248,2321,2249),(2323,2326,2328),(2326,2323,2331),(2328,2333,2323),(2335,
2338,2323),(2323,2340,2335),(2324,2339,2342),(2323,2344,2347),(2333,2344,
2323),(2347,2340,2323),(2349,2332,2325),(2342,2352,2324),(2325,2353,2349),
(2354,2329,2327),(2331,2357,2326),(2327,2358,2359),(2359,2362,2327),(2327,
2362,2354),(2328,2363,2365),(2365,2367,2328),(2364,2330,2356),(2367,2333,
2328),(2335,2369,2338),(2372,2336,2341),(2370,2337,2374),(2342,2339,2371),
(2344,2375,2347),(2377,2345,2334),(2380,2344,2382),(2344,2380,2375),(2385,
2383,2346),(2346,2379,2385),(2386,2341,2348),(2389,2348,2376),(2348,2389,
2386),(2390,2393,2395),(2393,2390,2365),(2395,2397,2390),(2400,2366,2392),
(2391,2399,2402),(2402,2406,2391),(2392,2407,2400),(2396,2394,2408),(2365,
2363,2393),(2394,2364,2411),(2411,2408,2394),(2403,2398,2396),(2408,2412,
2396),(2396,2412,2403),(2415,2368,2366),(2366,2400,2415),(2356,2411,2364),
(2416,2334,2368),(2334,2416,2377),(2331,2418,2357),(2419,2332,2349),(2341,
2386,2372),(2368,2415,2416),(2421,2357,2418),(2359,2358,2422),(2423,2380,
2425),(2381,2424,2427),(2425,2429,2423),(2431,2423,2429),(2427,2424,2432),
(2382,2425,2380),(2433,2375,2380),(2380,2436,2433),(2438,2437,2381),(2427,
2438,2381),(2441,2426,2383),(2430,2426,2441),(2383,2385,2441),(2371,2442,
2342),(2374,2443,2370),(2418,2446,2421),(2448,2445,2420),(2349,2451,2419),
(2420,2453,2448),(2422,2447,2450),(2450,2454,2422),(2422,2454,2359),(2429,
2456,2431),(2459,2457,2430),(2441,2463,2430),(2430,2463,2459),(2464,2431,
2456),(2456,2467,2464),(2456,2470,2467),(2471,2458,2460),(2432,2466,2473),
(2432,2473,2427),(2477,2376,2435),(2376,2477,2389),(128,2478,129),(2480,
2478,128),(128,144,2480),(2483,130,2479),(2486,2479,2482),(2479,2486,2483),
(2489,133,131),(131,2485,2489),(2490,2493,2495),(2497,2494,2492),(2495,
2499,2490),(2490,2499,2502),(2502,2504,2490),(2504,2506,2490),(2508,2491,
2507),(2492,2510,2497),(2493,2511,2495),(2512,2494,2497),(2513,2500,2496),
(2516,2495,2511),(2518,2496,2517),(2496,2518,2513),(2499,2520,2502),(2523,
2521,2501),(2501,2515,2523),(2511,2524,2516),(1136,2516,2524),(2517,1138,
2526),(2517,2526,2518),(2525,2512,2497),(2530,1135,1133),(2531,1132,1130),
(1133,2533,2530),(2527,1137,1135),(1135,2530,2527),(2524,1117,1136),(1130,
2534,2531),(2119,2534,1130),(1118,2525,2537),(2497,2537,2525),(1117,2538,
2540),(2537,2539,1118),(2540,1147,1117),(2538,2543,2540),(2544,2539,2537),
(2540,2480,2545),(2548,2480,2540),(2545,2550,2540),(2552,1148,2542),(2550,
2554,2540),(2556,2541,2555),(2540,2543,2548),(2542,2558,2552),(2559,2545,
2480),(2480,2561,2559),(2480,144,2561),(2481,2549,2564),(2564,2567,2481),
(2482,2568,2486),(2569,2551,2547),(2572,2546,2560),(2547,2573,2569),(1148,
2552,1149),(2554,2550,2574),(2577,2575,2551),(2551,2569,2577),(2574,2578,
2554),(2580,2555,2579),(2555,2580,2556),(2578,2574,2582),(2585,2583,2575),
(2575,2577,2585),(2582,2586,2578),(2588,2579,2587),(2579,2588,2580),(2591,
2560,2563),(2592,2562,146),(2563,2594,2591),(2560,2591,2572),(165,2595,
144),(2597,145,2596),(146,2599,2592),(2564,2549,2544),(2537,2600,2544),
(2544,2600,2564),(2602,1936,236),(2604,237,257),(2603,238,2606),(2607,1936,
2602),(1937,1936,2607),(2609,257,260),(257,2609,2604),(2611,258,261),(2613,
259,2612),(260,2615,2609),(2616,2618,2621),(2623,2619,2617),(2621,2607,
2616),(2602,2616,2607),(2626,2617,2603),(2617,2626,2623),(2628,2621,2618),
(2630,2618,2633),(2633,2618,2636),(2618,2630,2628),(2639,2636,2618),(2618,
2641,2639),(2641,2618,2644),(2647,2645,2620),(2620,2625,2647),(2608,2622,
2648),(2622,2629,2651),(2651,2648,2622),(2606,2626,2603),(1939,1938,2608),
(2648,1939,2608),(2633,2021,2026),(2652,2022,2635),(2026,2630,2633),(2636,
2654,2633),(2656,2634,2655),(2635,2658,2652),(2022,2652,2015),(2659,2631,
2027),(2027,2028,2659),(2651,2629,2632),(2632,2661,2651),(2636,2662,2654),
(2664,2663,2638),(2637,2640,2667),(2638,2668,2664),(2667,2669,2637),(2654,
2662,2671),(2655,2672,2673),(2673,2656,2655),(2675,2662,2677),(2680,2678,
2663),(2675,2671,2662),(2663,2664,2680),(2667,2640,2643),(2683,2686,2641),
(2644,2683,2641),(2642,2688,2690),(2690,2692,2642),(2643,2694,2667),(2683,
2695,2697),(2696,2685,2699),(2697,2686,2683),(2700,2684,2645),(2695,2702,
2697),(2695,2704,2702),(2706,2705,2696),(2696,2709,2706),(2699,2709,2696),
(2710,2698,2703),(2689,2687,2698),(2698,2710,2689),(2712,2702,2704),(2714,
2703,2713),(2704,2716,2712),(2716,2718,2712),(2712,2718,2719),(2721,2713,
2720),(2713,2721,2714),(2703,2714,2710),(2717,2705,2706),(2611,2718,2716),
(2724,2612,2717),(2706,2724,2717),(2645,2647,2700),(261,2725,2727),(253,
2725,261),(2727,2730,261),(261,2719,2611),(2732,262,2731),(2720,263,2734),
(2735,2728,2726),(2738,2726,255),(2726,2738,2735),(2730,2727,2740),(2741,
2729,2737),(2742,254,2171),(255,2744,2738),(2719,2718,2611),(2612,2724,
2613),(2740,2745,2730),(2747,2745,2740),(905,2740,2749),(2747,2740,905),
(2749,2740,2752),(2740,2754,2752),(2754,2740,2757),(2758,2741,2759),(2737,
2759,2741),(2762,2731,2746),(2763,2746,2748),(2746,2763,2762),(2731,2762,
2732),(2734,2721,2720),(2765,2767,2769),(2767,2765,2771),(2769,2773,2765),
(2775,2772,2766),(2778,2766,2774),(2766,2778,2775),(2781,2770,2768),(2782,
2767,2771),(2784,2768,2783),(2768,2784,2781),(2773,2769,2786),(2789,2787,
2770),(2770,2781,2789),(2782,2792,2796),(2771,2792,2782),(2796,605,2782),
(2798,2783,606),(2783,2798,2784),(2800,2797,2795),(2793,2772,2775),(2777,
2801,2794),(2796,2803,605),(2806,2804,2797),(2797,2800,2806),(605,2803,
595),(2807,606,608),(606,2807,2798),(2810,596,2804),(2804,2806,2810),(2812,
622,597),(597,2811,2812),(2814,2817,2819),(2818,2816,2821),(2819,2824,2814),
(2827,2127,2814),(2814,2824,2827),(2815,2129,2829),(2829,2822,2815),(2832,
2819,2817),(2817,2834,2832),(2836,2835,2818),(2818,2839,2836),(2821,2839,
2818),(2840,2820,2833),(2843,2825,2820),(2820,2840,2843),(2834,2845,2832),
(2846,2835,2836),(2847,2832,2845),(2850,2832,2847),(2852,2833,2851),(2833,
2852,2840),(2854,2857,2859),(2857,2854,2120),(2859,2861,2854),(2864,2121,
2856),(2866,2854,2861),(2502,2854,2866),(2502,2520,2854),(2868,2855,2521),
(2856,2869,2864),(2870,2860,2858),(2120,2872,2857),(2874,2858,2873),(2858,
2874,2870),(2877,2862,2860),(2860,2870,2877),(2050,2872,2120),(2121,2864,
2119),(2879,2873,2051),(2873,2879,2874),(2827,2080,2127),(2882,2081,2828),
(2884,2827,2824),(2828,2885,2887),(2887,2888,2828),(2828,2888,2882),(2830,
2128,2132),(2861,2890,2866),(2890,2892,2866),(2895,2866,2892),(2866,2895,
2897),(2866,2899,2900),(2903,2899,2866),(2900,2905,2866),(2907,2910,2866),
(2866,2910,2502),(2905,2907,2866),(2866,2912,2914),(2866,2917,2912),(2914,
2920,2866),(2866,2920,2903),(2923,2917,2866),(2897,2923,2866),(2925,2891,
2863),(2863,2878,2925),(2051,2052,2879),(2080,2927,2083),(2080,2929,2927),
(2892,2080,2931),(2080,2892,2929),(2933,2932,2082),(2082,2883,2933),(2085,
2084,2928),(2936,2928,2930),(2928,2936,2085),(2937,2884,2824),(2824,2939,
2937),(2940,2826,2844),(2931,2895,2892),(2941,2893,2891),(2944,2930,2894),
(2894,2943,2944),(2896,2932,2933),(2891,2925,2941),(2930,2944,2936),(2947,
2131,2134),(2132,2948,2830),(2949,2898,2896),(2933,2949,2896),(2887,2885,
2938),(2937,2939,2951),(2914,2937,2951),(2953,2938,2916),(2938,2953,2887),
(2845,2955,2847),(2958,2956,2846),(2846,2959,2958),(2836,2959,2846),(2962,
2952,2940),(2844,2962,2940),(2963,2966,2968),(2970,2967,2965),(2968,2972,
2963),(2974,2976,2963),(2963,2972,2974),(2978,2964,2977),(2965,2980,2970),
(2966,2981,2968),(2966,2983,2981),(2986,2984,2967),(2967,2970,2986),(2990,
2969,2982),(2991,2973,2969),(2969,2990,2991),(2993,2981,2983),(2995,2982,
2994),(2982,2995,2990),(2974,2997,2976),(2975,2973,2991),(2998,2975,3000),
(2991,3000,2975),(2997,3002,2976),(3005,2976,3002),(3008,2976,3005),(3010,
2977,3009),(2977,3010,2978),(2983,3012,2993),(2983,3014,3012),(3014,2983,
3015),(3017,3016,2985),(2985,2987,3017),(3020,2994,3013),(3012,3014,3021),
(3012,3021,3024),(3024,1329,3012),(3013,1330,1331),(3013,1331,3020),(2994,
3020,2995),(3002,2997,3026),(3028,3027,2999),(3000,3031,2998),(2999,3032,
3028),(3026,3033,3002),(3003,3034,3036),(3037,3002,3040),(3002,3037,3042),
(3045,3041,3004),(3002,3047,3005),(3049,3047,3002),(3002,3052,3049),(3054,
3052,3002),(3056,3002,3059),(3002,3056,3054),(3062,3059,3002),(3002,3042,
3062),(3004,3064,3045),(3036,3065,3003),(3026,3067,3033),(3070,3068,3027),
(3027,3028,3070),(1192,3033,3067),(3067,1201,1192),(3071,1202,3068),(3068,
3070,3071),(3034,1194,3073),(3073,3036,3034),(3015,3076,3014),(3014,3076,
3078),(3078,3080,3014),(3021,3014,3080),(3082,3084,3086),(3089,3084,3082),
(3086,3091,3082),(3082,3094,3089),(3097,3094,3082),(3100,3082,3103),(3103,
3082,3106),(3108,3082,3091),(3082,3110,3113),(3082,3115,3110),(3113,3097,
3082),(3118,3115,3082),(3082,3100,3118),(3083,3109,3121),(3123,3082,3126),
(3123,3129,3082),(3131,3127,3083),(3082,3134,3106),(3129,3134,3082),(3083,
3121,3131),(3136,3087,3085),(3139,3085,3090),(3085,3139,3136),(3091,3086,
3141),(3142,3088,3138),(3090,3096,3143),(3144,3095,3099),(3143,3147,3090),
(3090,3147,3139),(3103,3148,3150),(3103,3153,3148),(3150,3100,3103),(3156,
3153,3103),(3103,3159,3156),(3161,3159,3103),(3103,1060,3161),(1060,3103,
1063),(3164,1064,3105),(3166,3168,3103),(3103,3106,3166),(3170,3104,3169),
(3105,3172,3164),(3173,3151,3149),(3176,3149,3155),(3149,3176,3173),(3178,
3100,3150),(3150,3180,3178),(3182,3181,3152),(3152,3175,3182),(3141,3184,
3091),(3184,3141,3186),(3188,3187,3142),(3138,3188,3142),(3191,3092,3185),
(3193,3195,3184),(3185,3196,3197),(3184,3186,3193),(3197,3191,3185),(3199,
3091,3201),(3199,3203,3091),(3205,3202,3093),(3091,3207,3108),(3091,3209,
3207),(3203,3209,3091),(3093,3192,3205),(3114,3112,3211),(3111,3117,3214),
(3214,3212,3111),(3097,3113,3217),(3219,3218,3114),(3114,3222,3219),(3211,
3222,3114),(3223,3153,3156),(3225,3154,3224),(3155,3227,3176),(3228,3157,
3160),(3231,3160,3163),(3160,3231,3228),(3156,3233,3235),(3234,3158,3230),
(3235,3223,3156),(3217,3238,3097),(3240,3098,3239),(3099,3242,3144),(3243,
3161,1060),(1060,3245,3243),(3247,1061,1059),(3246,1062,3249),(3250,3162,
3244),(3163,3252,3231),(3216,3116,3120),(3253,3119,3102),(3256,3101,3179),
(3102,3258,3253),(3120,3255,3216),(3259,3243,3245),(3244,3260,3261),(3261,
3250,3244),(3264,1059,1034),(1059,3264,3247),(3201,3265,3199),(3267,3200,
3266),(3270,3204,3200),(3200,3267,3270),(3201,3271,3265),(3272,3202,3205),
(3245,3273,3259),(3275,3274,3246),(3246,3249,3275),(3277,3279,3238),(3279,
3277,3281),(3238,3217,3277),(3278,3218,3219),(3284,3282,3278),(3219,3284,
3278),(3287,3239,3280),(3281,3289,3279),(3280,3290,3291),(3291,3287,3280),
(3239,3287,3240),(3294,1033,1055),(1034,3295,3264),(3265,3271,3296),(3265,
3299,3302),(3265,3302,3305),(3307,3299,3265),(3309,3265,3305),(3266,3310,
3311),(3296,3307,3265),(3311,3267,3266),(3233,3313,3235),(3314,3234,3315),
(3230,3315,3234),(3317,3319,3235),(3321,3236,3320),(3324,3224,3237),(3235,
3326,3317),(3235,3313,3326),(3237,3323,3324),(1064,3164,1065),(1055,1053,
3328),(3328,3294,1055),(3178,3330,3319),(3178,3180,3330),(3319,3317,3178),
(3332,3179,3318),(3179,3332,3256),(3335,3320,3331),(3336,3331,3181),(3331,
3336,3335),(3320,3335,3321),(3109,3208,3339),(3208,3210,3340),(3340,3339,
3208),(3339,3121,3109),(3340,3210,3204),(3204,3270,3340),(3224,3324,3225),
(3343,3318,3327),(3344,3326,3313),(3327,3345,3346),(3327,3346,3343),(3318,
3343,3332),(3181,3182,3336),(3313,3348,3281),(3350,3349,3314),(3281,3344,
3313),(3314,3315,3350),(3296,3271,3352),(3355,3353,3272),(3272,3205,3355),
(3358,1763,1761),(1761,3360,3358),(3363,3361,1762),(3367,1762,1758),(1762,
3367,3363),(1765,1764,3359),(3360,3368,3358),(3360,3370,3372),(3374,3371,
3362),(3372,3376,3360),(3360,3378,3368),(3376,3302,3360),(3378,3360,3302),
(3362,3364,3374),(3381,3359,3369),(3359,3381,1765),(1670,3383,3386),(3388,
3384,1671),(3386,1668,1670),(1671,1672,3388),(3391,3386,3383),(3383,3393,
3391),(3393,3383,3372),(3383,1788,3372),(1791,1789,3385),(3385,3390,1791),
(3387,3392,3396),(1669,3387,3399),(3396,3399,3387),(3396,3392,3395),(3372,
3370,3393),(3400,3394,3371),(3395,3402,3396),(3371,3374,3400),(3403,3377,
3373),(3405,3372,1788),(3407,3373,3406),(3373,3407,3403),(1758,1759,3367),
(3410,3369,3380),(3369,3410,3381),(3302,3411,3413),(3415,3411,3302),(3413,
3418,3302),(3302,3299,3415),(3303,3377,3403),(3302,3418,3378),(3306,3304,
3420),(3403,3421,3303),(3424,3414,3412),(3412,3417,3425),(3412,3429,3424),
(3425,3429,3412),(3430,3419,3414),(3414,3424,3430),(3415,3299,3432),(3433,
3301,3434),(3435,3300,3308),(3432,1753,3415),(3426,3416,1754),(3195,3437,
3439),(3193,3437,3195),(3439,3442,3195),(3197,3196,3443),(3440,3438,3444),
(3444,3438,3194),(3439,1747,3442),(1747,3439,3446),(3447,3441,3448),(3444,
3449,3440),(3194,3187,3188),(3194,3452,3444),(3188,3452,3194),(1747,3453,
3456),(3459,3453,1747),(3456,3461,1747),(1747,1750,3459),(1747,3463,3442),
(3461,3463,1747),(3328,1053,1749),(3465,3281,1747),(3467,1747,3281),(1747,
3446,3465),(3470,1747,3467),(3472,1748,3471),(1749,3474,3328),(3456,3453,
3475),(3477,3454,3460),(3480,3476,3455),(3455,3479,3480),(3456,3475,3482),
(3482,3484,3456),(3486,3462,3458),(3489,3457,3485),(3458,3490,3486),(3491,
3460,1752),(1753,3432,1750),(3494,1751,3433),(1752,3495,3491),(3460,3491,
3477),(3399,1743,1669),(3496,3379,3419),(3419,3430,3496),(3380,3498,3410),
(3499,3443,3464),(3443,3499,3197),(3502,3483,3476),(3476,3480,3502),(3482,
3503,3484),(3505,3504,3483),(3483,3502,3505),(3508,3464,3462),(3464,3508,
3499),(3462,3486,3508),(1754,1755,3426),(3434,3509,3433),(3433,3509,3494),
(3352,3484,3503),(3512,3485,3354),(3485,3512,3489),(3503,3296,3352),(3354,
3357,3512),(3513,3297,3504),(3504,3505,3513),(3348,3516,3281),(3518,3517,
3349),(3349,3350,3518),(3345,3283,3286),(3281,3465,3520),(3520,3289,3281),
(3281,3522,3467),(3281,3524,3522),(3516,3524,3281),(3309,3526,3528),(3309,
3530,3526),(3528,3532,3309),(3305,3530,3309),(3309,3532,3534),(3536,3309,
3534),(3310,3538,3540),(3540,3311,3310),(3543,3529,3527),(3527,3531,3544),
(3544,3547,3527),(3527,3547,3543),(3533,3529,3543),(3548,3308,3298),(3298,
3515,3548),(3286,3346,3345),(3544,3531,3306),(3420,3551,3306),(3306,3551,
3544),(3552,3521,3466),(3555,3466,3447),(3466,3555,3552),(3291,3290,3521),
(3521,3552,3291),(3448,3556,3447),(3447,3556,3555),(3308,3548,3435),(3467,
3259,3273),(3273,3558,3467),(3561,3559,3274),(3274,3275,3561),(3261,3260,
3469),(3467,3558,3470),(3562,3471,3559),(3559,3561,3562),(3565,3468,3523),
(3469,3566,3261),(3567,3523,3525),(3523,3567,3565),(3570,3525,3517),(3517,
3518,3570),(1782,3571,1788),(3571,3405,1788),(3471,3562,3472),(3525,3570,
3567),(3573,3535,3533),(3533,3543,3573),(3575,3578,3580),(3575,3583,3578),
(3580,3586,3575),(3588,3576,3587),(3591,3583,3575),(3593,3575,3595),(3591,
3575,3593),(3596,3577,3590),(3597,3581,3579),(3600,3579,3585),(3579,3600,
3597),(3580,3602,3586),(3580,3604,3602),(3580,3606,3609),(3611,3606,3580),
(3609,3604,3580),(3614,3611,3580),(3580,3616,3614),(3617,3582,3599),(3618,
3587,3603),(3621,3603,3605),(3603,3621,3618),(3587,3618,3588),(3622,3584,
3592),(3585,3624,3600),(3625,3610,3608),(3627,3606,3611),(3606,3627,3629),
(3631,3633,3606),(3606,3635,3631),(3629,3637,3606),(3637,3640,3606),(3642,
3607,3634),(3635,3606,3640),(3608,3644,3625),(3609,3645,3604),(3647,3646,
3610),(3610,3625,3647),(3649,3651,3654),(3649,3657,3651),(3654,3659,3649),
(3649,3593,3661),(3661,3657,3649),(3664,3594,3650),(3659,3667,3649),(3649,
3667,3670),(3673,3649,3676),(3649,3673,3679),(3682,3676,3649),(3679,3685,
3649),(3649,3687,3682),(3670,3687,3649),(3650,3686,3689),(3650,3689,3664),
(3654,3651,3691),(3652,3658,3693),(3696,3692,3653),(3693,3697,3652),(3653,
3699,3696),(3660,3656,3700),(3654,3691,3703),(3703,3705,3654),(3701,3655,
3706),(3661,3707,3710),(3707,3661,3593),(3710,3631,3661),(3693,3658,3663),
(3712,3662,3632),(3663,3714,3693),(3715,3711,3709),(3595,3707,3593),(3718,
3708,3596),(3709,3719,3715),(3710,3633,3631),(3634,3711,3715),(3593,3720,
3591),(3720,3593,3722),(3664,3723,3594),(3590,3725,3596),(3596,3725,3718),
(3728,3605,3646),(3605,3728,3621),(3729,3592,3721),(3721,3724,3666),(3721,
3666,3729),(3592,3729,3622),(3611,3731,3627),(3611,3733,3731),(3735,3734,
3613),(3612,3615,3738),(3738,3739,3612),(3613,3741,3735),(3742,3628,3732),
(3744,3731,3733),(3746,3732,3745),(3732,3746,3742),(3749,3630,3628),(3628,
3742,3749),(3750,3632,3636),(3632,3750,3712),(3646,3647,3728),(3733,3752,
3744),(3744,3752,221),(221,218,3744),(3745,220,3754),(3745,3754,3746),(3758,
3753,3734),(3734,3735,3758),(3759,3668,3660),(3700,3762,3660),(3660,3762,
3759),(3764,3766,3769),(3766,3764,3771),(3769,3774,3764),(3765,3775,3776),
(3779,3772,3765),(3776,3779,3765),(3781,3770,3768),(3771,202,3766),(3783,
3766,202),(3767,3784,3786),(3786,3787,3767),(3768,3789,3781),(3769,3790,
3774),(3792,3791,3770),(3770,3781,3792),(3637,3774,3790),(3776,3775,3639),
(3790,3794,3637),(3796,3638,3630),(3794,3640,3637),(3639,3798,3776),(3799,
3795,3791),(3791,3792,3799),(3630,3749,3796),(3801,3614,3616),(3738,3615,
3802),(3803,3704,3692),(3692,3696,3803),(3705,3703,1969),(3806,1970,3704),
(3704,3803,3806),(3641,3795,3799),(3808,222,3753),(3753,3758,3808),(3616,
3810,3801),(3813,3811,3617),(3599,3817,3617),(3617,3817,3813),(3801,3810,
3818),(3819,3812,3814),(3802,3820,3821),(3821,3738,3802),(3715,3642,3634),
(3640,3824,3635),(3826,3825,3641),(3641,3799,3826),(1969,3828,3705),(3830,
3706,3829),(3706,3830,3701),(3832,3670,3667),(3667,3834,3832),(3836,3835,
3669),(3669,3761,3836),(3838,3840,3844),(3846,3841,3839),(3844,3849,3838),
(3838,3849,3851),(3851,3854,3838),(3839,3855,3857),(3857,3858,3839),(3839,
3858,3846),(3861,3843,3842),(3842,3848,3861),(3863,3850,3845),(3845,3862,
3863),(3866,3852,3850),(3850,3863,3866),(3868,3854,3851),(3851,3871,3868),
(3874,3871,3851),(3851,3877,3874),(3879,3877,3851),(3851,3882,3879),(3885,
3883,3853),(3853,3867,3885),(3886,934,3888),(936,935,3887),(3888,3890,3886),
(3892,3886,3894),(3896,3887,3893),(3886,3890,3894),(3887,3896,936),(934,
925,3888),(3899,3889,926),(3900,3891,3889),(3889,3899,3900),(3894,3902,
3892),(3902,3905,3892),(3908,3893,3907),(3893,3908,3896),(3903,3895,3911),
(3895,3891,3900),(3900,3911,3895),(3912,3915,2677),(3917,3915,3912),(2677,
3919,3912),(3921,3912,3923),(3912,3926,3923),(3905,3902,3912),(3926,3912,
3902),(3929,3912,3931),(3933,3932,3914),(3929,3917,3912),(3912,3919,3905),
(3936,3913,3922),(3914,3937,3933),(3915,3938,2677),(3941,3939,3916),(3942,
3916,3918),(3916,3942,3941),(2677,3944,2675),(2677,3946,3944),(3920,2679,
2681),(3938,3673,2677),(2677,3673,3948),(3948,3946,2677),(2676,3945,3951),
(3951,3945,3947),(2673,2672,2676),(2676,3954,2673),(3951,3954,2676),(3923,
3955,3957),(3923,3960,3955),(3957,3921,3923),(3963,3961,3925),(3924,3928,
3966),(3925,3969,3963),(3966,3970,3924),(3972,3958,3956),(3956,3962,3965),
(3965,3975,3956),(3956,3975,3972),(3957,3977,3979),(3981,3978,3959),(3979,
3983,3957),(3983,3921,3957),(3959,3974,3981),(3857,3855,3870),(3986,3868,
3871),(3871,3988,3902),(3989,3873,3991),(3902,3986,3871),(3994,3871,3874),
(3872,3996,3998),(3998,3992,3872),(4000,3869,3987),(3870,4002,3857),(3902,
3988,3926),(3927,3990,4003),(3991,4004,3989),(4006,3987,3904),(3911,4009,
3903),(3904,4010,4006),(3931,4011,3929),(3931,4014,4011),(4017,4015,3932),
(3932,3933,4017),(4021,3930,4013),(4012,4016,4018),(4018,4022,4012),(4013,
4024,4021),(3918,3930,4021),(926,929,3899),(4025,3906,3920),(2681,4028,
3920),(3920,4028,4025),(3907,4027,3908),(3673,4030,4032),(4031,3675,4034),
(4032,4037,3673),(4035,3674,3939),(4037,3679,3673),(4039,3948,3673),(3676,
4039,3673),(4030,4041,4032),(4042,4031,4044),(4034,4044,4031),(4047,4038,
4033),(4033,4043,4048),(4033,4052,4047),(4048,4052,4033),(3947,3950,4053),
(4053,4057,3947),(3947,4057,3951),(3977,4058,4060),(3977,4063,4058),(4060,
3979,3977),(4066,4064,3978),(3978,3981,4066),(4069,4061,4059),(4059,4065,
4068),(4059,4072,4069),(4068,4072,4059),(4074,3980,4062),(4062,4071,4074),
(3987,4006,4000),(3939,3941,4035),(4077,3680,4038),(4038,4047,4077),(3949,
4040,4079),(4079,4054,3949),(4081,3676,4083),(3676,3682,4083),(4085,3677,
4082),(4040,3678,4087),(2005,4088,2007),(4083,2007,4081),(4090,2008,4084),
(2007,4088,4081),(2008,4090,2009),(4093,4089,2006),(2006,2019,4093),(4094,
4084,3684),(4084,4094,4090),(4082,4089,4093),(4093,4097,4082),(4082,4097,
4085),(1969,4098,1966),(4100,4098,1969),(1969,4103,4100),(4103,1969,4105),
(4107,4106,1971),(1972,3828,1969),(1971,3807,4107),(4110,1967,4099),(4112,
4098,4100),(4114,4099,4113),(4099,4114,4110),(1966,4116,1974),(4117,1968,
4111),(4118,4101,4104),(4105,3824,4103),(4121,4104,3825),(4104,4121,4118),
(4123,4100,4125),(4126,4102,4120),(4123,4112,4100),(4127,3874,4129),(4127,
3994,3874),(4129,4131,4127),(4128,4133,4134),(3995,4128,4137),(4137,4128,
4134),(3874,4139,4129),(4142,4139,3874),(3874,4144,4142),(4146,4145,3876),
(4149,3875,3878),(3876,4150,4146),(4130,4141,4151),(4135,4132,4130),(4130,
4155,4135),(4151,4155,4130),(3984,3980,4074),(3922,3985,4156),(4074,4157,
3984),(3922,4160,3936),(4156,4160,3922),(4003,3967,3927),(3689,3686,3681),
(3681,4078,3689),(4044,4049,4042),(4087,4079,4040),(4105,3635,3824),(4161,
3636,4106),(4106,4107,4161),(4152,4140,4143),(3918,4164,3942),(4021,4164,
3918),(4165,3683,3688),(4168,3688,3672),(3688,4168,4165),(3684,4167,4094),
(4171,3671,3833),(3672,4172,4168),(3834,4173,3832),(3834,1963,2030),(4175,
1964,3835),(2030,4173,3834),(3835,3836,4175),(3833,4174,4178),(4178,4181,
3833),(3833,4181,4171),(3825,3826,4121),(4142,4144,4182),(4182,4186,4142),
(4143,4187,4188),(4188,4192,4143),(4143,4192,4152),(4193,4183,4145),(4145,
4146,4193),(4189,4185,4184),(4184,4195,4189),(3878,3881,4197),(4197,4200,
3878),(3878,4200,4149),(3882,4201,3879),(4204,4202,3883),(3883,3885,4204),
(3880,4203,4205),(4205,4196,3880),(4208,1973,1965),(1965,4177,4208),(4178,
4174,2031),(2031,2033,4178),(3636,4161,3750),(4209,3829,1973),(1973,4208,
4209),(4137,3997,3995),(4125,4211,4123),(4213,4211,4125),(4213,4125,4215),
(4218,4216,4126),(4126,4222,4218),(4120,4222,4126),(4124,4212,4223),(4223,
4212,4214),(4226,4113,4124),(4223,4227,4124),(4124,4227,4226),(3829,4209,
3830),(1974,4116,4229),(1943,1974,4229),(4231,1975,1945),(1975,4231,1976),
(4113,4226,4114),(4234,4230,4117),(4111,4234,4117),(4215,4235,4213),(202,
4235,4215),(4215,3783,202),(3784,4217,4219),(4238,4214,4237),(202,4240,
4235),(4242,4236,4241),(4237,4244,4238),(4214,4238,4223),(4245,4240,202),
(202,3771,4248),(4248,218,202),(202,1943,4245),(1943,202,4250),(4252,4251,
203),(203,207,4252),(4255,4241,4247),(4241,4255,4242),(4256,4249,3773),
(3773,3780,4256),(3755,219,4249),(4249,4256,3755),(4219,3786,3784),(4229,
4245,1943),(4250,1946,1943),(1945,1950,4231),(4259,4246,4230),(4247,4260,
4255),(4261,277,1947),(4264,1947,4251),(1947,4264,4261),(4265,265,277),
(277,4261,4265),(4251,4252,4264),(4230,4234,4259),(222,3808,223),(265,4265,
281),(1817,1815,2749),(4268,2750,1816),(1815,1819,4270),(4272,1816,4271),
(1816,4272,4268),(2749,4274,1817),(4277,1818,4276),(1818,4277,1821),(4279,
4281,4283),(4285,4282,4280),(4283,4287,4279),(623,4279,4287),(4280,625,
4289),(4280,4293,4285),(4289,4293,4280),(4294,4283,4281),(4281,4296,4294),
(4299,4297,4282),(4282,4285,4299),(4300,4284,4295),(4303,4288,4284),(4284,
4300,4303),(4304,4294,4296),(4304,4296,4307),(4310,4308,4297),(4297,4299,
4310),(4314,4295,4306),(4295,4314,4300),(4307,4315,4304),(4318,4304,4315),
(4320,4305,4319),(4306,4322,4314),(4315,4307,4323),(4325,4324,4309),(4309,
4311,4325),(4315,4323,4327),(4327,4330,4315),(4315,4330,4333),(4335,4315,
4333),(4337,4316,4336),(4340,4315,4343),(4315,4340,4345),(4347,4344,4317),
(4315,4345,4318),(4317,4339,4347),(4350,4328,4324),(4324,4325,4350),(4327,
4352,4330),(4327,4355,4357),(4357,4352,4327),(4359,4356,4329),(4329,4351,
4359),(626,4361,623),(4287,628,623),(624,4362,4364),(4364,4290,624),(626,
4365,4361),(626,1859,4365),(1859,626,4368),(4371,4369,627),(4372,627,622),
(627,4372,4371),(4375,4334,4332),(4331,4354,4376),(4376,4380,4331),(4332,
4381,4375),(4382,629,4288),(4288,4303,4382),(632,630,4384),(4362,4367,4385),
(4355,4365,1859),(4386,4366,4356),(4385,4364,4362),(4389,1860,1858),(4391,
1858,1849),(1858,4391,4389),(1859,4357,4355),(4394,4358,1861),(4368,1862,
1859),(1861,4390,4394),(636,4395,633),(640,635,4397),(4398,634,4396),(636,
4340,4395),(4340,636,4400),(4402,637,632),(4405,4401,638),(638,4404,4405),
(4333,4407,4335),(4407,4409,4335),(4409,4411,4335),(4413,4336,4412),(4336,
4413,4337),(4416,4408,4334),(4334,4375,4416),(4353,4358,4394),(4356,4359,
4386),(4394,4377,4353),(1849,1851,4391),(1864,1863,4369),(4369,4371,1864),
(642,640,4417),(4397,4417,640),(4420,4396,4342),(4343,4421,4340),(4423,
4341,4422),(4400,4345,4340),(4342,4425,4420),(4396,4420,4398),(4384,4426,
632),(632,4426,4402),(4428,4430,644),(4428,4433,4430),(644,641,4428),(4436,
4434,4429),(4437,4429,643),(4429,4437,4436),(645,4432,4439),(4421,4442,
4430),(4430,4442,4445),(4430,4433,4421),(4430,4445,4447),(4447,4450,4430),
(4450,4452,4430),(4454,4456,4430),(4430,4458,4454),(4440,4431,4457),(4430,
4460,4458),(4452,4460,4430),(4462,647,645),(4439,4462,645),(4464,4442,4466),
(4468,4443,4465),(4466,4471,4464),(4471,4473,4464),(4475,4465,4474),(4465,
4475,4468),(4442,4477,4466),(4343,4442,4421),(4442,4343,4479),(4442,4479,
4477),(4446,4444,4470),(4481,4467,4478),(4472,4467,4481),(622,2812,4372),
(4410,4408,4416),(4484,4480,4344),(4344,4347,4484),(4485,4422,4434),(4434,
4436,4485),(4422,4485,4423),(4417,4488,642),(643,4489,4437),(4490,4478,
4480),(4478,4490,4481),(4447,4445,4492),(4493,4446,4494),(4470,4494,4446),
(4497,4451,4449),(4498,4500,4447),(4447,4492,4498),(4502,4448,4501),(4449,
4504,4497),(4411,4409,4505),(4507,4506,4410),(4410,4416,4507),(4509,4411,
4505),(4412,4511,4512),(4512,4413,4412),(4516,4319,4346),(4517,4346,4401),
(4346,4517,4516),(4319,4516,4320),(4480,4484,4490),(4453,4451,4497),(4401,
4405,4517),(4473,4471,4519),(4521,4520,4472),(4481,4521,4472),(4523,4473,
4525),(4474,4524,4527),(4519,4525,4473),(4527,4475,4474),(4456,4454,4529),
(4455,4459,4532),(4529,4454,4534),(4536,4535,4455),(4455,4532,4536),(4456,
4529,4538),(4538,4540,4456),(4457,4541,4542),(4457,4542,4440),(4532,4459,
4461),(4461,4453,4545),(4461,4546,4532),(4545,4546,4461),(4497,4545,4453),
(4500,4498,4548),(4499,4493,4550),(4553,4549,4499),(4550,4553,4499),(4548,
4554,4500),(4501,4555,4556),(4501,4556,4502),(4494,4550,4493),(4558,4560,
4563),(4558,4565,4560),(4563,4567,4558),(4569,4559,4568),(4572,4566,4559),
(4559,4569,4572),(4564,4562,4573),(4576,4579,4560),(4560,4581,4576),(4574,
4561,4580),(4560,4565,4583),(4583,4586,4560),(4560,4589,4581),(4560,4591,
4589),(4593,4591,4560),(4560,4586,4595),(4595,4598,4560),(4560,4598,4593),
(4567,4563,4601),(4604,4602,4564),(4573,4608,4564),(4564,4608,4604),(4601,
4609,4567),(4611,4568,4610),(4568,4611,4569),(4601,4613,4609),(4615,4613,
4601),(4601,4618,4615),(4618,4601,4621),(4624,4622,4603),(4603,4605,4624),
(4576,4625,4579),(4627,4577,4582),(4576,4630,4625),(4633,4618,4576),(4621,
4576,4618),(4576,4636,4633),(4621,4630,4576),(4637,4578,4629),(4638,4580,
4626),(4580,4638,4574),(4584,4566,4572),(4583,4640,4642),(4583,4642,4644),
(4647,4641,4585),(4649,4586,4583),(4644,4652,4583),(4652,4649,4583),(4572,
4654,4584),(4585,4656,4647),(4657,4610,4614),(4610,4657,4611),(4660,4582,
4590),(4661,4590,4592),(4590,4661,4660),(4582,4660,4627),(4663,4665,4667),
(4663,4669,4665),(4667,4671,4663),(4663,4674,4669),(4677,4664,4673),(4674,
4663,4679),(4680,4664,4677),(4682,4668,4666),(4685,4666,4670),(4666,4685,
4682),(4667,4686,4671),(4687,4668,4682),(4615,4689,4692),(4615,4618,4689),
(4692,4694,4615),(4696,4614,4617),(4615,4698,4671),(4615,4700,4698),(4671,
4686,4615),(4694,4700,4615),(4703,4615,4686),(4706,4615,4703),(4709,4616,
4708),(4617,4711,4696),(4693,4691,4712),(4689,4618,4523),(4525,4689,4523),
(4713,4690,4526),(4716,4695,4693),(4712,4717,4693),(4693,4717,4716),(4719,
4722,4725),(4727,4722,4719),(4725,4730,4719),(4719,4733,4736),(4733,4719,
4739),(4736,4741,4719),(4730,4743,4719),(4741,4727,4719),(4746,4719,4748),
(4750,4748,4719),(4753,4720,4747),(4743,4756,4719),(4758,4740,4721),(4719,
4756,4750),(4721,4755,4758),(4761,4726,4724),(4762,4722,4727),(4764,4723,
4763),(4724,4766,4761),(4767,4731,4726),(4726,4761,4767),(4770,4736,4733),
(4772,4775,4733),(4734,4777,4779),(4733,4781,4770),(4784,4782,4735),(4733,
4739,4772),(4779,4785,4734),(4735,4787,4784),(4788,4742,4738),(4737,4771,
4791),(4791,4792,4737),(4738,4794,4788),(4642,4640,4795),(4795,4703,4642),
(4643,4705,4797),(4801,4645,4643),(4643,4803,4801),(4797,4803,4643),(4796,
4641,4647),(4795,4805,4703),(4806,4796,4807),(4647,4807,4796),(4810,4592,
4594),(4592,4810,4661),(4811,4815,4817),(4819,4814,4813),(4817,4598,4811),
(4598,4595,4811),(4812,4597,4822),(4813,4825,4819),(4822,4826,4812),(4828,
4818,4816),(4816,4821,4828),(4817,4830,4598),(4833,4831,4818),(4818,4828,
4833),(4596,4588,4836),(4587,4651,4839),(4839,4837,4587),(4836,4823,4596),
(4614,4696,4657),(4670,4676,4842),(4670,4846,4685),(4842,4846,4670),(4847,
4672,4699),(4850,4699,4702),(4699,4850,4847),(4673,4849,4677),(4700,4694,
4509),(4513,4510,4695),(4695,4716,4513),(4852,4855,4857),(4852,4860,4855),
(4857,4862,4852),(4852,4862,4864),(4867,4861,4854),(4554,4548,4852),(4870,
4853,4549),(4852,4864,4554),(4854,4871,4867),(4872,4858,4856),(4618,4875,
4855),(4855,4860,4618),(4877,4856,4876),(4856,4877,4872),(4879,4862,4857),
(4857,4881,4879),(4857,4884,4881),(4887,4884,4857),(4890,4887,4857),(4857,
4892,4890),(4893,4859,4874),(4894,4896,4899),(4894,4901,4896),(4899,4903,
4894),(4906,4902,4895),(4909,4895,4905),(4895,4909,4906),(4900,4898,4910),
(4913,4896,4901),(4911,4897,4914),(4915,4904,4900),(4900,4918,4915),(4910,
4918,4900),(4730,4913,4920),(4922,4914,4732),(4924,4743,4730),(4920,4926,
4730),(4730,4926,4924),(4732,4769,4922),(4929,4728,4742),(4742,4788,4929),
(4932,4934,4775),(4932,4936,4934),(4775,4772,4932),(4939,4933,4774),(4932,
4941,4936),(4944,4942,4933),(4933,4939,4944),(4776,4935,4948),(4948,4935,
4938),(4948,4778,4776),(4805,4706,4703),(4686,4949,4703),(4798,4704,4950),
(4653,4646,4802),(4650,4653,4951),(4802,4951,4653),(4953,4955,4957),(4956,
4954,4959),(4957,4961,4953),(4748,4953,4746),(4959,4954,4749),(4953,4961,
4746),(4963,4957,4955),(4955,4966,4963),(4968,4966,4955),(4971,4970,4956),
(4956,4959,4971),(4958,4965,4975),(4978,4962,4958),(4975,4979,4958),(4958,
4979,4978),(4974,4964,4967),(4967,4969,4973),(4967,4973,4974),(4749,4752,
4981),(4749,4985,4959),(4981,4985,4749),(4747,4962,4978),(4978,4986,4747),
(4747,4986,4753),(4988,4598,4991),(4598,4988,4993),(4991,4995,4988),(4988,
4995,4998),(4998,5000,4988),(5002,4989,5001),(5005,4994,4990),(4990,5004,
5005),(5007,4992,4600),(4993,4593,4598),(5009,4598,4830),(4599,5011,5012),
(5012,5015,4599),(4600,5017,5007),(5018,4996,4992),(4992,5007,5018),(5021,
4999,4997),(4997,5020,5021),(5000,4998,5023),(5026,5024,4999),(4999,5021,
5026),(5023,5029,5000),(5001,5031,5033),(5033,5036,5001),(5001,5036,5002),
(5037,5023,5039),(5037,4633,5023),(5042,5040,5025),(5023,4633,5029),(5025,
5027,5042),(5043,4626,4632),(4626,5043,4638),(5046,4594,4994),(4594,5046,
4810),(4994,5005,5046),(5047,4618,4633),(4527,4524,4620),(4618,5049,4875),
(4618,5047,5049),(4619,4861,4867),(4620,5051,4527),(4867,5052,4619),(4505,
4700,4509),(5055,4701,4506),(4702,5056,4850),(5057,4863,4880),(4865,4863,
5057),(5060,4880,4883),(4881,4884,5061),(5063,4881,5061),(5065,4882,5064),
(4883,5067,5060),(4880,5060,5057),(4901,4920,4913),(4914,4922,4911),(5068,
4921,4902),(4902,4906,5068),(4905,4917,4909),(4743,5070,5072),(5074,5071,
4745),(5072,4756,4743),(5077,4744,4925),(4745,5078,5074),(4727,5079,4762),
(5080,4729,4931),(4770,4781,5081),(5081,5085,4770),(4791,4771,5086),(5082,
4782,4784),(5087,5084,5083),(4784,5090,5082),(5083,5092,5087),(5093,4773,
4740),(4740,4758,5093),(4774,5095,4939),(5096,4937,4943),(4938,5098,4948),
(5099,4707,4806),(4806,5102,5099),(4807,5102,4806),(5039,5104,5037),(5107,
4634,5038),(5038,5106,5110),(5110,5114,5038),(5038,5114,5107),(5039,5115,
5104),(5118,5116,5040),(5040,5042,5118),(4636,5029,4633),(5030,4637,5122),
(5122,5032,5030),(5123,4633,5125),(4633,5123,5047),(5128,5126,4635),(4635,
5109,5128),(5129,4631,4622),(4632,5131,5043),(4622,4624,5129),(4843,4675,
4681),(5132,4526,4520),(4526,5132,4713),(4520,4521,5132),(5135,4876,5050),
(4876,5135,4877),(5136,5072,5070),(5070,5139,5136),(5070,5142,5139),(5070,
5145,5142),(5148,5146,5071),(5071,5074,5148),(5151,5073,5138),(4757,5073,
5151),(5154,5137,5141),(5138,5155,5151),(5156,4927,4921),(4921,5068,5156),
(5086,5089,4791),(5159,4750,4756),(4756,5161,4686),(5164,5162,4757),(4686,
5159,4756),(5151,5168,4757),(4757,5168,5164),(4982,4751,5160),(4686,5161,
4949),(5169,4950,5163),(5163,5165,5169),(5172,5160,4688),(4682,5173,4687),
(4688,5175,5172),(5104,5176,5178),(5104,5115,5176),(5178,5180,5104),(5111,
5105,5182),(5183,5179,5177),(5186,5177,5117),(5177,5186,5183),(5187,5181,
5179),(5179,5183,5187),(4629,5122,4637),(4506,4507,5055),(5190,5050,5048),
(5050,5190,5135),(5192,4884,5194),(4887,5194,4884),(5062,4886,5196),(5197,
4885,5193),(5125,5199,5123),(5048,5124,5202),(5202,5124,5201),(5125,5204,
5199),(5205,5126,5128),(5207,5209,4529),(5207,5063,5209),(4529,4534,5207),
(5211,5064,5208),(5214,5208,4535),(5208,5214,5211),(5215,4530,5210),(5061,
5209,5063),(5210,5062,5218),(5218,5221,5210),(5210,5221,5215),(5222,4539,
4531),(4531,5217,5222),(5140,5144,5224),(5224,5228,5140),(5141,5229,5154),
(5230,4925,4928),(4928,5158,5230),(4925,5230,5077),(4943,4945,5096),(4708,
5101,4709),(4950,5169,4798),(5160,5172,4982),(5117,5119,5186),(5194,5232,
5235),(5238,5233,5195),(5235,5192,5194),(5241,5195,4889),(5195,5241,5238),
(5232,5243,5235),(5246,5243,5232),(5232,5248,5246),(5250,5249,5234),(5234,
5240,5250),(5253,5193,5237),(4540,4538,5235),(5254,5236,4539),(5235,5257,
4540),(5257,5235,618),(5260,618,5235),(5243,5260,5235),(5237,5256,5253),
(5262,657,5264),(5266,658,5263),(5264,5269,5262),(5271,5262,5274),(5276,
5263,5273),(5262,5269,5274),(5263,5276,5266),(657,618,5264),(659,5268,660),
(5279,5265,620),(5280,5270,5265),(5265,5279,5280),(5274,5282,5271),(5272,
5284,5286),(5286,5288,5272),(5273,5290,5276),(5291,5275,5270),(5285,5283,
5275),(5275,5291,5285),(5294,651,649),(5296,649,654),(649,5296,5294),(618,
650,5257),(5299,5258,652),(652,5295,5299),(5048,5301,5190),(5202,5301,5048),
(5200,5206,5303),(5201,5306,5202),(5303,5307,5200),(5196,5218,5062),(5064,
5211,5065),(4535,4536,5214),(5309,5009,5312),(5314,5009,5309),(5312,5316,
5309),(5309,5319,5314),(5320,5311,5322),(5310,5318,5325),(5325,5323,5310),
(5009,4830,5312),(5010,5315,5329),(5329,5013,5010),(5330,5313,4832),(5326,
5317,5313),(5313,5330,5326),(5143,5147,5150),(5150,5225,5143),(4951,4841,
4650),(5193,5253,5197),(4539,5222,5254),(4542,4541,5259),(5333,619,5261),
(620,5334,5279),(5270,5280,5291),(5335,656,647),(647,4462,5335),(5338,654,
656),(656,5335,5338),(5339,4888,4891),(5342,4890,4892),(5345,4891,5344),
(4891,5345,5339),(4889,5341,5241),(5128,5304,5205),(4549,4553,4870),(4556,
4555,4866),(4866,5347,4556),(5057,5348,4865),(4832,4834,5330),(4762,5079,
5350),(5350,5354,4762),(5356,4763,5355),(4763,5356,4764),(5359,5351,5080),
(4931,5361,5080),(5080,5361,5359),(5353,5352,5360),(5364,5244,5247),(5366,
5261,5245),(5245,5365,5366),(5259,5300,4542),(654,5338,5296),(4892,5368,
5342),(5371,5369,4893),(4874,5375,4893),(4893,5375,5371),(5343,5370,5372),
(5344,5376,5345),(5372,5377,5343),(5314,5319,5379),(5380,5321,5381),(5322,
5382,5320),(5379,5384,5314),(5315,5386,5387),(5387,5329,5315),(5355,5390,
5356),(5360,5391,5353),(5393,5246,5248),(5247,5395,5397),(5247,5400,5364),
(5397,5400,5247),(5248,5401,5393),(5394,5403,5405),(5405,5396,5394),(5404,
5402,5249),(5249,5250,5404),(5388,5385,5380),(5380,5407,5388),(5381,5407,
5380),(5182,5189,5111),(5261,5366,5333),(5409,5411,5413),(5411,5409,5415),
(5413,5418,5409),(865,5409,5418),(5420,5410,867),(5423,5416,5410),(5410,
5420,5423),(5425,5414,5412),(5415,5427,5411),(5429,5412,5428),(5412,5429,
5425),(5432,5419,5414),(5414,5425,5432),(5433,5435,5437),(5440,5436,5434),
(5437,5442,5433),(863,5433,5442),(5444,5434,864),(5434,5444,5440),(5437,
5435,5446),(5449,5447,5436),(5436,5440,5449),(5450,5443,5439),(5446,905,
5437),(5437,905,5452),(5452,5455,5437),(5437,5455,5457),(5459,5438,5458),
(5439,5461,5450),(5442,865,863),(864,833,878),(864,5462,5444),(878,5462,
864),(5465,866,5443),(5443,5450,5465),(5467,906,5447),(5447,5449,5467),
(5470,868,865),(5418,5470,865),(867,5466,5420),(2749,5472,905),(5472,5452,
905),(905,5474,2747),(901,5474,905),(907,5469,908),(5477,5473,2751),(2752,
4274,2749),(2751,4269,5477),(5480,5453,5473),(5482,5456,5454),(5454,5481,
5482),(5473,5477,5480),(5485,2753,2756),(5486,4275,2753),(2753,5485,5486),
(2754,2757,1808),(1808,5489,2754),(5491,2755,5490),(2756,5493,5485),(5494,
1809,2758),(2759,5497,2758),(2758,5497,5494),(1808,1803,5489),(5500,2171,
1810),(1810,5496,5500),(4276,5488,4277),(5501,5490,1804),(1804,1826,5501),
(5490,5501,5491),(5504,2748,5476),(5505,5475,902),(5476,5507,5504),(2748,
5504,2763),(5457,5455,5508),(5509,5456,5482),(902,904,5505),(2171,5500,
2742),(5510,92,95),(5513,183,92),(92,5510,5513),(89,5515,5518),(5518,5522,
89),(5515,89,5524),(180,5524,89),(5527,5530,89),(90,5531,115),(89,5532,
5527),(5535,5532,89),(89,5522,5535),(5538,5540,5542),(5540,5538,5544),(5542,
5546,5538),(5548,5545,5539),(5551,5539,5547),(5539,5551,5548),(5543,5541,
5552),(5554,5540,5544),(5541,5555,5557),(5557,5552,5541),(5546,5542,5558),
(5561,5559,5543),(5552,5565,5543),(5543,5565,5561),(5544,5566,5554),(5554,
5566,2296),(5557,5555,2298),(5568,5567,5545),(5545,5548,5568),(5570,5572,
5574),(5570,5576,5572),(5574,5578,5570),(5580,5571,5579),(5577,5571,5580),
(5583,5575,5573),(5584,5572,5576),(5573,5586,5588),(5588,5591,5573),(5573,
5591,5583),(5592,5578,5574),(5574,5594,5592),(5597,5595,5575),(5575,5583,
5597),(5598,5584,5600),(5587,5585,5599),(5600,5603,5598),(5605,5598,5603),
(5607,5599,5606),(5599,5607,5587),(5584,5609,5600),(5576,5609,5584),(5604,
5602,5613),(5612,5601,5611),(5603,5615,5605),(5617,5605,5615),(5620,5605,
5617),(5622,5606,5621),(5606,5622,5607),(5625,5616,5604),(5604,5626,5625),
(5613,5626,5604),(5579,5593,5629),(5579,5629,5580),(5610,5577,5630),(5580,
5630,5577),(5615,5632,5635),(5635,5637,5615),(5632,5615,2199),(5615,5637,
5617),(2199,5615,5639),(5639,5615,2238),(5642,2239,5616),(5616,5625,5642),
(5630,5645,5610),(5611,5646,5612),(2306,2273,5647),(5650,5648,2275),(5651,
2274,2281),(2275,5653,5650),(5647,5654,2306),(5647,5656,5654),(5632,5656,
5647),(5647,5635,5632),(5658,5636,5648),(5648,5650,5658),(2308,2307,5655),
(5661,5655,5657),(5655,5661,2308),(5594,2282,598),(598,5592,5594),(5629,
5593,600),(5662,599,610),(600,5664,5629),(5665,2283,5595),(5668,2286,2284),
(2284,5667,5668),(5595,5597,5665),(5671,610,588),(610,5671,5662),(5657,
5634,5672),(5657,5676,5661),(5672,5676,5657),(5677,5638,5636),(5636,5658,
5677),(2254,5632,2199),(5633,2255,2256),(2256,5673,5633),(5680,2281,2289),
(5681,2287,2290),(5683,2288,5682),(2289,5685,5680),(2281,5680,5651),(2290,
5620,5681),(5686,5621,2292),(5689,2291,2286),(2292,5690,5686),(5617,5681,
5620),(5621,5686,5622),(5691,5682,5619),(5682,5691,5683),(5694,5618,5638),
(5619,5695,5691),(2286,5668,5689),(588,591,5671),(5696,2200,2198),(2198,
2312,5696),(2199,2319,2254),(2199,5699,2202),(5701,5699,2199),(5639,5701,
2199),(2320,2201,5698),(5638,5677,5694),(5703,2203,5700),(5706,5700,5702),
(5700,5706,5703),(2203,5703,2204),(5707,5702,5641),(2238,2188,5639),(5710,
5640,2189),(5641,5711,5707),(5698,2321,2320),(5702,5707,5706),(2239,5642,
2240),(2189,2191,5710),(5712,5715,5717),(5720,5715,5712),(5717,5722,5712),
(5724,5713,5723),(5712,5727,5720),(5730,5727,5712),(5712,5732,5730),(5734,
5733,5714),(5714,5726,5734),(5737,5718,5716),(5716,5721,5737),(5722,5717,
5739),(5742,5740,5719),(5719,5738,5742),(5745,5746,5748),(5745,5750,5746),
(5748,5753,5745),(5755,5750,5745),(5758,5745,5759),(5745,5758,1291),(5759,
5745,5753),(1291,1294,5745),(5762,5745,5764),(5745,5762,5755),(1294,5764,
5745),(5767,5749,5747),(5770,5747,5752),(5747,5770,5767),(5754,5749,5767),
(5732,5750,5755),(5771,5751,5733),(5752,5773,5770),(5759,5774,5758),(5774,
5776,5758),(5778,1291,5758),(5758,5780,5778),(5780,5758,5782),(5784,5782,
5758),(5787,5758,5790),(5784,5758,5787),(5758,5792,5790),(5415,5792,5758),
(5758,5776,5415),(5759,5753,5794),(5794,5796,5759),(5775,5761,5801),(5800,
5760,5799),(5767,5795,5754),(5796,5794,5804),(5806,5805,5795),(5795,5767,
5806),(5809,5777,5775),(5801,5810,5775),(5775,5810,5809),(5804,5812,5796),
(5797,5813,5814),(5816,5802,5798),(5812,5804,5817),(5806,5818,5805),(5817,
871,5812),(868,5812,871),(5814,5813,870),(5819,872,5818),(5818,5806,5819),
(5822,869,5471),(870,5824,5814),(862,873,5821),(5825,2294,862),(862,5828,
5825),(5821,5828,862),(5831,5471,5419),(5419,5432,5831),(5471,5831,5822),
(2296,5832,602),(5834,5832,2296),(2296,5566,5834),(2297,2300,5836),(2298,
5838,5557),(5836,5839,2297),(5842,603,5833),(5844,5833,5835),(5833,5844,
5842),(5847,608,604),(604,5843,5847),(5848,5835,5567),(5567,5568,5848),
(5835,5848,5844),(2301,2293,5850),(5853,5851,2295),(2295,5827,5853),(5836,
2300,2303),(2301,5854,5856),(5850,5854,2301),(5856,5858,2301),(5860,2302,
5859),(2303,5862,5836),(5863,5857,5855),(5866,5855,5851),(5855,5866,5863),
(5858,5856,5867),(5869,5868,5857),(5857,5863,5869),(5851,5853,5866),(608,
5847,2807),(5739,5858,5867),(5744,5859,5741),(5859,5744,5860),(5867,5722,
5739),(5872,5723,5868),(5868,5869,5872),(5723,5872,5724),(2899,5873,2900),
(5875,5873,2899),(2903,5877,2899),(5880,2899,5877),(2899,5883,5886),(5883,
2899,5888),(5891,2899,5894),(2899,5891,5897),(5899,5894,2899),(2899,5897,
5902),(5902,1307,2899),(2899,5886,5899),(2899,5880,5904),(5904,5908,2899),
(2899,5910,5888),(5908,5910,2899),(1304,2899,1307),(5913,5916,2899),(2899,
5916,5919),(2899,5921,5913),(5919,1009,2899),(2899,1304,5921),(2899,1009,
5875),(5923,2906,2902),(5926,2901,5874),(2902,5927,5923),(2910,2907,5928),
(5928,5930,2910),(5932,2911,5931),(5935,2503,2911),(2911,5932,5935),(5936,
5929,2909),(5939,2908,2906),(2909,5940,5936),(5928,5941,5930),(5944,5942,
5929),(5929,5936,5944),(2906,5923,5939),(5945,1340,5930),(5930,5941,5945),
(5947,5931,1341),(5931,5947,5932),(1340,5945,1006),(5950,5946,5942),(5951,
1007,5946),(5946,5950,5951),(1341,1342,5947),(5942,5944,5950),(5954,5874,
5876),(5874,5954,5926),(5957,166,153),(2595,165,5959),(5962,5959,165),(165,
5964,5962),(5964,165,5967),(5970,5968,167),(167,5958,5970),(153,161,5971),
(5971,5957,153),(5959,5973,2595),(2596,5974,5975),(5975,2597,2596),(5959,
5977,5973),(5960,5963,5979),(5959,5981,5977),(5982,5961,5983),(5979,5984,
5960),(5973,5977,5986),(5988,5973,5991),(5974,5990,5993),(5996,5991,5973),
(5973,5986,5996),(5993,5975,5974),(5979,5963,5966),(5967,5998,5964),(5965,
5999,6000),(5966,6002,5979),(6000,6003,5965),(5998,5967,3123),(6006,3124,
5968),(5968,5970,6006),(6008,5987,5978),(6011,5978,5982),(5978,6011,6008),
(3123,6012,5998),(6000,5999,6014),(162,6015,160),(5971,161,6017),(162,3166,
6015),(162,6018,3166),(163,159,6020),(6021,6018,162),(6023,6022,164),(6020,
6026,163),(164,6027,6023),(6028,6016,3167),(6017,6030,5971),(3166,6018,
3168),(6031,3167,3107),(3167,6031,6028),(1070,6020,159),(3015,5518,3076),
(6034,5519,3016),(3016,3017,6034),(6036,3076,5518),(6038,3077,6037),(6041,
3079,3077),(3077,6038,6041),(5518,5515,6036),(5521,5520,6035),(6042,6037,
5517),(5524,6044,5515),(5516,6046,6048),(6048,6050,5516),(5517,6052,6042),
(6037,6042,6038),(6053,3081,3079),(3079,6041,6053),(957,6055,3021),(6057,
6055,957),(3021,6059,957),(6062,957,6059),(957,955,6057),(6064,961,959),
(6067,958,6063),(959,6068,6064),(6069,3022,6056),(6072,6056,6058),(6056,
6072,6069),(3021,6074,6059),(3021,6076,6074),(3080,6076,3021),(6079,3025,
3023),(3023,6071,6079),(6082,6060,6075),(6084,6075,6078),(6075,6084,6082),
(6059,6086,6088),(6087,6061,6083),(6088,6062,6059),(6090,6058,956),(962,
6092,955),(6094,6097,955),(6099,956,6098),(955,6092,6094),(956,6099,6090),
(6058,6090,6072),(6101,6088,6086),(6101,6086,6103),(6105,6104,6087),(6087,
6083,6105),(6108,6063,6089),(6109,6089,6102),(6089,6109,6108),(6112,6077,
3081),(6078,6113,6084),(3081,6053,6112),(1329,3024,1320),(1321,3025,6079),
(6079,6114,1321),(1321,6114,1325),(6117,966,961),(961,6064,6117),(6118,
968,966),(966,6117,6118),(6063,6108,6067),(969,967,6120),(6123,6121,968),
(968,6118,6123),(6124,97,99),(6127,94,97),(97,6124,6127),(6129,99,85),(99,
6129,6124),(84,114,6131),(6131,6135,84),(85,6136,6129),(95,6128,5510),(182,
6137,178),(178,6137,112),(112,6139,178),(179,6140,6141),(179,6144,185),
(6141,6144,179),(6145,6138,184),(184,5514,6145),(6132,113,6138),(6138,6145,
6132),(112,6147,6139),(972,6147,112),(6141,6140,6149),(6150,973,976),(6148,
973,6150),(974,6152,6154),(977,6152,974),(6154,6157,974),(6159,975,6158),
(976,6161,6150),(6155,6153,6162),(6162,6153,979),(6154,6164,6157),(6164,
6154,6166),(6120,6166,6154),(6154,6169,6120),(6171,6170,6156),(6162,6174,
6155),(6156,6175,6171),(6149,6176,6141),(6150,6177,6148),(6180,6158,6165),
(6166,6181,6164),(6183,6164,6181),(6185,6165,6184),(6165,6185,6180),(6158,
6180,6159),(6188,978,971),(979,6189,6162),(6120,6169,969),(6190,970,6170),
(971,6192,6188),(6103,6181,6166),(6193,6167,6121),(6103,6166,6101),(6196,
6102,6168),(6168,6195,6196),(6199,6182,6104),(5524,6183,6181),(6181,6200,
5524),(6202,6201,6182),(6182,6199,6202),(6121,6123,6193),(6104,6105,6199),
(6102,6196,6109),(6170,6171,6190),(6205,6184,5526),(6200,6044,5524),(6206,
5525,181),(5526,6208,6205),(6184,6205,6185),(6047,6045,6201),(6201,6202,
6047),(5530,6209,6212),(6214,6209,5530),(6212,6217,5530),(5530,6220,6214),
(6222,6220,5530),(5530,6225,6222),(6228,6225,5530),(6230,5530,6217),(115,
5531,6231),(5530,5527,6228),(6232,6213,6211),(6234,6209,6214),(6236,6210,
6235),(6211,6238,6232),(6239,6218,6213),(6213,6232,6239),(6242,6215,6221),
(6245,6221,6224),(6221,6245,6242),(6214,6247,6234),(6250,6248,6216),(6216,
6244,6250),(6251,6222,6225),(6253,6226,6229),(6225,6256,6251),(6258,6257,
6227),(6227,6255,6258),(6261,6223,6252),(6224,6262,6245),(6217,6263,6230),
(6266,6263,6217),(6268,6217,6270),(6270,6217,6272),(6268,6274,6217),(6277,
6273,6219),(6217,6274,6266),(6219,6241,6277),(6231,6265,6279),(6264,6267,
6283),(6283,6280,6264),(6231,6284,115),(6279,6284,6231),(6229,5529,6286),
(6289,5527,5532),(6287,5528,6290),(6286,6291,6229),(6229,6291,6253),(5533,
5537,6293),(5532,6296,6289),(6299,6297,5534),(6293,6300,5533),(5534,6302,
6299),(6303,5535,5522),(5522,3008,6303),(6305,3009,5523),(6035,6308,5521),
(5523,6309,6305),(6294,5536,6304),(181,188,6206),(6310,2123,1094),(6313,
1093,1095),(6315,1094,6314),(1094,6315,6310),(6317,2112,2122),(2122,6319,
6317),(6321,6320,2124),(2124,6312,6321),(2103,2125,2098),(2113,6318,6324),
(2112,6325,6328),(6331,6326,2113),(6328,2114,2112),(6324,6331,2113),(6319,
6334,6317),(6336,6317,6334),(6324,6318,6337),(6338,6335,6320),(6320,6321,
6338),(2850,2847,6340),(6340,5877,2850),(6342,2851,5879),(2851,6342,2852),
(6345,6341,2849),(6346,2847,6348),(6351,2848,6347),(6354,6348,2847),(2847,
2955,6354),(2849,6353,6345),(6340,6356,5877),(6359,6357,6341),(6341,6345,
6359),(6360,5878,2904),(5877,6363,5880),(6356,6363,5877),(5879,6362,6342),
(6365,2915,2913),(6368,2913,2919),(2913,6368,6365),(2951,2920,2914),(2916,
6367,2953),(6370,6372,6346),(6372,6370,5883),(6346,6348,6370),(6374,5884,
6371),(6377,6371,6350),(6371,6377,6374),(6380,6347,6373),(5883,6381,6372),
(6383,6373,6382),(6373,6383,6380),(6347,6380,6351),(5888,6381,5883),(6386,
5887,5885),(5885,6376,6386),(6387,6382,5890),(6382,6387,6383),(2135,6389,
6392),(2135,6394,6389),(6392,5891,2135),(6325,6394,2135),(2135,6396,6325),
(2135,6398,2133),(6398,2135,5891),(6401,6397,2137),(2137,2139,6401),(6403,
6392,6389),(6406,6390,6395),(6389,6409,6411),(6413,6410,6391),(6411,6403,
6389),(6391,6408,6413),(6416,5892,6393),(6418,6393,6405),(6393,6418,6416),
(6421,6395,6327),(6396,6328,6325),(6327,6333,6421),(6395,6421,6406),(2134,
6400,6422),(5891,6425,6398),(6423,6399,6426),(2134,6427,2947),(6422,6427,
2134),(5894,6425,5891),(6430,5898,5893),(5893,6417,6430),(6431,6426,5896),
(6426,6431,6423),(5894,6433,6348),(5894,6435,6433),(6348,6354,5894),(5894,
5899,6435),(6437,5895,6355),(5896,6439,6431),(6440,6349,6434),(6434,6436,
6443),(6443,6446,6434),(6434,6446,6440),(6350,6442,6377),(6447,2904,2922),
(6450,2921,2952),(2922,6451,6447),(2904,6447,6360),(6452,2918,2924),(2919,
6454,6368),(6329,6397,6401),(6455,2115,6330),(6330,6457,6455),(6401,6458,
6329),(1312,5903,5898),(5898,6430,1312),(1308,5903,1312),(6436,5901,6460),
(6460,6443,6436),(6461,5900,5887),(5887,6386,6461),(6464,5905,5882),(6466,
5881,6364),(5882,6468,6464),(6469,5907,5906),(5906,6465,6469),(6472,6364,
6357),(6364,6472,6466),(6357,6359,6472),(6475,2924,2898),(2898,2949,6475),
(5889,5912,6476),(6476,6480,5889),(5890,6481,6387),(6482,6355,2956),(2956,
2958,6482),(6355,6482,6437),(6409,6484,6411),(6486,6484,6409),(6487,6410,
6413),(6488,6404,6412),(6412,6485,6491),(6491,6488,6412),(2115,6455,2116),
(6477,5911,5909),(5909,6471,6477),(2924,6475,6452),(6405,6490,6418),(2952,
2962,6450),(1303,1308,1312),(6494,6484,6486),(6491,6485,6497),(6486,6498,
6494),(5762,5764,6494),(6494,6498,5762),(6495,5766,6500),(6503,6492,6496),
(6499,6487,6413),(6504,1292,5779),(1293,6506,1315),(6507,5756,5763),(6507,
5763,6499),(6501,5765,1295),(1295,1297,6501),(6510,6512,6514),(6513,6511,
6516),(6514,6518,6510),(6520,6510,6518),(6516,6511,6521),(6512,6522,6514),
(6523,6522,6512),(6525,6524,6513),(6516,6525,6513),(6514,6522,6527),(6529,
6519,6515),(6529,6515,6528),(6527,6522,6523),(6518,6336,6520),(6532,6337,
6519),(6519,6529,6532),(6336,6334,6520),(6337,6532,6324),(6521,6335,6338),
(6338,6533,6521),(6521,6533,6516),(5779,5781,6536),(5782,6537,5780),(6539,
5780,6537),(5781,6540,6541),(6541,6536,5781),(6536,6544,5779),(5779,6544,
6504),(6538,5783,6545),(5783,5786,6545),(6548,6539,6537),(6537,6550,6548),
(6552,6551,6538),(6545,6552,6538),(6541,6540,6549),(6548,6550,6554),(6556,
6548,6554),(6549,6557,6558),(6549,6558,6541),(6552,6555,6551),(5916,5913,
6560),(6560,6554,5916),(6562,5920,5918),(6565,5917,6555),(5918,6566,6562),
(6567,6561,5915),(6570,5914,5922),(5915,6571,6567),(6560,6556,6554),(6557,
6561,6567),(6572,1010,5920),(5920,6562,6572),(6575,5922,1306),(5922,6575,
6570),(6555,6552,6565),(1306,1311,6575),(6567,6558,6557),(1009,6577,5875),
(1009,6579,6577),(1009,1006,6579),(6581,1013,1011),(1011,6574,6581),(6584,
5876,6578),(5876,6584,5954),(6578,6580,6585),(6585,6588,6578),(6578,6588,
6584),(6585,6580,1008),(1008,5953,6585),(1019,1005,6589),(1005,1015,6592),
(6592,6589,1005),(1021,1019,6593),(6589,6593,1019),(6592,1015,1013),(1013,
6581,6592),(1016,6595,1022),(6597,6596,1017),(6597,1017,1021),(6599,1022,
6595),(1024,1023,6600),(6595,6601,6599),(6602,6596,6597),(6601,1823,6599),
(6601,1819,1823),(4270,1819,6601),(6601,6603,4270),(6605,6604,6602),(6602,
6597,6605),(6608,6600,1825),(6600,6608,1024),(6609,1824,1802),(1825,6611,
6608),(1802,2179,6609),(6603,6612,6614),(6613,6604,6605),(6614,6616,6603),
(6616,4270,6603),(5787,6614,6612),(6612,5784,5787),(6546,5785,6613),(6613,
6618,6546),(6605,6618,6613),(6621,6615,5789),(6622,6617,6615),(6615,6621,
6622),(6624,5457,5508),(6626,5458,6625),(5508,5787,6624),(5790,6624,5787),
(6629,6625,5791),(6625,6629,6626),(5458,6626,5459),(6630,5788,5509),(5482,
6630,5509),(5789,6632,6621),(6633,5791,5793),(5791,6633,6629),(4271,6617,
6622),(4271,6622,4272),(6636,5793,5417),(5793,6636,6633),(5415,5776,5427),
(6637,5428,5777),(5777,5809,6637),(5417,5424,6636),(5428,6637,5429),(6639,
6641,6643),(6639,1095,6641),(6643,6645,6639),(1095,6639,6647),(6650,6648,
6640),(6651,6640,6646),(6640,6651,6650),(6654,6644,6642),(6642,1097,6655),
(6642,6659,6654),(6655,6659,6642),(6660,6645,6643),(6662,6661,6644),(6644,
6654,6662),(6647,6664,1095),(1095,6666,6313),(6664,6666,1095),(1098,6669,
1095),(6656,1096,6670),(6671,6665,6648),(6648,6650,6671),(6673,6645,6660),
(6676,6646,6675),(6646,6676,6651),(6679,6314,6668),(6667,6665,6671),(6668,
6680,6679),(6671,6681,6667),(6314,6679,6315),(6669,1098,6683),(6683,1098,
2586),(2587,1100,6686),(1087,6687,1099),(6669,6683,6689),(6689,6691,6669),
(6694,6670,6693),(6670,6694,6656),(6660,6696,6673),(6699,6673,5558),(6674,
6700,6702),(6673,6696,5558),(6675,6703,6676),(6702,6704,6674),(6707,6697,
6661),(6661,6662,6707),(6709,6712,2786),(6709,6715,6712),(2786,6718,6709),
(6720,5558,6709),(6723,6709,5558),(6718,6725,6709),(6709,6725,6720),(6715,
6709,6727),(6730,6710,6724),(6709,6733,6735),(6737,6734,6711),(6735,6727,
6709),(6711,6732,6737),(2786,6712,6739),(6712,6741,1875),(1875,1881,6712),
(6712,6715,6741),(6743,6713,1882),(6746,6740,6714),(6714,6745,6746),(6749,
6719,2788),(2786,6750,2773),(6739,6750,2786),(2788,2790,6749),(5558,6753,
6699),(6753,6755,6699),(6700,6757,6759),(6759,6702,6700),(6762,6754,5560),
(5558,6763,5546),(5558,6720,6763),(5558,6696,6723),(5560,5562,6762),(5727,
6765,5720),(5737,5721,6766),(6767,6726,6719),(6719,6749,6767),(6769,1878,
1875),(1875,6771,6769),(6773,6772,1877),(6776,1876,6742),(1877,6777,6773),
(6778,1879,6770),(6781,1869,1880),(1880,6780,6781),(6783,6769,6771),(6770,
6785,6787),(6787,6790,6770),(6770,6790,6778),(6771,6791,6783),(6784,6793,
6795),(6795,6786,6784),(6792,6772,6773),(6798,6742,6717),(6742,6798,6776),
(6755,6753,5727),(5727,6753,6799),(6801,6800,6754),(6754,6762,6801),(6523,
6755,5727),(6758,6756,6524),(5727,6527,6523),(6524,6525,6758),(6804,5728,
5731),(5727,6806,6765),(6528,5729,6805),(6799,6806,5727),(5755,5730,5732),
(5731,5757,6509),(6509,6809,5731),(5731,6809,6804),(5733,5734,5771),(6812,
6766,6808),(6766,6812,5737),(6813,5547,6764),(6816,6764,6722),(6764,6816,
6813),(5547,6813,5551),(6817,6721,6726),(6726,6767,6817),(6722,6819,6816),
(6715,423,6820),(423,6715,3536),(6820,6822,6715),(6825,6715,6822),(6827,
6716,6826),(6830,3536,6715),(6727,6830,6715),(6717,6829,6798),(1869,6781,
1870),(6773,6794,6792),(1882,1884,6743),(6832,6724,6698),(6698,6708,6832),
(6724,6832,6730),(6528,6805,6529),(6835,6807,6800),(6808,6836,6812),(6800,
6801,6835),(6837,2774,6752),(6840,6751,6740),(6752,6841,6837),(2774,6837,
2778),(6740,6746,6840),(6842,6844,6846),(6844,6842,6848),(6846,6851,6842),
(6853,6849,6843),(6843,6852,6856),(6856,6859,6843),(6843,6859,6853),(6860,
6847,6845),(6848,6862,6844),(6845,6864,6866),(6866,6869,6845),(6845,6869,
6860),(6846,6825,6870),(6872,6826,6847),(6870,6851,6846),(6847,6860,6872),
(6863,6850,6855),(6855,6865,6863),(423,6874,6820),(423,417,6877),(6877,
6879,423),(423,6881,6874),(6879,6881,423),(3534,423,3536),(6884,424,3535),
(426,423,6887),(6889,6888,425),(425,6886,6889),(6892,6821,6876),(6893,6823,
6821),(6821,6892,6893),(6896,6877,417),(417,6899,6896),(494,6899,417),(417,
496,494),(6902,497,419),(419,421,6902),(6905,6880,6878),(6906,6878,6898),
(6878,6906,6905),(6822,6870,6825),(6826,6872,6827),(6909,6871,6824),(6856,
6852,6871),(6871,6909,6856),(6910,6875,6883),(6876,6912,6892),(6913,6882,
6880),(6880,6905,6913),(6916,6896,6899),(6899,6918,6916),(6921,6919,6901),
(6922,6900,495),(6901,6924,6921),(6925,6897,6917),(6898,6927,6906),(6824,
6895,6909),(6883,6915,6910),(6733,6928,6735),(6733,6930,6928),(6933,6931,
6734),(6734,6737,6933),(6934,6736,6929),(6728,6736,6934),(6937,3572,1783),
(1784,6938,1782),(6940,1782,6938),(1783,6941,6943),(6943,6944,1783),(1783,
6944,6937),(6947,3406,3572),(3572,6937,6947),(6948,6916,6918),(6917,6950,
6952),(6952,6955,6917),(6917,6955,6925),(6918,6956,6948),(6951,6949,6958),
(6959,6957,6919),(6919,6921,6959),(3537,6831,6963),(6963,3539,3537),(3535,
3573,6884),(6964,6966,6968),(6970,6966,6964),(6968,6930,6964),(6965,6931,
6933),(6964,6972,6970),(6974,6973,6965),(6965,6977,6974),(6933,6977,6965),
(6978,6969,6967),(6978,6967,6971),(6968,6928,6930),(6981,6929,6969),(6969,
6978,6981),(6929,6981,6934),(6982,6939,1785),(1785,1786,6982),(6938,6984,
6940),(6984,426,6940),(426,6887,6940),(6943,6941,6888),(6987,6985,6939),
(6939,6982,6987),(6958,6960,6951),(6963,6831,6729),(6934,6988,6728),(6729,
6990,6963),(497,6902,498),(6991,495,503),(495,6991,6922),(429,427,6985),
(6985,6987,429),(6993,501,451),(6995,502,6994),(503,6997,6991),(452,455,
6998),(7000,6993,451),(451,7003,7000),(7004,453,7005),(6998,7006,452),(6888,
6889,6943),(6998,455,458),(458,460,6998),(3406,6947,3407),(6994,7002,7008),
(7003,7011,7000),(7001,7013,7015),(7015,7009,7001),(6994,7018,6995),(7008,
7018,6994),(7012,7004,7019),(7005,7019,7004),(7019,7014,7012),(6972,7021,
6970),(6972,7023,3126),(3126,7021,6972),(7025,7024,6973),(6973,6974,7025),
(6971,7022,3133),(3133,6978,6971),(3126,7027,3123),(3123,7027,6012),(7029,
3130,3125),(3125,6007,7029),(3126,7031,7034),(3126,5988,7031),(7034,7027,
3126),(3126,6689,5988),(6691,6689,3126),(3126,7023,6691),(7022,3128,3133),
(7037,7035,7033),(5991,7031,5988),(7038,7032,5992),(7033,7040,7037),(7041,
7028,7035),(7035,7037,7041),(3168,6018,6021),(3169,6022,6023),(3169,6023,
3170),(6013,7028,7041),(5994,5989,6690),(7044,3107,3135),(3107,7044,6031),
(7045,6690,6685),(6690,7045,5994),(2586,2582,6683),(7048,6684,2583),(6685,
7049,7045),(7050,6692,7024),(7024,7025,7050),(6693,7052,6694),(7053,3135,
3130),(3135,7053,7044),(3130,7029,7053),(7056,5992,5997),(5992,7056,7038),
(7057,5997,5987),(5987,6008,7057),(5997,7057,7056),(2583,2585,7048),(2587,
7060,2588),(6686,7060,2587),(7041,7061,6013),(6014,7063,6000),(7064,7066,
7068),(7066,7064,7070),(7068,7072,7064),(7065,7074,7076),(7079,7071,7065),
(7065,7080,7079),(7076,7080,7065),(7083,7069,7067),(7070,7084,7066),(7087,
7067,7086),(7067,7087,7083),(7072,7068,7089),(7092,7090,7069),(7069,7083,
7092),(7093,1195,7095),(7097,1196,7094),(7095,7100,7093),(7093,7100,7102),
(7102,7104,7093),(7094,7105,7106),(7106,7109,7094),(7094,7109,7097),(1195,
7110,7095),(1195,7112,1192),(1195,7114,7112),(1195,7116,7118),(7118,7114,
1195),(7121,7117,1197),(1195,1198,7110),(1197,7099,7121),(7124,7101,7096),
(7125,7096,7111),(7096,7125,7124),(7128,7103,7101),(7101,7124,7128),(7102,
7129,7104),(7132,7130,7103),(7103,7128,7132),(2433,7072,7135),(7138,7072,
2433),(7135,7140,2433),(2433,7142,7138),(2433,7144,7142),(2433,7140,7146),
(7146,7149,2433),(2433,2436,7151),(7151,7144,2433),(7153,300,2433),(7155,
2434,301),(2433,7158,7153),(2433,7160,7158),(7160,2433,7149),(2435,7157,
2477),(7089,7135,7072),(7073,7139,7163),(7163,7075,7073),(7166,7141,7137),
(7136,7090,7092),(7137,7167,7166),(7092,7168,7136),(7163,7139,7143),(7171,
7143,7145),(7143,7171,7163),(3074,1193,7113),(7172,7113,7115),(7113,7172,
3074),(7118,7116,7174),(7174,7177,7118),(7149,7118,7177),(7180,7115,7120),
(7183,7119,7150),(7120,7184,7180),(7185,7175,7117),(7117,7121,7185),(7177,
7174,7188),(7190,7189,7176),(7176,7187,7190),(7111,1200,7192),(7192,7196,
7111),(7111,7196,7125),(7197,7104,7129),(7106,7105,7198),(7129,7199,7197),
(7200,7131,7133),(7198,7201,7203),(7133,7202,7200),(7203,7206,7198),(7198,
7206,7106),(7207,1206,1204),(1204,1209,7209),(1204,7213,7207),(7209,7213,
1204),(7214,1211,1206),(1206,7207,7214),(7216,7218,7220),(7218,7216,7222),
(7220,7225,7216),(7227,7223,7217),(7230,7217,7226),(7217,7230,7227),(7221,
7219,7233),(7222,7234,7218),(7233,7219,7236),(7220,7237,1190),(7238,7221,
7239),(1190,7225,7220),(7233,7239,7221),(7235,7224,7229),(7236,7241,7233),
(7229,7242,7235),(7245,7147,7141),(7141,7166,7245),(7247,7249,7146),(7146,
7251,7247),(7249,7253,7146),(7253,7149,7146),(7255,7252,7148),(7148,7246,
7255),(7188,7257,7177),(7257,7188,7259),(7260,7189,7190),(7262,7178,7258),
(7259,7265,7257),(7268,7258,7267),(7258,7268,7262),(7177,7270,7149),(7273,
7271,7179),(7179,7264,7273),(7266,7261,7274),(7190,7275,7260),(7274,7278,
7266),(7267,7279,7268),(7115,7180,7172),(7193,1199,1211),(1211,7214,7193),
(1190,7237,1207),(7210,1208,7238),(7239,7280,7238),(7238,7280,7210),(7283,
7226,1191),(1258,7283,1191),(7284,7152,2437),(2437,2438,7284),(7287,7145,
7152),(7152,7284,7287),(300,7153,302),(309,7155,301),(305,303,7154),(7288,
7154,7159),(7154,7288,305),(7226,7283,7230),(7291,7250,7248),(7292,7247,
7251),(7295,7248,7294),(7248,7295,7291),(7298,7254,7250),(7250,7291,7298),
(7145,7287,7171),(7299,7159,7162),(7159,7299,7288),(7149,7270,7160),(7150,
7254,7298),(7150,7302,7183),(7298,7302,7150),(7303,7161,7271),(7271,7273,
7303),(7162,7305,7299),(1202,3071,1164),(7251,7306,7292),(7308,7307,7252),
(7252,7255,7308),(7310,3037,7292),(3040,7292,3037),(7292,7313,7310),(7292,
7306,7313),(7315,7293,3041),(7294,7317,7295),(7318,7321,7084),(7318,7323,
7321),(7084,7325,7318),(7318,7328,7323),(7328,7318,7330),(7331,7320,7333),
(7319,7327,7336),(7336,7334,7319),(7339,7085,7322),(7342,7322,7324),(7322,
7342,7339),(7084,7344,7325),(7084,7347,7344),(7070,7347,7084),(7086,7341,
7087),(7350,7324,7329),(7324,7350,7342),(7352,7355,7358),(7355,7352,7360),
(7358,3037,7352),(7330,7352,3037),(7353,7332,7363),(7361,7354,7366),(7363,
7367,7353),(7369,7359,7357),(7360,6272,7355),(7372,7356,6273),(7357,7373,
7369),(7374,3038,7359),(7359,7369,7374),(3037,7310,7330),(6247,3042,3037),
(3037,6234,6247),(7377,6235,3039),(3039,7376,7377),(7330,7310,7328),(7329,
7312,7379),(7380,7311,7314),(7333,7364,7331),(7329,7383,7350),(7379,7383,
7329),(7326,7346,7384),(7345,7349,7387),(7387,7385,7345),(7384,7338,7326),
(7314,7307,7308),(7314,7390,7380),(7308,7390,7314),(6270,7392,6268),(7395,
7393,6271),(6272,7398,6270),(6271,7400,7402),(7402,7405,6271),(6271,7405,
7395),(6269,7394,7397),(7406,6275,6269),(7397,7409,6269),(6269,7409,7406),
(7347,7070,7411),(7413,7347,7411),(7348,7415,7417),(7417,7389,7348),(3041,
3045,7315),(7360,7398,6272),(6273,6277,7372),(7399,7362,7419),(7366,7420,
7361),(7419,7401,7399),(7422,3006,3048),(7425,3047,3049),(7428,3048,7427),
(3048,7428,7422),(3005,6303,3008),(7431,6304,3007),(3007,7424,7431),(7432,
3050,3053),(7435,3053,3055),(3053,7435,7432),(6296,7425,3049),(3049,6289,
6296),(7438,6290,3051),(3051,7434,7438),(6256,3056,3059),(7439,3057,6257),
(3059,6251,6256),(6257,6258,7439),(7442,3055,3058),(3058,7441,7442),(3060,
3063,7445),(7446,6252,3061),(7445,7449,3060),(3061,7450,7446),(3063,3044,
7451),(7452,3043,6248),(7451,7445,3063),(6248,6250,7452),(6235,7377,6236),
(7455,7412,7071),(7071,7079,7455),(7411,7456,7413),(7458,7413,7456),(7414,
7460,7462),(7462,7416,7414),(7464,7457,7412),(7412,7455,7464),(7466,7469,
7472),(7466,7458,7469),(7472,7474,7466),(7459,7468,7477),(7467,7476,7480),
(7480,7478,7467),(7484,7473,7471),(7485,7488,7469),(7470,7489,7491),(7456,
7469,7458),(7469,7456,7485),(7491,7492,7470),(7471,7494,7484),(7475,7473,
7484),(7488,7495,7497),(7488,7485,7495),(7497,7500,7488),(7500,7502,7488),
(7491,7489,7504),(7498,7496,7505),(7505,7496,7487),(7501,7499,7507),(7505,
7508,7498),(3055,7442,7435),(6252,7446,6261),(6267,6276,7408),(7408,6283,
6267),(7485,7456,7510),(7513,7511,7457),(7457,7464,7513),(7477,7461,7459),
(7484,7481,7475),(7514,7503,7501),(7501,7517,7514),(7507,7517,7501),(7519,
7426,6297),(6297,6299,7519),(7427,7521,7428),(6290,7438,6287),(7485,2464,
7522),(7485,7524,2464),(7522,7526,7485),(7510,7524,7485),(7528,7486,7527),
(7487,7530,7505),(2464,2467,7522),(2474,2465,7525),(7531,7523,2469),(7522,
7533,7526),(7536,7534,7523),(7523,7531,7536),(2468,2472,7539),(7539,7543,
2468),(2469,7544,7531),(7504,7516,7491),(7545,7525,7511),(7525,7545,2474),
(3009,6305,3010),(6304,7431,6294),(7527,7535,7538),(7538,7548,7527),(7527,
7548,7528),(7511,7513,7545),(2460,7540,2471),(7549,7551,7553),(7555,7552,
7550),(7553,117,7549),(117,7557,7549),(7559,7550,7558),(7550,7559,7555),
(7551,7561,7553),(7563,7561,7551),(7563,7551,962),(7565,963,7552),(7552,
7555,7565),(7554,7562,7568),(7571,118,7554),(7568,7573,7554),(7554,7573,
7571),(7568,7562,7564),(117,136,7557),(119,7572,946),(7576,7558,137),(7558,
7576,7559),(7577,137,139),(137,7577,7576),(962,952,7563),(7580,6093,964),
(964,7567,7580),(7581,7564,954),(954,987,7581),(7564,7581,7568),(7584,2505,
2503),(2503,5935,7584),(2506,2504,6097),(7585,6098,2505),(2505,7584,7585),
(6097,7587,2506),(7590,2507,7589),(2507,7590,2508),(7587,6097,6094),(6098,
7585,6099),(6094,7592,7587),(7594,7588,7593),(7589,7596,7590),(2521,2523,
2868),(7597,6095,6093),(7592,6094,7600),(7602,7601,6096),(6096,7599,7602),
(6093,7580,7597),(7600,7604,7592),(7606,7593,7605),(7593,7606,7594),(134,
7604,7600),(7600,125,134),(7609,126,7601),(7601,7602,7609),(7611,7605,135),
(7605,7611,7606),(7614,141,127),(127,7610,7614),(135,133,2489),(2489,7615,
135),(135,7615,7611),(7618,139,141),(141,7614,7618),(139,7618,7577),(6593,
6597,1021),(6499,6413,6507),(5983,7619,5982),(5982,7619,6011),(928,940,
931),(682,717,690),(4681,7621,4843),(4677,7622,4680),(392,394,397),(1272,
1254,1250),(3814,3822,3819),(7624,7542,7541),(7541,7625,7624),(7626,7540,
7628),(7540,2460,7630),(7630,7632,7540),(7540,7634,7638),(7632,7634,7540),
(7638,7640,7540),(7640,7628,7540),(7388,7418,7542),(7542,7624,7388),(7542,
7418,7463),(7532,7542,7463),(148,116,7403),(116,7404,7403),(7643,7404,116),
(116,6285,7643),(355,148,1419),(7645,1419,148),(7647,7649,148),(148,7652,
7647),(148,7649,7645),(7403,7421,148),(7421,7368,148),(7653,148,7368),(7652,
148,7653),(1473,339,355),(355,1418,1473),(1419,1418,355),(1500,342,332),
(343,341,1531),(1502,1532,342),(342,1500,1502),(332,339,1473),(1473,1500,
332),(1531,1517,343),(344,1519,1540),(1540,328,344),(1502,1509,1532),(1532,
1509,1538),(1538,7656,1532),(462,490,1531),(1531,7657,462),(1531,490,486),
(394,1528,1531),(1531,397,394),(486,397,1531),(1409,351,347),(351,1409,
1412),(347,348,1409),(1409,318,328),(328,1469,1409),(348,318,1409),(1412,
370,351),(370,1412,1406),(1406,357,370),(328,1540,1541),(1541,1469,328),
(7656,1538,1632),(1632,1489,7652),(7652,7656,1632),(1489,1457,7652),(7648,
1456,1461),(7652,1457,7647),(1414,1421,7646),(1461,7658,7648),(7650,7648,
7658),(7659,1463,1372),(7658,7661,7650),(7646,7651,7662),(7660,7659,1372),
(7662,7663,7646),(7646,7663,1414),(1447,7664,7660),(7660,1372,1359),(1359,
1366,7660),(7660,1439,1447),(1366,1439,7660),(1447,1413,7664),(1347,1452,
1475),(1347,1453,1452),(1475,1476,1347),(1347,1435,1453),(1347,1348,1435),
(1429,1435,1348),(1348,1344,1429),(1439,1429,1344),(1344,1447,1439),(7395,
7405,7644),(7368,7365,7653),(7365,7335,7665),(7665,7653,7365),(7665,7335,
7337),(7668,7337,7386),(7337,7668,7665),(7386,7388,7624),(7386,7624,7668),
(7463,7479,7532),(7644,7478,7480),(7518,7479,7643),(7479,7518,7532),(7480,
7671,7644),(7644,7671,7395),(7643,6285,7518),(6282,7672,7482),(7482,7483,
6282),(7410,7396,7672),(7672,6282,7410),(7490,7515,6281),(6281,6282,7490),
(7493,7490,6282),(6279,7514,7517),(7517,6284,6279),(6282,7483,7493),(6282,
7407,7410),(7531,7517,7507),(7507,7536,7531),(7537,7509,7506),(7506,7547,
7537),(7506,7529,7547),(7625,7673,7624),(7674,7627,7676),(4018,7677,7626),
(7679,4018,7626),(7626,7682,7679),(7628,7682,7626),(7624,7673,7684),(7687,
3971,7624),(7652,7624,3971),(7684,7689,7624),(7689,7687,7624),(7668,7624,
7652),(7676,7692,7674),(7675,7694,4069),(4069,4072,7675),(7673,4073,7695),
(7695,7684,7673),(7693,7678,4019),(4019,4158,7693),(7693,4158,4075),(4075,
4070,7693),(4019,3934,4158),(4022,4018,7679),(3934,3935,4159),(4159,4158,
3934),(7603,7617,7613),(7613,7608,7603),(7578,7617,7603),(7603,7560,7575),
(7603,7556,7560),(7575,7578,7603),(7603,7579,7566),(7603,7598,7579),(7566,
7556,7603),(3816,3598,3601),(3665,3815,3816),(3816,3730,3665),(3816,3623,
3730),(3601,3623,3816),(3814,3664,7698),(3822,3814,7701),(7703,7701,3814),
(7698,7703,3814),(3664,3689,7706),(7706,7698,3664),(3884,3865,3864),(3864,
3860,4206),(3864,4206,3884),(7709,4205,3861),(7709,3861,3848),(4196,4205,
7709),(7088,7340,7343),(7088,7343,7351),(7351,7382,7088),(7165,7169,7091),
(7091,7256,7165),(7256,7244,7165),(7091,7082,7256),(7088,7382,7381),(7381,
7391,7088),(7256,7082,7088),(7088,7309,7256),(7391,7309,7088),(7051,7026,
6653),(6653,7026,6975),(6653,6658,7051),(6695,7051,6658),(6663,6653,6975),
(6975,6976,6663),(6976,6932,6663),(6706,6663,6738),(6663,6932,6738),(6658,
6657,6695),(6738,6833,6706),(6738,6731,6833),(6553,6547,6606),(6547,6619,
6606),(6590,6564,6553),(6553,6594,6590),(6553,6598,6594),(6606,6598,6553),
(6564,6590,6591),(6591,6582,6564),(6563,6564,6582),(6582,6573,6563),(6420,
6332,6323),(6323,6531,6414),(6323,6414,6420),(6414,6531,6530),(6414,6407,
6420),(6530,6810,6508),(6530,6803,6810),(6508,6414,6530),(511,6789,6788),
(6788,524,511),(6788,1835,524),(7657,1833,6786),(6786,6795,7657),(6779,
6789,523),(523,6782,6779),(511,523,6789),(523,1871,6782),(1842,1833,7657),
(5251,5239,5242),(5251,5242,5340),(5340,5346,5251),(5406,5251,5346),(5346,
5378,5406),(5405,5377,7712),(5396,5405,7712),(7712,5377,5372),(6249,6243,
6246),(6249,6246,6260),(6260,7447,6249),(7453,6249,7447),(7447,7444,7453),
(7447,7448,7444),(909,5468,5448),(909,5448,5441),(5441,5445,909),(915,892,
821),(821,826,915),(826,825,915),(7709,914,824),(916,914,7709),(795,821,
892),(892,891,795),(909,5445,5463),(5463,879,909),(891,909,789),(909,798,
789),(879,798,909),(789,795,891),(824,818,7709),(6049,6203,6043),(6203,
6198,6043),(6043,6051,6049),(6039,6043,6198),(6039,6198,6106),(6106,6040,
6039),(6054,6040,6106),(6106,6081,6054),(6054,6081,6085),(6085,6111,6054),
(5969,5956,5972),(5972,6029,6032),(6032,5969,5972),(7043,6005,5969),(5969,
6032,7043),(7030,6005,7043),(7043,7054,7030),(5937,5938,5924),(5924,5925,
5949),(5949,5943,5924),(5924,5943,5937),(5925,5955,5949),(5949,6587,6586),
(5949,6583,6587),(6586,5952,5949),(5949,5955,6583),(2350,2351,2343),(2350,
2343,2444),(2444,2452,2350),(7701,2453,2443),(2443,2374,7701),(7701,2448,
2453),(6344,6352,6379),(6379,6384,6344),(6344,6384,6388),(6388,6358,6344),
(6479,6473,6358),(6358,6388,6479),(6467,6473,6479),(6479,6463,6467),(6470,
6463,6479),(6479,6478,6470),(3690,4076,4046),(4046,4051,3690),(7679,3689,
4052),(4052,4048,7679),(7713,7706,3689),(3689,7715,7713),(3689,7717,7715),
(7720,7717,3689),(3689,7679,7720),(5735,5725,5871),(5768,5871,5870),(5871,
5769,5772),(5871,5768,5769),(5772,5735,5871),(5807,5768,5870),(5870,5864,
5807),(5807,5864,5865),(5865,5820,5807),(5865,5852,5820),(5852,5826,5829),
(5829,5820,5852),(5687,5688,5669),(5669,5666,5596),(5596,5687,5669),(5596,
5582,5687),(5687,5582,5590),(5590,5623,5687),(5590,5589,5608),(5608,5623,
5590),(5736,5564,5553),(5743,5736,5553),(5553,5556,5743),(6761,5563,5564),
(5564,6811,6834),(5564,5736,6811),(6834,6802,5564),(6802,6761,5564),(5743,
5556,5840),(5840,5837,5743),(5837,5861,5743),(5628,5663,5670),(5670,590,
5628),(5628,590,581),(584,5644,5631),(7712,5646,583),(5631,581,584),(7712,
583,579),(7712,5612,5646),(5631,5581,581),(581,5581,5628),(4313,4321,4515),
(4313,4515,4518),(4518,4406,4301),(4301,4313,4518),(4406,4302,4301),(4302,
4406,4427),(4406,4403,4427),(4427,4383,4302),(5422,5421,6628),(6627,5421,
5464),(5421,6627,6628),(6634,6635,5422),(5422,6628,6634),(5464,5451,6627),
(5451,5460,6627),(4552,4476,4528),(4528,4869,4552),(4868,4869,4528),(4528,
5053,4868),(4551,4469,4476),(4476,4552,4551),(4551,4495,4469),(6954,6953,
6858),(6953,6854,6858),(7657,6855,6951),(6951,6960,7657),(6908,6926,6954),
(6907,6926,6908),(6954,6857,6908),(6858,6857,6954),(6908,6911,6914),(6908,
6891,6911),(6914,6904,6908),(6908,6894,6891),(6908,6904,6907),(6865,6855,
7657),(6620,6631,5483),(4273,5483,5479),(5483,6623,6620),(5483,4273,6623),
(5479,5478,4273),(5478,4267,4273),(4980,4976,4946),(7657,4945,4974),(4974,
4973,7657),(4940,4977,4980),(4980,4946,4940),(4977,4940,5094),(5094,4987,
4977),(4945,7657,5096),(4987,5094,4759),(4759,4754,4987),(5121,4628,4659),
(4659,4662,5035),(5035,5034,4659),(4659,5034,5121),(5035,4662,4809),(4809,
5045,5035),(5045,5006,5035),(5006,5003,5035),(6868,6867,6796),(7657,6795,
6865),(6861,6868,6796),(6796,6774,6861),(6774,6873,6861),(6774,6797,6828),
(6774,6775,6797),(6828,6873,6774),(6920,6923,6992),(6992,6996,6920),(6920,
6996,7017),(6961,6920,7017),(7017,7010,6961),(7657,6960,7009),(7009,7015,
7657),(3785,4220,3782),(3793,3782,4220),(4220,4221,3793),(3782,3788,3785),
(4221,3800,3793),(4221,4122,3827),(4221,4119,4122),(3827,3800,4221),(704,
754,716),(717,753,7709),(756,7709,753),(693,705,704),(709,693,704),(704,
713,709),(704,712,713),(716,712,704),(717,7709,690),(5149,5075,5069),(5075,
5076,5231),(5075,5231,5157),(5157,5069,5075),(5069,4907,5149),(4907,7723,
5149),(5150,7724,7725),(7725,5225,5150),(5389,4907,4908),(5389,7723,4907),
(4908,5328,5389),(7725,7724,5388),(5388,5407,7725),(5328,4908,4916),(4916,
7727,5328),(7727,5014,5328),(7729,7728,4915),(4915,4918,7729),(5012,7728,
7729),(7729,5015,5012),(5008,5016,7731),(7731,5016,7730),(5018,5007,7733),
(7734,5008,4827),(7731,4827,5008),(5324,7730,4919),(7730,5324,7731),(4918,
4910,5391),(5391,5360,4918),(7657,4918,5360),(5383,4919,7656),(4919,5383,
5324),(7733,7735,5018),(5022,5019,7736),(5189,7735,7733),(7733,5111,5189),
(4827,4824,7734),(7711,7734,4824),(5111,7733,7712),(5022,7736,5188),(5022,
5184,5185),(5188,5184,5022),(5185,5041,5022),(5041,5028,5022),(5185,5120,
5041),(3262,3564,3568),(3262,3568,3569),(3569,3519,3262),(3519,3351,3262),
(3262,3351,3316),(3316,3251,3262),(3316,3229,3232),(3232,3251,3316),(489,
464,465),(465,468,493),(465,493,489),(459,462,7657),(493,468,469),(469,
476,493),(1683,395,378),(1684,378,386),(378,1684,1683),(395,1683,1690),
(1690,1687,395),(1687,1530,395),(1775,1684,386),(386,408,1775),(1775,432,
431),(1775,408,432),(431,6986,1775),(1775,6983,1787),(6986,6983,1775),(1787,
1774,1775),(7296,7316,3046),(7296,3046,3066),(3066,3035,7296),(7181,7182,
7301),(7301,7297,7181),(7297,7173,7181),(7297,3075,7173),(7297,7290,3075),
(3035,3075,7290),(7290,7296,3035),(4496,4503,4557),(4557,5349,4537),(4557,
4533,4547),(4537,4533,4557),(4547,4544,4557),(4544,4496,4557),(4537,5349,
5058),(5058,5059,5213),(5213,4537,5058),(5212,5213,5059),(5059,5066,5212),
(6432,6438,6483),(6483,2957,6428),(6428,6424,6483),(6483,6424,6432),(6428,
2957,2960),(6428,2960,2837),(2837,2838,6428),(2946,6428,2838),(2838,2823,
2946),(2823,2831,2946),(6748,2791,2780),(2780,2785,5550),(2780,6815,6818),
(2780,6814,6815),(6818,6768,2780),(5550,6814,2780),(6768,6748,2780),(2785,
5549,5550),(5549,2785,2799),(2808,5849,5569),(2808,5846,5849),(5569,2799,
2808),(5845,5849,5846),(2799,5569,5549),(5846,5841,5845),(4463,4441,4543),
(4543,5298,5336),(5336,4463,4543),(5337,5336,5298),(5298,5297,5337),(5298,
5293,5297),(2627,2605,2610),(2627,2610,2614),(2614,2723,2627),(2624,2707,
2708),(2707,2624,2627),(2708,2646,2624),(2627,2723,2707),(2708,2701,2646),
(2601,2536,2487),(2536,2488,2484),(7616,2488,2536),(2484,2487,2536),(2536,
2498,7616),(2487,2566,2565),(2487,2565,2601),(2498,7612,7616),(7607,2498,
7591),(2498,2509,7591),(7607,7612,2498),(7591,7595,7607),(2722,2733,2761),
(2761,2764,2722),(2722,2764,5503),(2722,5503,5506),(5506,903,2722),(2715,
2722,895),(2722,903,895),(895,900,2715),(2711,2715,900),(900,917,2711),
(917,2691,2711),(7709,2690,916),(2692,2690,7709),(4780,4947,4783),(4947,
5097,5091),(4947,5091,4783),(4783,4786,4780),(5092,5096,7657),(7657,5087,
5092),(7078,2475,7546),(7546,7512,7078),(2428,2475,7078),(7078,7512,7465),
(7285,7164,7170),(7285,7077,7164),(7170,7286,7285),(7285,2439,7077),(7465,
7454,7078),(7078,7081,2428),(7081,7077,2439),(2439,2428,7081),(4571,4570,
4648),(4648,4570,4612),(4648,4655,4571),(5100,4658,4697),(4658,5100,5103),
(4697,4710,5100),(5103,4612,4658),(5103,4808,4612),(4612,4808,4648),(3726,
3589,3619),(3716,3619,3620),(3619,3716,3717),(3717,3726,3619),(3716,3620,
3727),(3727,3648,3716),(3716,3648,3626),(3626,3643,3716),(1563,1589,1569),
(1569,1589,1601),(1569,1562,1563),(1649,1601,1650),(1601,1649,1569),(1650,
1703,1716),(1650,1660,1703),(1716,1722,1650),(1650,1722,1649),(1562,1569,
1572),(1572,1723,1562),(2322,5697,2313),(2208,2250,2322),(2322,2209,2208),
(2313,2209,2322),(4765,5357,4923),(4923,5357,5392),(4923,4760,4765),(5392,
4912,4923),(4923,4768,4760),(2154,2150,2162),(2162,2177,2168),(2162,2168,
2154),(2168,2177,2176),(2176,2173,2168),(2095,2069,2117),(2094,2117,6456),
(2117,2094,2095),(2095,2091,2069),(2094,6456,6459),(6402,2140,2094),(6459,
6402,2094),(1836,1840,4378),(1840,1843,4378),(4393,1839,1836),(1836,4378,
4393),(7657,4376,1842),(1852,1839,4393),(4393,4392,1852),(4393,4388,4392),
(4380,4376,7657),(3952,4096,4092),(4092,3953,3952),(3953,4092,2020),(4080,
4086,4096),(4096,4056,4055),(4096,3952,4056),(4055,4080,4096),(2653,2674,
2013),(2653,2657,2674),(2013,2017,2653),(2017,2016,2653),(2674,2020,2013),
(2020,2674,3953),(5362,4790,5088),(5088,5358,5362),(5360,5087,7657),(4793,
4790,5362),(5362,4789,4793),(5362,4930,4789),(1440,1443,1600),(1443,1444,
1597),(1597,1600,1443),(1600,1555,1440),(1440,1555,1575),(1575,1604,1440),
(1444,1588,1597),(1588,1444,1375),(1375,1389,1588),(6534,6652,6677),(6677,
6705,6701),(6677,6517,6534),(6677,6526,6517),(6526,6677,6701),(6339,6649,
6652),(6652,6534,6339),(6339,6678,6682),(6316,6678,6339),(6682,6672,6339),
(6672,6649,6339),(6339,6322,6316),(6322,6311,6316),(6701,6760,6526),(5278,
5332,5367),(5367,5363,5278),(5363,5281,5278),(5281,5363,5399),(5399,5292,
5281),(5292,5399,5398),(5398,5287,5292),(7712,5286,5396),(5288,5286,7712),
(4972,4960,4845),(4960,4984,4684),(4684,4845,4960),(4845,4844,4972),(7657,
4973,4843),(4683,4684,4984),(4984,4983,4683),(4983,5171,4683),(5171,5174,
4683),(4843,7621,7657),(576,613,612),(576,612,551),(551,534,576),(577,576,
534),(534,543,577),(7712,579,542),(7712,542,539),(1904,1949,1926),(1926,
1927,1932),(1932,1904,1926),(4232,1949,1892),(1949,1904,1892),(1892,1897,
4232),(1977,4232,1897),(1897,1959,1977),(1897,1986,1959),(4419,4424,4486),
(4486,4435,4419),(4435,4438,4419),(4399,4419,4438),(4438,4418,4399),(4438,
4487,4418),(5223,5220,5219),(5252,5223,5219),(5219,5198,5252),(5223,5216,
5220),(5252,5255,5223),(4360,4349,4326),(4326,4312,4298),(4298,4360,4326),
(4360,4286,4292),(4360,4298,4286),(4292,4387,4360),(4292,4291,4363),(4363,
4387,4292),(6288,7437,6259),(7437,7433,7436),(7437,7443,7440),(7436,7443,
7437),(7440,6259,7437),(6259,6292,6288),(6259,6254,6292),(6197,6194,6122),
(6122,6119,6110),(6110,6197,6122),(6107,6110,6119),(6107,6119,6116),(6065,
6066,6107),(6107,6116,6065),(4374,7623,4678),(4508,4678,4848),(4678,4415,
4374),(4678,4508,4415),(4374,4379,7623),(7657,7621,4380),(4848,4851,4508),
(4851,5054,4508),(3487,3488,3511),(3198,3511,3356),(3487,3511,3500),(3511,
3198,3500),(3356,3206,3198),(3500,3507,3487),(3206,3190,3198),(552,559,
661),(552,661,5267),(5267,5277,552),(540,552,5277),(5277,5289,540),(7712,
539,5288),(6747,6744,1883),(1883,1874,6838),(6838,6839,1883),(1883,6839,
6747),(2779,6838,1874),(1874,1856,2779),(2776,2779,1865),(2779,1856,1865),
(1865,4370,2776),(2776,4373,2813),(2776,4370,4373),(2813,2802,2776),(2813,
2809,2805),(2805,2802,2813),(7020,7007,6999),(7020,6999,461),(461,7016,
7020),(7657,7015,459),(7656,5408,5383),(7726,5408,7656),(5226,7726,7656),
(7656,7652,5226),(399,398,485),(485,413,399),(409,413,485),(485,488,409),
(499,6903,416),(416,412,499),(488,499,412),(6903,422,416),(412,409,488),
(5498,2760,5499),(5499,2760,2736),(5499,5495,5498),(2739,2743,5499),(2736,
2739,5499),(2118,2528,2529),(2529,2532,2535),(2535,2118,2529),(2519,2528,
2118),(2514,2519,2865),(2865,2522,2514),(2118,2865,2519),(2865,2867,2522),
(6445,6444,6378),(6385,6378,6444),(6444,6462,6385),(6378,6441,6445),(6385,
6375,6378),(298,2373,2387),(308,2387,2388),(2387,308,298),(2374,297,7701),
(2388,2476,308),(2476,7156,308),(7701,297,306),(7243,7134,7127),(7232,7127,
7123),(7127,7232,7243),(7701,7133,7242),(7701,7202,7133),(7123,7240,7232),
(7240,7123,7126),(7281,7195,7194),(7281,7126,7195),(7194,7215,7281),(7215,
7208,7281),(7281,7208,7212),(7212,7211,7281),(7126,7281,7240),(7701,7242,
7229),(1814,1820,4278),(5502,4278,5487),(1827,1814,4278),(4278,5502,1827),
(5487,5484,5502),(5484,5492,5502),(3329,3473,3563),(3329,3563,3560),(3560,
3276,3329),(3293,3329,3276),(3276,3263,3293),(3276,3248,3263),(4045,3940,
3943),(3943,4163,4045),(4045,4036,3940),(4050,4045,4163),(4163,4020,4050),
(4020,4023,4050),(7679,4048,4022),(3510,3436,3506),(3506,3436,3549),(3492,
3493,3510),(3492,3510,3481),(3501,3481,3510),(3506,3501,3510),(3481,3478,
3492),(3549,3514,3506),(7205,7204,7276),(7274,7202,7701),(7107,7205,7276),
(7107,7276,7191),(7191,7108,7107),(7701,7278,7274),(7108,7191,7186),(7186,
7122,7108),(7122,7098,7108),(2410,2455,2449),(2449,2409,2410),(2449,2413,
2409),(2449,2404,2413),(7701,2402,2448),(2360,2455,2410),(2410,2361,2360),
(2410,2355,2361),(2402,7701,2406),(1666,1680,1679),(1679,1673,1666),(1679,
1778,1673),(1609,1628,1680),(1609,1680,1612),(1680,1666,1612),(1612,1605,
1609),(1673,1778,1794),(1794,1790,1673),(1790,3389,1673),(1695,1711,1766),
(1756,1766,3382),(1766,1756,1696),(1696,1695,1766),(3423,3382,3409),(3382,
3423,1756),(3409,3497,3431),(3431,3423,3409),(1756,3423,3428),(3428,3427,
1756),(7277,307,7289),(7269,7289,7300),(7289,7269,7277),(306,7278,7701),
(7269,7300,7304),(7272,7263,7269),(7304,7272,7269),(6080,6070,6073),(6073,
6091,6080),(6080,6091,6100),(5934,5933,6115),(6115,6080,5934),(6080,7583,
5934),(1326,6115,5933),(5933,5948,1326),(6100,7586,6080),(6080,7586,7583),
(1326,5948,1343),(1343,1323,1326),(1343,1338,1335),(1335,1323,1343),(3366,
1744,3398),(3398,3365,3366),(3398,3397,3365),(1760,1621,1744),(1744,3366,
1760),(1580,1621,1665),(1621,1760,1665),(1665,1581,1580),(3375,3365,3397),
(3397,3401,3375),(3341,3269,6979),(3269,3268,6979),(6979,3338,3341),(6979,
3122,3338),(6979,3268,3312),(6979,3132,3122),(3312,6980,6979),(3312,3541,
6935),(6935,6980,3312),(6935,3541,6962),(6962,6989,6935),(3550,3422,3404),
(3542,3404,3408),(3404,3545,3550),(3404,3546,3545),(3404,3542,3546),(3574,
3408,6946),(3408,3574,3542),(6946,6936,3574),(3574,6942,6890),(6945,6942,
3574),(6890,6885,3574),(3574,6936,6945),(4180,4179,4091),(4091,4179,2032),
(4169,4170,4180),(4091,4095,4180),(4169,4180,4095),(1989,4091,2032),(1989,
2010,4091),(2032,1990,1989),(4095,4166,4169),(1740,1730,1729),(1729,1737,
1740),(1740,1644,1730),(1740,1733,1644),(1638,1644,1733),(1645,1638,1741),
(1741,1704,1645),(1733,1741,1638),(1741,1726,1704),(2318,2310,2266),(2310,
2305,2266),(2267,2314,2318),(2266,2267,2318),(2305,2253,2266),(2253,2305,
2309),(2257,5660,5675),(2257,2309,5660),(5675,5674,2257),(2309,2257,2253),
(1310,1299,6559),(6542,1299,1300),(1299,6542,6559),(6559,6568,1310),(6576,
1310,6568),(1300,6535,6542),(1300,6543,6535),(6543,1300,1314),(6568,6569,
6576),(1314,6505,6543),(1907,1941,1935),(1911,1907,1935),(1935,1940,1911),
(1912,1923,1941),(1941,1907,1912),(1911,1940,2649),(2649,2024,1911),(2649,
2029,2024),(2029,2649,2650),(2650,2660,2029),(3001,2992,2989),(3029,3030,
3001),(3001,2989,2996),(2996,3019,3001),(3029,3001,3019),(1222,1171,1166),
(1222,1167,1171),(1166,3072,1222),(1327,1222,3072),(3019,1332,3029),(3069,
3029,1332),(3072,3069,1327),(1332,1327,3069),(4029,2682,2665),(2665,2670,
933),(933,937,2665),(4029,2665,3909),(3897,3909,2665),(2665,937,3897),(2670,
2666,933),(2666,2693,933),(7709,931,2692),(929,931,7709),(3909,4026,4029),
(727,728,722),(722,739,758),(780,727,722),(722,751,780),(722,750,751),(758,
750,722),(7709,756,738),(738,777,7709),(2553,2557,2581),(2581,2589,1145),
(1145,1150,2581),(1150,2553,2581),(2589,1144,1145),(1141,1144,2589),(2589,
7059,1141),(7059,1140,1141),(7059,6688,1092),(1092,1140,7059),(6688,1085,
1092),(7737,5327,5331),(5331,4835,4829),(5331,4829,7737),(5325,7738,7732),
(7732,5323,5325),(4829,4820,7737),(7732,7738,4819),(4819,4825,7732),(4824,
4838,7711),(7711,4838,4840),(7711,4840,4952),(7739,4951,4802),(7652,4952,
7740),(4952,7652,7711),(5227,5226,7652),(5154,5229,7739),(7652,7740,5227),
(4802,7741,7739),(7739,7741,5154),(7742,4800,4804),(5152,5153,7742),(7742,
4804,5152),(4804,4799,5167),(5167,5152,4804),(5167,4799,5170),(5170,5166,
5167),(5374,4873,4878),(5374,4878,5134),(5374,5134,5191),(5191,5302,5374),
(5373,5374,5203),(5374,5302,5203),(5203,5308,5373),(5372,5307,7712),(7712,
5307,5303),(4414,4514,4715),(4338,4414,4491),(4414,4482,4491),(5133,4414,
4718),(4715,4718,4414),(5133,4522,4414),(4414,4522,4482),(4338,4491,4483),
(4483,4348,4338),(4718,4714,5133),(6233,6237,7378),(7378,7375,7370),(7378,
7371,6233),(7370,7371,7378),(6278,6240,6233),(6233,7371,6278),(6019,1069,
1057),(6024,6025,6019),(1057,6024,6019),(3165,3171,6024),(6024,1066,3165),
(1057,1066,6024),(5811,5803,5815),(5815,5823,5830),(5830,5431,5815),(5431,
5426,5815),(5811,5815,6638),(5430,6638,5815),(5426,5430,5815),(6638,5808,
5811),(2584,5976,5995),(5995,7046,2584),(2570,2598,5976),(5976,2576,2570),
(5976,2584,2576),(2593,2598,2570),(2570,2590,2593),(2570,2571,2590),(7046,
7047,2584),(3823,209,212),(212,224,3823),(7701,210,3822),(226,210,7701),
(3823,224,3809),(3737,3823,3809),(3809,3757,3737),(3737,3757,3736),(3736,
3740,3737),(3856,3910,3901),(3901,3859,3856),(3859,3901,3898),(4007,4008,
3910),(3910,3856,4001),(4001,4007,3910),(3898,3847,3859),(3898,930,3847),
(7709,3848,929),(3557,3450,3445),(3553,3445,3451),(3445,3553,3554),(3554,
3557,3445),(3451,3292,3553),(3292,3451,3189),(3189,3288,3292),(3288,3189,
3137),(3137,3140,3288),(3288,3146,3145),(3140,3146,3288),(3145,3241,3288),
(3347,3285,3220),(3333,3220,3221),(3220,3342,3347),(3333,3342,3220),(3221,
3257,3333),(3254,3257,3221),(3254,3221,3213),(3213,3215,3254),(2187,2205,
5704),(2190,5704,5705),(2184,2187,5704),(5704,2190,2184),(5705,5708,2190),
(5708,5709,2190),(2038,2041,2087),(2110,2087,2090),(2038,2087,2141),(2087,
2110,2141),(2090,2100,2110),(2141,2055,2038),(2126,2110,2100),(2126,2109,
2110),(2100,2099,2126),(812,802,875),(875,876,812),(876,2258,812),(820,
812,2221),(812,2220,2221),(2258,2220,812),(2221,2262,820),(7709,818,2261),
(2261,2232,7709),(5980,6004,7620),(7620,6004,6001),(7620,5985,5980),(7055,
7062,7042),(7062,7055,7058),(7042,7036,7055),(7036,7039,7055),(7058,6001,
7062),(6001,7058,6009),(6001,6010,7620),(6009,6010,6001),(1001,1025,2181),
(994,1001,2161),(2181,2161,1001),(1025,2180,2181),(2180,1025,6607),(2161,
2165,994),(2161,2149,2165),(6607,6610,2180),(5649,5652,5679),(5649,5679,
5684),(5684,5692,5649),(5659,5649,5692),(5678,5659,5692),(5692,5693,5678),
(3976,3964,7743),(7688,7744,3963),(3963,3969,7688),(7743,3973,3976),(3982,
3973,7745),(7743,7745,3973),(7748,4067,3982),(3982,7751,7748),(7745,7751,
3982),(7754,4067,7756),(7756,4067,7748),(4068,7755,7758),(7758,4072,4068),
(7756,7760,7754),(7761,7757,7763),(7748,7765,7756),(7763,7757,7767),(7758,
7755,7762),(7763,7768,7761),(7762,7770,7771),(7771,7773,7762),(7762,7773,
7758),(7766,7750,7696),(7749,7753,7685),(7685,7697,7749),(7767,7775,7763),
(7779,7776,7766),(7766,7780,7779),(7696,7780,7766),(7746,7744,7688),(7752,
7747,7690),(7688,7691,7746),(7690,7686,7752),(7764,7777,7778),(7772,7769,
7764),(7782,7785,7764),(7764,7778,7782),(7764,7785,7772),(7788,7785,7782),
(7782,7790,7788),(7793,7791,7784),(7783,7779,7780),(7780,7796,7783),(7784,
7798,7793),(7771,7787,7799),(7800,7786,7789),(7799,7773,7771),(7803,7789,
7792),(7792,7795,7803),(7789,7803,7800),(7709,7773,7799),(7774,7710,7797),
(7799,7804,7709),(7709,7804,4189),(4138,7806,7710),(7710,7711,4138),(7710,
7806,7797),(4189,4195,7709),(7712,7709,777),(2232,690,7709),(7709,4195,
4196),(7781,7759,7774),(7797,7781,7774),(7805,7801,7802),(7695,4073,7759),
(7759,7781,7695),(7802,4190,7805),(3971,3968,7652),(7652,3968,4005),(7711,
4005,3993),(4005,7711,7652),(3993,3999,7711),(3999,4138,7711),(4134,7807,
4137),(7793,7798,7808),(4134,7809,7807),(7810,4136,4154),(7808,7811,7793),
(7794,7810,4190),(4190,7802,7794),(4191,7810,4154),(4191,4190,7810),(4154,
4153,4191),(3763,3702,3831),(3837,3831,4210),(3760,3763,3831),(3831,3837,
3760),(3837,4210,4207),(4207,4176,3837),(3747,3756,4257),(3747,4257,3778),
(3778,3777,3747),(3743,3747,3777),(3777,3748,3743),(3777,3797,3748),(4239,
4243,4254),(4254,4258,4239),(4224,4239,4258),(4258,4233,4224),(4233,4228,
4224),(4233,4115,4225),(4233,4109,4115),(4225,4228,4233),(6493,6502,1296),
(1313,6489,6493),(6493,1296,1281),(1281,1288,6493),(6493,1288,1313),(6419,
6489,1313),(6419,1313,6429),(6429,6415,6419),(2934,2889,2886),(2886,2954,
2934),(2934,2881,2889),(2950,2934,2954),(2954,6369,2950),(6474,2950,6369),
(2954,6366,6369),(6369,6453,6474),(1255,7228,7231),(7231,7282,1256),(7231,
1256,1255),(7701,7229,1254),(7282,1259,1246),(1246,1256,7282),(1265,1260,
1269),(1259,1260,1265),(1269,1181,1265),(1181,1172,1265),(1265,1246,1259),
(1265,1172,1178),(1178,1227,1265),(1254,1272,7701),(227,1270,1243),(227,
1243,1236),(7701,1272,226),(1236,206,205),(4253,206,1236),(205,231,1236),
(1236,1240,4253),(1236,228,227),(1236,231,228),(1264,4266,4262),(282,4266,
1264),(4262,1240,1264),(1264,288,282),(4262,4263,1240),(288,279,282),(1240,
4263,4253),(2440,2414,2401),(2462,2401,2405),(2401,2462,2440),(2440,2384,
2414),(2417,2414,2384),(2405,2461,2462),(7701,2460,2406),(2384,2378,2417),
(2460,7701,7812),(2460,7814,7630),(7817,7814,2460),(2460,7820,7817),(7812,
7820,2460),(3325,3322,3334),(3334,3337,3226),(3226,3325,3334),(3177,3226,
3337),(3177,3337,3183),(3183,3174,3177),(5113,5112,5305),(7712,5303,5111),
(5127,5108,5113),(5305,5127,5113),(4607,4575,4639),(4623,4606,4607),(4623,
4607,5044),(4639,5044,4607),(5044,5130,4623),(7574,7569,948),(7569,7582,
982),(982,948,7569),(947,7570,7574),(948,944,7574),(7574,944,947),(7582,
986,981),(981,982,7582),(2237,2241,5643),(742,5643,5624),(5643,742,771),
(771,2237,5643),(776,5624,5627),(5624,776,742),(5627,5614,776),(777,5612,
7712),(3694,3713,3751),(3804,3751,4162),(3695,3694,3751),(3751,3804,3695),
(4162,3805,3804),(4162,4108,3805),(3695,3698,3694),(2961,2842,2841),(2961,
2841,2853),(2853,6343,2961),(6449,2961,6343),(6343,6448,6449),(6343,6361,
6448),(2880,2054,2044),(2044,2075,2880),(2075,2086,2880),(2945,2926,2876),
(2945,2942,2926),(2876,2871,2945),(2935,2945,2871),(2871,2875,2935),(2086,
2935,2875),(2875,2880,2086),(2971,2979,3011),(3011,2988,2971),(3018,2988,
3011),(3011,6306,3018),(6033,3018,6306),(6306,6307,6033),(2224,2225,2263),
(2263,2234,2224),(2233,2224,2234),(2234,688,2233),(688,689,2233),(4199,
4198,4194),(4199,4194,4147),(4147,4148,4199),(7430,7423,7429),(7430,7429,
7520),(7520,6298,7430),(6295,7430,6298),(6298,6301,6295),(5511,6126,6125),
(6125,5512,5511),(6146,5512,6125),(6125,6130,6146),(6134,6133,6146),(6146,
6130,6134),(190,186,6204),(6186,186,6143),(6186,6204,186),(6204,6207,187),
(6204,187,190),(6143,6179,6186),(6179,6143,6142),(6179,6142,6178),(6178,
6151,6179),(6151,6160,6179),(6172,6163,6187),(6187,6191,6172),(6172,6173,
6163),(7652,7823,7668),(7653,7823,7652),(7826,7666,7670),(7669,7825,7828),
(7828,7832,7669),(7670,7833,7834),(7670,7836,7826),(7839,7836,7670),(7834,
7842,7670),(7670,7844,7839),(7842,7844,7670),(7654,7667,7847),(7829,7824,
7655),(7847,7851,7654),(7655,7852,7829),(7853,7848,7666),(7666,7855,7853),
(7666,7857,7855),(7666,7826,7860),(7860,7862,7666),(7666,7862,7866),(7866,
7857,7666),(7850,7849,7831),(7833,7848,7868),(7853,7870,7848),(7848,7870,
7874),(7874,7876,7848),(7876,7868,7848),(7831,7830,7850),(7833,7879,7834),
(7868,7882,7833),(7833,7884,7888),(7882,7884,7833),(7888,7879,7833),(7702,
7705,7885),(7813,7702,7883),(7885,7883,7702),(7704,7700,7887),(7699,7708,
7880),(7880,7889,7699),(7887,7886,7704),(7707,7714,7835),(7835,7881,7707),
(7714,7716,7843),(7716,7719,7845),(7845,7843,7716),(7843,7835,7714),(7718,
7722,7840),(7840,7846,7718),(7721,7681,7837),(7680,7683,7827),(7827,7838,
7680),(7837,7841,7721),(7856,7633,7631),(7631,7816,7871),(7631,7854,7856),
(7871,7854,7631),(7827,7683,7629),(7637,7636,7858),(7635,7633,7856),(7856,
7859,7635),(7641,7639,7865),(7858,7867,7637),(7629,7642,7863),(7629,7861,
7827),(7863,7861,7629),(7865,7864,7641),(7815,7819,7873),(7873,7872,7815),
(7818,7822,7877),(7821,7813,7869),(7869,7878,7821),(7877,7875,7818),(7883,
7869,7813)),());
#28=COORDINATES_LIST('',3349,((-0.0171508636474609,-0.00966541385650635,
-0.0966065826416016),(-0.0171508636474609,-0.00966541385650635,-0.0875100021362305),
(-0.0171508636474609,-0.00765438413619995,-0.0975100021362305),(-0.0171508636474609,
-0.00765438413619995,-0.0966065826416016),(-0.0171508636474609,-0.00614041423797607,
-0.0875100021362305),(-0.0171508636474609,0.000716015994548798,-0.0975100021362305),
(-0.0171508636474609,0.000716015994548798,-0.0966065826416016),(-0.0171508636474609,
0.00162441098690033,-0.0975100021362305),(-0.0171508636474609,0.00162441098690033,
-0.0966065826416016),(-0.0171508636474609,0.00317962908744812,-0.0975100021362305),
(-0.0171508636474609,0.00317962908744812,-0.0966065826416016),(-0.0171508636474609,
0.00536238098144531,-0.0975100021362305),(-0.0171508636474609,0.00536238098144531,
-0.0966065826416016),(-0.0171508636474609,0.0070268349647522,-0.0975100021362305),
(-0.0171508636474609,0.0070268349647522,-0.0966065826416016),(-0.0171508636474609,
0.01149476146698,-0.0975100021362305),(-0.0171508636474609,0.01149476146698,
-0.0966065826416016),(-0.0171508636474609,0.0131248893737793,-0.0975100021362305),
(-0.0171508636474609,0.0131248893737793,-0.0966065826416016),(-0.0171508636474609,
0.0162815971374512,-0.0975100021362305),(-0.0171508636474609,0.0162815971374512,
-0.0966065826416016),(-0.0171508636474609,0.0179890384674072,-0.0975100021362305),
(-0.0171508636474609,0.0179890384674072,-0.0966065826416016),(-0.0171508636474609,
0.0206889457702637,-0.0975100021362305),(-0.0171508636474609,0.0206889457702637,
-0.0966065826416016),(-0.0171508636474609,0.0225033016204834,-0.0975100021362305),
(-0.0171508636474609,0.0225033016204834,-0.0966065826416016),(-0.0171508636474609,
0.0247247161865235,-0.0975100021362305),(-0.0171508636474609,0.0247247161865235,
-0.0966065826416016),(-0.0171508636474609,0.0265398330688476,-0.0975100021362305),
(-0.0171508636474609,0.0265398330688476,-0.0966065826416016),(-0.0171508636474609,
0.0276228675842285,-0.0975100021362305),(-0.0171508636474609,0.0276228675842285,
-0.0966065826416016),(-0.0171508636474609,0.0317587471008301,-0.0975100021362305),
(-0.0171508636474609,0.0317587471008301,-0.0966065826416016),(-0.0171508636474609,
0.0322519912719727,-0.0975100021362305),(-0.0171508636474609,0.0322519912719727,
-0.0966065826416016),(-0.0171508636474609,0.0347759284973145,-0.0975100021362305),
(-0.0171508636474609,0.0364304084777832,-0.0975100021362305),(-0.0171508636474609,
0.0364304084777832,-0.0966065826416016),(-0.0171508636474609,0.038983657836914,
-0.0975100021362305),(-0.0171508636474609,0.038983657836914,-0.0966065826416016),
(-0.0171508636474609,0.0421389808654785,-0.0975100021362305),(-0.0171508636474609,
0.0421389808654785,-0.0966065826416016),(-0.0171508636474609,0.0434574813842774,
-0.0975100021362305),(-0.0171508636474609,0.0434574813842774,-0.0966065826416016),
(-0.0171508636474609,0.0464703636169434,-0.0975100021362305),(-0.0171508636474609,
0.0464703636169434,-0.0966065826416016),(-0.0171508636474609,0.0479573402404785,
-0.0975100021362305),(-0.0171508636474609,0.0479573402404785,-0.0966065826416016),
(-0.0171508636474609,0.0496289520263672,-0.0975100021362305),(-0.0171508636474609,
0.0496289520263672,-0.0966065826416016),(-0.0171508636474609,0.0508801803588867,
-0.0975100021362305),(-0.0171508636474609,0.0508801803588867,-0.0966065826416016),
(-0.0171508636474609,0.052489070892334,-0.0975100021362305),(-0.0171508636474609,
0.052489070892334,-0.0966065826416016),(-0.0171508636474609,0.0546494483947754,
-0.0975100021362305),(-0.0171508636474609,0.0546494483947754,-0.0966065826416016),
(-0.0171508636474609,0.0563674736022949,-0.0975100021362305),(-0.0171508636474609,
0.0563674736022949,-0.0966065826416016),(-0.0171508636474609,0.0593470878601074,
-0.0975100021362305),(-0.0171508636474609,0.0593470878601074,-0.0966065826416016),
(-0.0171508636474609,0.0628542938232422,-0.0975100021362305),(-0.0171508636474609,
0.0628542938232422,-0.0966065826416016),(-0.0171508636474609,0.0681830978393555,
-0.0975100021362305),(-0.0171508636474609,0.0681830978393555,-0.0966065826416016),
(-0.0171508636474609,0.0685210800170898,-0.0975100021362305),(-0.0171508636474609,
0.0730810165405273,-0.0975100021362305),(-0.0171508636474609,0.0767228622436524,
-0.0975100021362305),(-0.0171508636474609,0.0767228622436524,-0.0966065826416016),
(-0.0171508636474609,0.0800741424560547,-0.0975100021362305),(-0.0171508636474609,
0.0800741424560547,-0.0966065826416016),(-0.0171508636474609,0.0834113006591797,
-0.0975100021362305),(-0.0171508636474609,0.0834113006591797,-0.0966065826416016),
(-0.0171508636474609,0.0850304336547852,-0.0975100021362305),(-0.0171508636474609,
0.0850304336547852,-0.0966065826416016),(-0.0171508636474609,0.0874686126708984,
-0.0975100021362305),(-0.0171508636474609,0.0874686126708984,-0.0966065826416016),
(-0.0171508636474609,0.0889278335571289,-0.0975100021362305),(-0.0171508636474609,
0.0889278335571289,-0.0966065826416016),(-0.0171508636474609,0.0901098022460937,
-0.0975100021362305),(-0.0171508636474609,0.0901098022460937,-0.0966065826416016),
(-0.0171508636474609,0.091462287902832,-0.0966065826416016),(-0.0171508636474609,
0.091462287902832,-0.0875100021362305),(-0.0171093616485595,0.0685271759033203,
-0.0975100021362305),(-0.017089054107666,-0.0104251432418823,-0.0975100021362305),
(-0.017089054107666,-0.0104251432418823,-0.0966065826416016),(-0.0170102157592773,
0.0926034774780273,-0.0975100021362305),(-0.0170102157592773,0.0926034774780273,
-0.0966065826416016),(-0.0167930965423584,-0.0114640245437622,-0.0975100021362305),
(-0.0167930965423584,-0.0114640245437622,-0.0875100021362305),(-0.0167930965423584,
0.0932608947753906,-0.0975100021362305),(-0.0167930965423584,0.0932608947753906,
-0.0875100021362305),(-0.0167468547821045,0.0297457885742187,-0.0975100021362305),
(-0.0167468547821045,0.0297457885742187,-0.0966065826416016),(-0.0166732292175293,
0.0323349990844727,-0.0975100021362305),(-0.0166732292175293,0.0323349990844727,
-0.0966065826416016),(-0.0166254978179932,0.044136100769043,-0.0975100021362305),
(-0.0166254978179932,0.044136100769043,-0.0966065826416016),(-0.016584976196289,
0.0466777801513672,-0.0975100021362305),(-0.016584976196289,0.0466777801513672,
-0.0966065826416016),(-0.0165513935089112,0.0879597854614258,-0.0975100021362305),
(-0.0165513935089112,0.0879597854614258,-0.0966065826416016),(-0.0165461292266845,
0.0937685394287109,-0.0975100021362305),(-0.0165461292266845,0.0937685394287109,
-0.0966065826416016),(-0.0165316734313965,0.0886626968383789,-0.0975100021362305),
(-0.0165316734313965,0.0886626968383789,-0.0966065826416016),(-0.0164498157501221,
-0.00460647487640381,-0.0975100021362305),(-0.0164498157501221,-0.00460647487640381,
-0.0966065826416016),(-0.0163964462280273,0.0637758941650391,-0.0975100021362305),
(-0.0163964462280273,0.0637758941650391,-0.0966065826416016),(-0.0163873958587646,
0.0524068336486816,-0.0975100021362305),(-0.0163873958587646,0.0524068336486816,
-0.0966065826416016),(-0.0163838005065918,0.0857098922729492,-0.0975100021362305),
(-0.0163838005065918,0.0857098922729492,-0.0966065826416016),(-0.0163291149139404,
0.0848071060180664,-0.0975100021362305),(-0.0163291149139404,0.0848071060180664,
-0.0966065826416016),(-0.0163203983306885,0.0731215057373047,-0.0975100021362305),
(-0.016309986114502,0.0329829292297363,-0.0975100021362305),(-0.016309986114502,
0.0329829292297363,-0.0966065826416016),(-0.0162880878448486,0.0611045951843262,
-0.0975100021362305),(-0.0162880878448486,0.0611045951843262,-0.0966065826416016),
(-0.0161202716827392,-0.00548767995834351,-0.0975100021362305),(-0.0161202716827392,
-0.00548767995834351,-0.0966065826416016),(-0.0160808639526367,0.0437389678955078,
-0.0975100021362305),(-0.0160808639526367,0.0437389678955078,-0.0966065826416016),
(-0.0160806045532227,0.0447995529174805,-0.0975100021362305),(-0.0160806045532227,
0.0447995529174805,-0.0966065826416016),(-0.0160801086425781,0.0348347282409668,
-0.0975100021362305),(-0.0160150470733642,0.0468732833862305,-0.0975100021362305),
(-0.0160150470733642,0.0468732833862305,-0.0966065826416016),(-0.0160148754119873,
0.0896152648925781,-0.0975100021362305),(-0.0160148754119873,0.0896152648925781,
-0.0966065826416016),(-0.0159296684265137,0.0883629150390625,-0.0975100021362305),
(-0.0159296684265137,0.0883629150390625,-0.0966065826416016),(-0.01580832862854,
0.0450158424377441,-0.0975100021362305),(-0.01580832862854,0.0450158424377441,
-0.0966065826416016),(-0.0157815227508545,0.0307964115142822,-0.0975100021362305),
(-0.0157815227508545,0.0307964115142822,-0.0966065826416016),(-0.0157742652893067,
-0.0129888153076172,-0.0975100021362305),(-0.0157742652893067,-0.0129888153076172,
-0.0875100021362305),(-0.0157742652893067,0.0947856903076172,-0.0966065826416016),
(-0.0157742652893067,0.0947856903076172,-0.0875100021362305),(-0.0156967754364014,
0.0477242050170898,-0.0975100021362305),(-0.0156967754364014,0.0477242050170898,
-0.0966065826416016),(-0.0156759643554687,0.0809985656738281,-0.0975100021362305),
(-0.0156759643554687,0.0809985656738281,-0.0966065826416016),(-0.015630431175232,
0.0646886520385742,-0.0975100021362305),(-0.015630431175232,0.0646886520385742,
-0.0966065826416016),(-0.0156261348724365,0.0523296890258789,-0.0975100021362305),
(-0.0156261348724365,0.0523296890258789,-0.0966065826416016),(-0.0156196203231811,
-0.0109786329269409,-0.0975100021362305),(-0.0156196203231811,-0.0109786329269409,
-0.0966065826416016),(-0.0155059680938721,-0.00161911296844483,-0.0975100021362305),
(-0.0155059680938721,-0.00161911296844483,-0.0966065826416016),(-0.0154818515777588,
0.0861885604858399,-0.0975100021362305),(-0.0154818515777588,0.0861885604858399,
-0.0966065826416016),(-0.015419979095459,0.0951056823730469,-0.0975100021362305),
(-0.015419979095459,0.0951056823730469,-0.0966065826416016),(-0.0154000463485718,
0.0835705947875977,-0.0975100021362305),(-0.0154000463485718,0.0835705947875977,
-0.0966065826416016),(-0.0153560552597046,0.0623320007324219,-0.0975100021362305),
(-0.0153560552597046,0.0623320007324219,-0.0966065826416016),(-0.0153371152877808,
0.0768576202392578,-0.0975100021362305),(-0.0153371152877808,0.0768576202392578,
-0.0966065826416016),(-0.0153285779953003,-0.0012868959903717,-0.0975100021362305),
(-0.0153285779953003,-0.0012868959903717,-0.0966065826416016),(-0.0153099012374878,
0.0918619003295899,-0.0975100021362305),(-0.0153099012374878,0.0918619003295899,
-0.0966065826416016),(-0.0152339181900024,0.042393871307373,-0.0975100021362305),
(-0.0152339181900024,0.042393871307373,-0.0966065826416016),(-0.0152282514572144,
0.0019879139661789,-0.0975100021362305),(-0.0152282514572144,0.0019879139661789,
-0.0966065826416016),(-0.0152005376815796,0.0452078399658203,-0.0975100021362305),
(-0.0152005376815796,0.0452078399658203,-0.0966065826416016),(-0.0151869659423828,
0.00146254396438599,-0.0975100021362305),(-0.0151869659423828,0.00146254396438599,
-0.0966065826416016),(-0.0150998878479004,0.0471681747436523,-0.0975100021362305),
(-0.0150998878479004,0.0471681747436523,-0.0966065826416016),(-0.0149334115982056,
0.0452881164550781,-0.0975100021362305),(-0.0149334115982056,0.0452881164550781,
-0.0966065826416016),(-0.0148548259735107,0.0891834259033203,-0.0975100021362305),
(-0.0148548259735107,0.0891834259033203,-0.0966065826416016),(-0.0148388776779175,
0.0929668273925781,-0.0975100021362305),(-0.0148388776779175,0.0929668273925781,
-0.0966065826416016),(-0.0148087759017944,-0.00939826393127441,-0.0975100021362305),
(-0.0148087759017944,-0.00939826393127441,-0.0966065826416016),(-0.0147949371337891,
-0.000867065012454987,-0.0975100021362305),(-0.0147949371337891,-0.000867065012454987,
-0.0966065826416016),(-0.0147196731567383,-0.00534194421768189,-0.0975100021362305),
(-0.0147196731567383,-0.00534194421768189,-0.0966065826416016),(-0.0146013259887695,
0.0315753097534179,-0.0975100021362305),(-0.0146013259887695,0.0315753097534179,
-0.0966065826416016),(-0.0145467176437378,-0.000704491972923279,-0.0975100021362305),
(-0.0145467176437378,-0.000704491972923279,-0.0966065826416016),(-0.0143894071578979,
0.0635338363647461,-0.0975100021362305),(-0.0143894071578979,0.0635338363647461,
-0.0966065826416016),(-0.0143371543884277,-0.0119449520111084,-0.0975100021362305),
(-0.0143371543884277,-0.0119449520111084,-0.0966065826416016),(-0.0143322973251343,
0.0416012191772461,-0.0975100021362305),(-0.0143322973251343,0.0416012191772461,
-0.0966065826416016),(-0.0142727537155151,-0.013997932434082,-0.0975100021362305),
(-0.0142727537155151,-0.013997932434082,-0.0966065826416016),(-0.0142494745254517,
-0.0140076484680176,-0.0966065826416016),(-0.0142494745254517,-0.0140076484680176,
-0.0875100021362305),(-0.0142494745254517,0.0958045196533203,-0.0975100021362305),
(-0.0142494745254517,0.0958045196533203,-0.0875100021362305),(-0.0142322340011597,
0.0475675315856934,-0.0975100021362305),(-0.0142322340011597,0.0475675315856934,
-0.0966065826416016),(-0.0141070623397827,0.0958608093261719,-0.0975100021362305),
(-0.0141070623397827,0.0958608093261719,-0.0966065826416016),(-0.0140363044738769,
0.0896529388427734,-0.0975100021362305),(-0.0140363044738769,0.0896529388427734,
-0.0966065826416016),(-0.0140027132034302,-0.00781467199325562,-0.0975100021362305),
(-0.0140027132034302,-0.00781467199325562,-0.0966065826416016),(-0.0139428539276123,
-0.0109736232757568,-0.0975100021362305),(-0.0139428539276123,-0.0109736232757568,
-0.0966065826416016),(-0.0138126926422119,0.0668907241821289,-0.0975100021362305),
(-0.0138126926422119,0.0668907241821289,-0.0966065826416016),(-0.0137449169158936,
0.0850958404541016,-0.0975100021362305),(-0.0137449169158936,0.0850958404541016,
-0.0966065826416016),(-0.0137231197357178,0.0592860717773438,-0.0975100021362305),
(-0.0137231197357178,0.0592860717773438,-0.0966065826416016),(-0.0136958694458008,
-0.0112222461700439,-0.0975100021362305),(-0.0136958694458008,-0.0112222461700439,
-0.0966065826416016),(-0.0136371383666992,-0.00685387897491455,-0.0975100021362305),
(-0.0136371383666992,-0.00685387897491455,-0.0966065826416016),(-0.0136181421279907,
0.0685482025146484,-0.0975100021362305),(-0.0136007328033447,0.0911415252685547,
-0.0975100021362305),(-0.0136007328033447,0.0911415252685547,-0.0966065826416016),
(-0.0135587291717529,-0.00971242141723633,-0.0975100021362305),(-0.0135587291717529,
-0.00971242141723633,-0.0875100021362305),(-0.0135587291717529,-0.00901840591430664,
-0.0975100021362305),(-0.0135587291717529,-0.00901840591430664,-0.0875100021362305),
(-0.0135587291717529,0.0907750778198242,-0.0966065826416016),(-0.0135587291717529,
0.0907750778198242,-0.0875100021362305),(-0.0135587291717529,0.0914690933227539,
-0.0975100021362305),(-0.0135587291717529,0.0914690933227539,-0.0875100021362305),
(-0.0135230293273926,0.0399145851135254,-0.0975100021362305),(-0.0135230293273926,
0.0399145851135254,-0.0966065826416016),(-0.0135121717453003,-0.0142440185546875,
-0.0975100021362305),(-0.0135121717453003,-0.0142440185546875,-0.0966065826416016),
(-0.0134382133483887,-0.0100326700210571,-0.0975100021362305),(-0.0134382133483887,
-0.0100326700210571,-0.0966065826416016),(-0.0134107522964478,-0.00584807682037354,
-0.0975100021362305),(-0.0134107522964478,-0.00584807682037354,-0.0966065826416016),
(-0.0133275918960571,0.0868954238891602,-0.0975100021362305),(-0.0133275918960571,
0.0868954238891602,-0.0966065826416016),(-0.0133166427612305,0.00240402793884278,
-0.0975100021362305),(-0.0133166427612305,0.00240402793884278,-0.0966065826416016),
(-0.0132541284561157,0.00397144198417663,-0.0975100021362305),(-0.0132541284561157,
0.00397144198417663,-0.0966065826416016),(-0.0132455472946167,0.0901712112426758,
-0.0975100021362305),(-0.0132455472946167,0.0901712112426758,-0.0966065826416016),
(-0.0132362041473389,-0.010326940536499,-0.0966065826416016),(-0.0132362041473389,
-0.010326940536499,-0.0875100021362305),(-0.0132362041473389,-0.00840388584136963,
-0.0975100021362305),(-0.0132362041473389,-0.00840388584136963,-0.0875100021362305),
(-0.0132362041473389,0.0901605606079102,-0.0975100021362305),(-0.0132362041473389,
0.0901605606079102,-0.0875100021362305),(-0.0132362041473389,0.092083610534668,
-0.0975100021362305),(-0.0132362041473389,0.092083610534668,-0.0875100021362305),
(-0.0131084756851196,0.0922108917236328,-0.0975100021362305),(-0.0131084756851196,
0.0922108917236328,-0.0966065826416016),(-0.0130723628997803,0.0489695816040039,
-0.0975100021362305),(-0.0130723628997803,0.0489695816040039,-0.0966065826416016),
(-0.0130631294250488,-0.0104924764633179,-0.0975100021362305),(-0.0130631294250488,
-0.0104924764633179,-0.0966065826416016),(-0.0130328054428101,0.0872772445678711,
-0.0975100021362305),(-0.0130328054428101,0.0872772445678711,-0.0966065826416016),
(-0.0129781818389893,0.0455966415405274,-0.0975100021362305),(-0.0129781818389893,
0.0455966415405274,-0.0966065826416016),(-0.0129763765335083,0.0296028709411621,
-0.0975100021362305),(-0.0129763765335083,0.0296028709411621,-0.0966065826416016),
(-0.0129535627365112,0.0864318695068359,-0.0975100021362305),(-0.0129535627365112,
0.0864318695068359,-0.0966065826416016),(-0.0129379005432129,0.0679027862548828,
-0.0975100021362305),(-0.0129379005432129,0.0679027862548828,-0.0966065826416016),
(-0.0129305553436279,0.0785523223876953,-0.0975100021362305),(-0.0129305553436279,
0.0785523223876953,-0.0966065826416016),(-0.0128229494094849,0.0362863235473633,
-0.0975100021362305),(-0.0128229494094849,0.0362863235473633,-0.0966065826416016),
(-0.0128054857254028,3.46609987318516E-5,-0.0975100021362305),(-0.0128054857254028,
3.46609987318516E-5,-0.0966065826416016),(-0.0127669258117676,-0.0122950935363769,
-0.0975100021362305),(-0.0127669258117676,-0.0122950935363769,-0.0966065826416016),
(-0.0127662620544434,0.0654533081054688,-0.0975100021362305),(-0.0127662620544434,
0.0654533081054688,-0.0966065826416016),(-0.0126650409698486,-0.0107211875915527,
-0.0975100021362305),(-0.0126650409698486,-0.0107211875915527,-0.0875100021362305),
(-0.0126650409698486,-0.00800963878631592,-0.0975100021362305),(-0.0126650409698486,
-0.00800963878631592,-0.0875100021362305),(-0.0126650409698486,0.0897663116455078,
-0.0975100021362305),(-0.0126650409698486,0.0897663116455078,-0.0875100021362305),
(-0.0126650409698486,0.0924778594970703,-0.0966065826416016),(-0.0126650409698486,
0.0924778594970703,-0.0875100021362305),(-0.0125533895492554,0.0402628593444824,
-0.0975100021362305),(-0.0125533895492554,0.0402628593444824,-0.0966065826416016),
(-0.012498233795166,0.0459501075744629,-0.0975100021362305),(-0.012498233795166,
0.0459501075744629,-0.0966065826416016),(-0.0124508638381958,-0.0143654136657715,
-0.0975100021362305),(-0.0124508638381958,-0.0143654136657715,-0.0875100021362305),
(-0.0124508638381958,0.0961622848510742,-0.0966065826416016),(-0.0124508638381958,
0.0961622848510742,-0.0875100021362305),(-0.0124508638381958,0.0961623382568359,
-0.0966065826416016),(-0.0124508638381958,0.0961623382568359,-0.0875100021362305),
(-0.0124061765670776,0.0876631698608398,-0.0975100021362305),(-0.0124061765670776,
0.0876631698608398,-0.0966065826416016),(-0.0123871049880981,-0.00226536989212036,
-0.0975100021362305),(-0.0123871049880981,-0.00226536989212036,-0.0966065826416016),
(-0.0123102874755859,0.0936934432983398,-0.0975100021362305),(-0.0123102874755859,
0.0936934432983398,-0.0966065826416016),(-0.0121849737167358,0.0877758102416992,
-0.0975100021362305),(-0.0121849737167358,0.0877758102416992,-0.0966065826416016),
(-0.0120985240936279,-0.0127579689025879,-0.0975100021362305),(-0.0120985240936279,
-0.0127579689025879,-0.0966065826416016),(-0.0120975170135498,0.0689389572143555,
-0.0975100021362305),(-0.0120975170135498,0.0689389572143555,-0.0966065826416016),
(-0.0119760856628418,-0.0108048419952393,-0.0975100021362305),(-0.0119760856628418,
-0.0108048419952393,-0.0875100021362305),(-0.0119760856628418,-0.00792598581314087,
-0.0975100021362305),(-0.0119760856628418,-0.00792598581314087,-0.0875100021362305),
(-0.0119760856628418,0.0896826553344727,-0.0975100021362305),(-0.0119760856628418,
0.0896826553344727,-0.0875100021362305),(-0.0119760856628418,0.0925615158081055,
-0.0966065826416016),(-0.0119760856628418,0.0925615158081055,-0.0875100021362305),
(-0.011970645904541,0.000678389012813568,-0.0975100021362305),(-0.011970645904541,
0.000678389012813568,-0.0966065826416016),(-0.011925271987915,0.076244758605957,
-0.0975100021362305),(-0.011925271987915,0.076244758605957,-0.0966065826416016),
(-0.0119184455871582,0.0850466384887695,-0.0975100021362305),(-0.0119184455871582,
0.0850466384887695,-0.0966065826416016),(-0.0119055690765381,-0.00793631219863892,
-0.0975100021362305),(-0.0119055690765381,-0.00793631219863892,-0.0966065826416016),
(-0.0118862733840942,0.0665335540771484,-0.0975100021362305),(-0.0118862733840942,
0.0665335540771484,-0.0966065826416016),(-0.0118855981826782,0.0347973442077637,
-0.0975100021362305),(-0.0118855981826782,0.0347973442077637,-0.0966065826416016),
(-0.011878303527832,0.0610566024780274,-0.0975100021362305),(-0.011878303527832,
0.0610566024780274,-0.0966065826416016),(-0.0118752908706665,0.0961623382568359,
-0.0975100021362305),(-0.0118752908706665,0.0961623382568359,-0.0966065826416016),
(-0.0118452997207642,0.069989616394043,-0.0975100021362305),(-0.0118452997207642,
0.069989616394043,-0.0966065826416016),(-0.0116519184112549,0.0710531616210938,
-0.0975100021362305),(-0.0116519184112549,0.0710531616210938,-0.0966065826416016),
(-0.0116349573135376,0.0320954399108887,-0.0975100021362305),(-0.0116349573135376,
0.0320954399108887,-0.0966065826416016),(-0.0116035690307617,-0.0143654136657715,
-0.0975100021362305),(-0.0116035690307617,-0.0143654136657715,-0.0966065826416016),
(-0.0114127140045166,0.0462630577087402,-0.0975100021362305),(-0.0114127140045166,
0.0462630577087402,-0.0966065826416016),(-0.011327169418335,-0.0105587406158447,
-0.0975100021362305),(-0.011327169418335,-0.0105587406158447,-0.0875100021362305),
(-0.011327169418335,-0.00817208576202393,-0.0966065826416016),(-0.011327169418335,
-0.00817208576202393,-0.0875100021362305),(-0.011327169418335,0.0899287567138672,
-0.0975100021362305),(-0.011327169418335,0.0899287567138672,-0.0875100021362305),
(-0.011327169418335,0.0923154144287109,-0.0966065826416016),(-0.011327169418335,
0.0923154144287109,-0.0875100021362305),(-0.011313549041748,-0.010549222946167,
-0.0975100021362305),(-0.011313549041748,-0.010549222946167,-0.0966065826416016),
(-0.0113108577728271,0.0655256576538086,-0.0975100021362305),(-0.0113108577728271,
0.0655256576538086,-0.0966065826416016),(-0.0112132034301758,-0.0082593879699707,
-0.0975100021362305),(-0.0112132034301758,-0.0082593879699707,-0.0966065826416016),
(-0.0111657648086548,0.0183834056854248,-0.0975100021362305),(-0.0111657648086548,
0.0183834056854248,-0.0966065826416016),(-0.0110423555374145,0.00121276104450226,
-0.0975100021362305),(-0.0110423555374145,0.00121276104450226,-0.0966065826416016),
(-0.0110046739578247,0.0380123138427735,-0.0975100021362305),(-0.0110046739578247,
0.0380123138427735,-0.0966065826416016),(-0.0109637689590454,0.0675784606933594,
-0.0975100021362305),(-0.0109637689590454,0.0675784606933594,-0.0966065826416016),
(-0.0109243822097778,0.0943939666748047,-0.0975100021362305),(-0.0109243822097778,
0.0943939666748047,-0.0966065826416016),(-0.0109221887588501,0.0464128532409668,
-0.0975100021362305),(-0.0109221887588501,0.0464128532409668,-0.0966065826416016),
(-0.0108949747085571,0.053919116973877,-0.0975100021362305),(-0.0108949747085571,
0.053919116973877,-0.0966065826416016),(-0.0108669519424438,-0.0100392627716064,
-0.0966065826416016),(-0.0108669519424438,-0.0100392627716064,-0.0875100021362305),
(-0.0108669519424438,-0.00869156646728516,-0.0975100021362305),(-0.0108669519424438,
-0.00869156646728516,-0.0875100021362305),(-0.0108669519424438,0.0904482345581055,
-0.0975100021362305),(-0.0108669519424438,0.0904482345581055,-0.0875100021362305),
(-0.0108669519424438,0.0917959365844727,-0.0966065826416016),(-0.0108669519424438,
0.0917959365844727,-0.0875100021362305),(-0.0108127012252808,-0.00992382335662842,
-0.0975100021362305),(-0.0108127012252808,-0.00992382335662842,-0.0966065826416016),
(-0.0108002529144287,0.0916496734619141,-0.0975100021362305),(-0.0108002529144287,
0.0916496734619141,-0.0966065826416016),(-0.0107013998031616,-0.0112573575973511,
-0.0975100021362305),(-0.0107013998031616,-0.0112573575973511,-0.0966065826416016),
(-0.0107008638381958,-0.00936541366577148,-0.0975100021362305),(-0.0107008638381958,
-0.00936541366577148,-0.0875100021362305),(-0.0107008638381958,0.0911220855712891,
-0.0975100021362305),(-0.0107008638381958,0.0911220855712891,-0.0875100021362305),
(-0.0106947469711304,-0.00167288994789124,-0.0975100021362305),(-0.0106947469711304,
-0.00167288994789124,-0.0966065826416016),(-0.010649787902832,0.00750893402099609,
-0.0975100021362305),(-0.010649787902832,0.00750893402099609,-0.0966065826416016),
(-0.0105586585998535,0.0873163452148438,-0.0975100021362305),(-0.0105586585998535,
0.0873163452148438,-0.0966065826416016),(-0.0104324636459351,0.0363026084899902,
-0.0975100021362305),(-0.0104324636459351,0.0363026084899902,-0.0966065826416016),
(-0.0102973804473877,0.0594528961181641,-0.0975100021362305),(-0.0102973804473877,
0.0594528961181641,-0.0966065826416016),(-0.0101246843338013,-0.00359859800338745,
-0.0975100021362305),(-0.0101246843338013,-0.00359859800338745,-0.0966065826416016),
(-0.0100355997085571,0.000139356002211571,-0.0975100021362305),(-0.0100355997085571,
0.000139356002211571,-0.0966065826416016),(-0.00996584892272949,0.0920456695556641,
-0.0975100021362305),(-0.00996584892272949,0.0920456695556641,-0.0966065826416016),
(-0.00993819808959961,0.0777649383544922,-0.0975100021362305),(-0.00993819808959961,
0.0777649383544922,-0.0966065826416016),(-0.00988878726959229,0.0713767929077148,
-0.0975100021362305),(-0.00988878726959229,0.0713767929077148,-0.0966065826416016),
(-0.00987314033508301,0.00954869842529297,-0.0975100021362305),(-0.00987314033508301,
0.00954869842529297,-0.0966065826416016),(-0.00986023616790772,0.0656782531738281,
-0.0975100021362305),(-0.00986023616790772,0.0656782531738281,-0.0966065826416016),
(-0.00983529853820801,-0.0143654136657715,-0.0975100021362305),(-0.00983529853820801,
-0.0143654136657715,-0.0966065826416016),(-0.00981714916229248,-0.00298007893562317,
-0.0975100021362305),(-0.00981714916229248,-0.00298007893562317,-0.0966065826416016),
(-0.00978994846343994,0.0419004364013672,-0.0975100021362305),(-0.00978994846343994,
0.0419004364013672,-0.0966065826416016),(-0.00948019504547119,-0.00237767100334168,
-0.0975100021362305),(-0.00948019504547119,-0.00237767100334168,-0.0966065826416016),
(-0.00944083213806152,0.00507748413085938,-0.0975100021362305),(-0.00944083213806152,
0.00507748413085938,-0.0966065826416016),(-0.00933397197723389,0.000581714987754822,
-0.0975100021362305),(-0.00933397197723389,0.000581714987754822,-0.0966065826416016),
(-0.00924859428405762,0.0019049299955368,-0.0975100021362305),(-0.00924859428405762,
0.0019049299955368,-0.0966065826416016),(-0.00920271778106689,0.0397545127868653,
-0.0975100021362305),(-0.00920271778106689,0.0397545127868653,-0.0966065826416016),
(-0.00913050746917725,0.0924417877197266,-0.0975100021362305),(-0.00913050746917725,
0.0924417877197266,-0.0966065826416016),(-0.00911338996887207,0.00527867889404297,
-0.0975100021362305),(-0.00911338996887207,0.00527867889404297,-0.0966065826416016),
(-0.00905076599121094,0.0022339060306549,-0.0975100021362305),(-0.00905076599121094,
0.0022339060306549,-0.0966065826416016),(-0.00904097175598145,0.069727180480957,
-0.0975100021362305),(-0.00904097175598145,0.069727180480957,-0.0966065826416016),
(-0.00900396537780762,0.0894575805664063,-0.0975100021362305),(-0.00900396537780762,
0.0894575805664063,-0.0966065826416016),(-0.00895826053619385,-0.00199196398258209,
-0.0975100021362305),(-0.00895826053619385,-0.00199196398258209,-0.0966065826416016),
(-0.00894596576690674,0.0142213277816772,-0.0975100021362305),(-0.00894596576690674,
0.0142213277816772,-0.0966065826416016),(-0.00894270420074463,0.0488549880981445,
-0.0975100021362305),(-0.00894270420074463,0.0488549880981445,-0.0966065826416016),
(-0.00894161987304688,0.0466237258911133,-0.0975100021362305),(-0.00892586326599121,
-0.0143654136657715,-0.0875100021362305),(-0.00892586326599121,-0.00614041423797607,
-0.0875100021362305),(-0.00892586326599121,0.0961622848510742,-0.0875100021362305),
(-0.00891800689697266,0.0555033531188965,-0.0975100021362305),(-0.00891800689697266,
0.0555033531188965,-0.0966065826416016),(-0.0089153995513916,0.0724208602905273,
-0.0975100021362305),(-0.0089153995513916,0.0724208602905273,-0.0966065826416016),
(-0.00887714576721192,0.0317252769470215,-0.0975100021362305),(-0.00887714576721192,
0.0317252769470215,-0.0966065826416016),(-0.00884000110626221,0.00554900121688843,
-0.0975100021362305),(-0.00884000110626221,0.00554900121688843,-0.0966065826416016),
(-0.00880128955841064,0.0949290771484375,-0.0975100021362305),(-0.00880128955841064,
0.0949290771484375,-0.0966065826416016),(-0.00877444362640381,0.0375717010498047,
-0.0975100021362305),(-0.00877444362640381,0.0375717010498047,-0.0966065826416016),
(-0.00870458889007568,0.0469119529724121,-0.0975100021362305),(-0.00870458889007568,
0.0469119529724121,-0.0966065826416016),(-0.00865407752990723,0.0158704099655152,
-0.0975100021362305),(-0.00865407752990723,0.0158704099655152,-0.0966065826416016),
(-0.00857229137420654,0.0961623382568359,-0.0975100021362305),(-0.00857229137420654,
0.0961623382568359,-0.0966065826416016),(-0.00849122047424317,-0.00339416289329529,
-0.0975100021362305),(-0.00849122047424317,-0.00339416289329529,-0.0966065826416016),
(-0.00838090324401856,0.00263706398010254,-0.0975100021362305),(-0.00838090324401856,
0.00263706398010254,-0.0966065826416016),(-0.00828296661376953,0.0850893249511719,
-0.0975100021362305),(-0.00828296661376953,0.0850893249511719,-0.0966065826416016),
(-0.00822636699676514,0.0469132347106934,-0.0975100021362305),(-0.00822636699676514,
0.0469132347106934,-0.0966065826416016),(-0.00811424255371094,-0.00415678691864013,
-0.0975100021362305),(-0.00811424255371094,-0.00415678691864013,-0.0966065826416016),
(-0.00800673675537109,0.0709132308959961,-0.0975100021362305),(-0.00800673675537109,
0.0709132308959961,-0.0966065826416016),(-0.00800105476379395,0.073508186340332,
-0.0975100021362305),(-0.00800105476379395,0.073508186340332,-0.0966065826416016),
(-0.0079986138343811,-0.0143654136657715,-0.0975100021362305),(-0.0079986138343811,
-0.0143654136657715,-0.0966065826416016),(-0.0079849100112915,0.021303129196167,
-0.0975100021362305),(-0.0079849100112915,0.021303129196167,-0.0966065826416016),
(-0.00796820688247681,0.00283465790748596,-0.0975100021362305),(-0.00796820688247681,
0.00283465790748596,-0.0966065826416016),(-0.00785899019241333,-0.000340112000703812,
-0.0975100021362305),(-0.00785899019241333,-0.000340112000703812,-0.0966065826416016),
(-0.00781124305725098,0.000548987984657288,-0.0975100021362305),(-0.00781124305725098,
0.000548987984657288,-0.0966065826416016),(-0.00777607297897339,0.0504129447937012,
-0.0975100021362305),(-0.00777607297897339,0.0504129447937012,-0.0966065826416016),
(-0.00774991178512573,0.0469097366333008,-0.0975100021362305),(-0.00774991178512573,
0.0469097366333008,-0.0966065826416016),(-0.0076913161277771,-0.00574728488922119,
-0.0975100021362305),(-0.0076913161277771,-0.00574728488922119,-0.0966065826416016),
(-0.00768136501312256,0.024748836517334,-0.0975100021362305),(-0.00768136501312256,
0.024748836517334,-0.0966065826416016),(-0.00766330289840698,-0.00982396602630615,
-0.0975100021362305),(-0.00766330289840698,-0.00982396602630615,-0.0966065826416016),
(-0.00765802001953125,0.0931145477294922,-0.0975100021362305),(-0.00765802001953125,
0.0931145477294922,-0.0966065826416016),(-0.00762309312820435,0.0902860107421875,
-0.0975100021362305),(-0.00762309312820435,0.0902860107421875,-0.0966065826416016),
(-0.00755950784683228,0.0264991989135742,-0.0975100021362305),(-0.00755950784683228,
0.0264991989135742,-0.0966065826416016),(-0.00747673177719116,0.0613830413818359,
-0.0975100021362305),(-0.00747673177719116,0.0613830413818359,-0.0966065826416016),
(-0.00742283391952515,-0.00744639396667481,-0.0975100021362305),(-0.00742283391952515,
-0.00744639396667481,-0.0966065826416016),(-0.00740110588073731,0.0290824356079102,
-0.0975100021362305),(-0.00740110588073731,0.0290824356079102,-0.0966065826416016),
(-0.00734131908416748,0.0841939697265625,-0.0975100021362305),(-0.00734131908416748,
0.0841939697265625,-0.0966065826416016),(-0.0072841591835022,0.0307957038879395,
-0.0975100021362305),(-0.0072841591835022,0.0307957038879395,-0.0966065826416016),
(-0.00727528810501099,0.0504254684448242,-0.0975100021362305),(-0.00715086317062378,
-0.00436541318893433,-0.0945100021362305),(-0.00715086317062378,-0.00436541318893433,
-0.0875100021362305),(-0.00715086317062378,0.0861220855712891,-0.0945100021362305),
(-0.00715086317062378,0.0861220855712891,-0.0875100021362305),(-0.00694131994247437,
0.0720750579833984,-0.0975100021362305),(-0.00694131994247437,0.0720750579833984,
-0.0966065826416016),(-0.00666543579101563,0.00152246296405793,-0.0975100021362305),
(-0.00666543579101563,0.00152246296405793,-0.0966065826416016),(-0.00665746688842774,
0.0347180633544922,-0.0975100021362305),(-0.00665746688842774,0.0347180633544922,
-0.0966065826416016),(-0.00663849592208862,0.0934087371826172,-0.0975100021362305),
(-0.00663849592208862,0.0934087371826172,-0.0966065826416016),(-0.00663409519195557,
0.00804355907440186,-0.0975100021362305),(-0.00663409519195557,0.00804355907440186,
-0.0966065826416016),(-0.00658168697357178,0.0436178817749023,-0.0975100021362305),
(-0.00658168697357178,0.0436178817749023,-0.0966065826416016),(-0.00655217790603638,
-0.0107748918533325,-0.0975100021362305),(-0.00655217790603638,-0.0107748918533325,
-0.0966065826416016),(-0.00631926584243775,0.0883803100585938,-0.0975100021362305),
(-0.00631926584243775,0.0883803100585938,-0.0966065826416016),(-0.00626632690429688,
0.0952641525268555,-0.0975100021362305),(-0.00626632690429688,0.0952641525268555,
-0.0966065826416016),(-0.00618317794799805,0.0910085144042969,-0.0975100021362305),
(-0.00618317794799805,0.0910085144042969,-0.0966065826416016),(-0.00608851385116577,
0.0794785842895508,-0.0975100021362305),(-0.00608851385116577,0.0794785842895508,
-0.0966065826416016),(-0.00608490991592407,0.00344519090652466,-0.0975100021362305),
(-0.00608490991592407,0.00344519090652466,-0.0966065826416016),(-0.00590363883972168,
0.0831988220214844,-0.0975100021362305),(-0.00590363883972168,0.0831988220214844,
-0.0966065826416016),(-0.00587385702133179,0.0520258102416992,-0.0975100021362305),
(-0.00587385702133179,0.0520258102416992,-0.0966065826416016),(-0.00583584594726563,
0.0469248428344727,-0.0975100021362305),(-0.00583584594726563,0.0469248428344727,
-0.0966065826416016),(-0.00583096122741699,0.0037996609210968,-0.0975100021362305),
(-0.00583096122741699,0.0037996609210968,-0.0966065826416016),(-0.00566315078735352,
0.0938622894287109,-0.0975100021362305),(-0.00566315078735352,0.0938622894287109,
-0.0966065826416016),(-0.00561244010925293,0.0367580986022949,-0.0975100021362305),
(-0.00561244010925293,0.0367580986022949,-0.0966065826416016),(-0.00558667802810669,
-0.0115828542709351,-0.0975100021362305),(-0.00558667802810669,-0.0115828542709351,
-0.0966065826416016),(-0.0055409049987793,0.00342370891571045,-0.0975100021362305),
(-0.0055409049987793,0.00342370891571045,-0.0966065826416016),(-0.00547534799575806,
0.00405142784118652,-0.0975100021362305),(-0.00547534799575806,0.00405142784118652,
-0.0966065826416016),(-0.00545481777191162,-0.0143654136657715,-0.0975100021362305),
(-0.00545481777191162,-0.0143654136657715,-0.0966065826416016),(-0.00540549278259277,
0.0210205039978028,-0.0975100021362305),(-0.00540549278259277,0.0210205039978028,
-0.0966065826416016),(-0.00530060195922852,0.0961623382568359,-0.0975100021362305),
(-0.00530060195922852,0.0961623382568359,-0.0966065826416016),(-0.0052563419342041,
0.0496816329956055,-0.0975100021362305),(-0.0052563419342041,0.0496816329956055,
-0.0966065826416016),(-0.00524374723434448,0.000103129997849464,-0.0975100021362305),
(-0.00524374723434448,0.000103129997849464,-0.0966065826416016),(-0.00523723316192627,
0.0763704147338867,-0.0975100021362305),(-0.00523723316192627,0.0763704147338867,
-0.0966065826416016),(-0.00523501491546631,0.0012557270526886,-0.0975100021362305),
(-0.00523501491546631,0.0012557270526886,-0.0966065826416016),(-0.00512794780731201,
0.000330906987190246,-0.0975100021362305),(-0.00512794780731201,0.000330906987190246,
-0.0966065826416016),(-0.00512378883361816,0.000665031015872955,-0.0975100021362305),
(-0.00512378883361816,0.000665031015872955,-0.0966065826416016),(-0.00478290176391602,
-0.0014264589548111,-0.0975100021362305),(-0.00478290176391602,-0.0014264589548111,
-0.0966065826416016),(-0.00473354291915894,0.0470487861633301,-0.0975100021362305),
(-0.00473354291915894,0.0470487861633301,-0.0966065826416016),(-0.00472597217559815,
0.0768186798095703,-0.0975100021362305),(-0.00472597217559815,0.0768186798095703,
-0.0966065826416016),(-0.00462626695632935,0.0888628311157227,-0.0975100021362305),
(-0.00462626695632935,0.0888628311157227,-0.0966065826416016),(-0.00460563278198242,
0.0541100044250488,-0.0975100021362305),(-0.00460563278198242,0.0541100044250488,
-0.0966065826416016),(-0.0045930027961731,-0.00242974996566773,-0.0975100021362305),
(-0.0045930027961731,-0.00242974996566773,-0.0966065826416016),(-0.00457735776901245,
0.0106539163589478,-0.0975100021362305),(-0.00457735776901245,0.0106539163589478,
-0.0966065826416016),(-0.00447909116744995,0.0746052017211914,-0.0975100021362305),
(-0.00447909116744995,0.0746052017211914,-0.0966065826416016),(-0.00441131496429443,
-0.00343158507347107,-0.0975100021362305),(-0.00441131496429443,-0.00343158507347107,
-0.0966065826416016),(-0.00433924293518066,0.0773665313720703,-0.0975100021362305),
(-0.00433924293518066,0.0773665313720703,-0.0966065826416016),(-0.00427675676345825,
-0.0129682302474976,-0.0975100021362305),(-0.00427675676345825,-0.0129682302474976,
-0.0966065826416016),(-0.00425844001770019,0.0420939407348633,-0.0975100021362305),
(-0.00425844001770019,0.0420939407348633,-0.0966065826416016),(-0.00414665889739991,
0.0394584426879883,-0.0975100021362305),(-0.00414665889739991,0.0394584426879883,
-0.0966065826416016),(-0.00408352613449096,0.0914991607666016,-0.0975100021362305),
(-0.00408352613449096,0.0914991607666016,-0.0966065826416016),(-0.00403349208831787,
-0.0050425329208374,-0.0975100021362305),(-0.00403349208831787,-0.0050425329208374,
-0.0966065826416016),(-0.00400701904296875,0.04440966796875,-0.0975100021362305),
(-0.00400701904296875,0.04440966796875,-0.0966065826416016),(-0.00393051195144653,
0.0944426116943359,-0.0975100021362305),(-0.00393051195144653,0.0944426116943359,
-0.0966065826416016),(-0.00389388704299927,0.0752928314208985,-0.0975100021362305),
(-0.00389388704299927,0.0752928314208985,-0.0966065826416016),(-0.00387561297416687,
0.0345965728759766,-0.0975100021362305),(-0.00384514999389649,-0.0143654136657715,
-0.0975100021362305),(-0.00384514999389649,-0.0143654136657715,-0.0966065826416016),
(-0.00381647896766663,-0.0059937801361084,-0.0975100021362305),(-0.00381647896766663,
-0.0059937801361084,-0.0966065826416016),(-0.00375417804718018,0.0423853454589844,
-0.0975100021362305),(-0.00375417804718018,0.0423853454589844,-0.0966065826416016),
(-0.00374570393562317,0.0944386749267578,-0.0975100021362305),(-0.00374570393562317,
0.0944386749267578,-0.0966065826416016),(-0.00364444088935852,0.0472548484802246,
-0.0975100021362305),(-0.00364444088935852,0.0472548484802246,-0.0966065826416016),
(-0.00364000606536865,0.08525439453125,-0.0975100021362305),(-0.00364000606536865,
0.08525439453125,-0.0966065826416016),(-0.00362746596336365,0.0956560134887695,
-0.0975100021362305),(-0.00362746596336365,0.0956560134887695,-0.0966065826416016),
(-0.00357015204429627,-0.00693858098983765,-0.0975100021362305),(-0.00357015204429627,
-0.00693858098983765,-0.0966065826416016),(-0.00338172006607056,-0.0137695550918579,
-0.0975100021362305),(-0.00338172006607056,-0.0137695550918579,-0.0966065826416016),
(-0.00335687589645386,0.0922363052368164,-0.0975100021362305),(-0.00335687589645386,
0.0922363052368164,-0.0966065826416016),(-0.00331887006759644,-0.00868452453613281,
-0.0975100021362305),(-0.00331887006759644,-0.00868452453613281,-0.0966065826416016),
(-0.00327299308776856,0.0427087707519532,-0.0975100021362305),(-0.00327299308776856,
0.0427087707519532,-0.0966065826416016),(-0.00324355792999268,-0.0101221542358398,
-0.0975100021362305),(-0.00324355792999268,-0.0101221542358398,-0.0966065826416016),
(-0.00323018288612366,0.0349901351928711,-0.0975100021362305),(-0.00323018288612366,
0.0349901351928711,-0.0966065826416016),(-0.00320535707473755,0.0758713150024414,
-0.0975100021362305),(-0.00320535707473755,0.0758713150024414,-0.0966065826416016),
(-0.00313550209999085,-0.0115423192977905,-0.0975100021362305),(-0.00313550209999085,
-0.0115423192977905,-0.0966065826416016),(-0.00312784004211426,0.0272276439666748,
-0.0975100021362305),(-0.00311789989471436,0.0132331237792969,-0.0975100021362305),
(-0.00311789989471436,0.0132331237792969,-0.0966065826416016),(-0.00292566204071045,
-0.0131682357788086,-0.0975100021362305),(-0.00292566204071045,-0.0131682357788086,
-0.0966065826416016),(-0.00291365599632263,0.094690315246582,-0.0975100021362305),
(-0.00291365599632263,0.094690315246582,-0.0966065826416016),(-0.0026853289604187,
-0.0133224973678589,-0.0975100021362305),(-0.0026853289604187,-0.0133224973678589,
-0.0966065826416016),(-0.00261891508102417,-0.0138481607437134,-0.0975100021362305),
(-0.00261891508102417,-0.0138481607437134,-0.0966065826416016),(-0.00258505201339721,
0.0416400947570801,-0.0975100021362305),(-0.00258505201339721,0.0416400947570801,
-0.0966065826416016),(-0.00253728699684143,0.0462266960144043,-0.0975100021362305),
(-0.00253728699684143,0.0462266960144043,-0.0966065826416016),(-0.00252122688293457,
0.0226124114990234,-0.0975100021362305),(-0.00252122688293457,0.0226124114990234,
-0.0966065826416016),(-0.00250693893432617,-0.0143654136657715,-0.0975100021362305),
(-0.00250693893432617,-0.0143654136657715,-0.0966065826416016),(-0.00214591193199157,
0.0466621704101563,-0.0975100021362305),(-0.00208536505699157,0.0373957138061524,
-0.0975100021362305),(-0.00208536505699157,0.0373957138061524,-0.0966065826416016),
(-0.0020850350856781,0.015637954711914,-0.0975100021362305),(-0.0020850350856781,
0.015637954711914,-0.0966065826416016),(-0.00194908595085144,0.0951710891723633,
-0.0975100021362305),(-0.00194908595085144,0.0951710891723633,-0.0966065826416016),
(-0.00186811900138855,0.0929361877441406,-0.0975100021362305),(-0.00186811900138855,
0.0929361877441406,-0.0966065826416016),(-0.00169780397415161,-0.0031060140132904,
-0.0975100021362305),(-0.00169780397415161,-0.0031060140132904,-0.0966065826416016),
(-0.0016567360162735,-0.00373794102668762,-0.0975100021362305),(-0.0016567360162735,
-0.00373794102668762,-0.0966065826416016),(-0.00158544504642487,-0.00501886892318726,
-0.0975100021362305),(-0.00158544504642487,-0.00501886892318726,-0.0966065826416016),
(-0.00157985603809356,-0.00765625190734863,-0.0975100021362305),(-0.00157985603809356,
-0.00765625190734863,-0.0966065826416016),(-0.00156003594398498,0.000510197997093201,
-0.0975100021362305),(-0.00156003594398498,0.000510197997093201,-0.0966065826416016),
(-0.00155923902988434,-6.22889995574951E-5,-0.0975100021362305),(-0.00155923902988434,
-6.22889995574951E-5,-0.0966065826416016),(-0.00154700803756714,-0.000638101994991303,
-0.0975100021362305),(-0.00154700803756714,-0.000638101994991303,-0.0966065826416016),
(-0.00152081203460694,0.0502752227783203,-0.0975100021362305),(-0.00152081203460694,
0.0502752227783203,-0.0966065826416016),(-0.00150625896453857,0.0465005722045898,
-0.0975100021362305),(-0.00150625896453857,0.0465005722045898,-0.0966065826416016),
(-0.00135855901241302,0.0466216278076172,-0.0975100021362305),(-0.00132932794094086,
0.00330598592758178,-0.0975100021362305),(-0.00132932794094086,0.00330598592758178,
-0.0966065826416016),(-0.00131984198093414,0.0931507186889649,-0.0975100021362305),
(-0.00131984198093414,0.0931507186889649,-0.0966065826416016),(-0.00130210101604462,
0.0861148452758789,-0.0975100021362305),(-0.00130210101604462,0.0861148452758789,
-0.0966065826416016),(-0.0012955869436264,-0.00559956693649292,-0.0975100021362305),
(-0.0012955869436264,-0.00559956693649292,-0.0966065826416016),(-0.00127578401565552,
0.0961623382568359,-0.0975100021362305),(-0.00127578401565552,0.0961623382568359,
-0.0966065826416016),(-0.00125206696987152,0.0181133670806885,-0.0975100021362305),
(-0.00125206696987152,0.0181133670806885,-0.0966065826416016),(-0.0012488100528717,
-0.00929251194000244,-0.0975100021362305),(-0.0012488100528717,-0.00929251194000244,
-0.0966065826416016),(-0.0012455530166626,0.00261178994178772,-0.0975100021362305),
(-0.0012455530166626,0.00261178994178772,-0.0966065826416016),(-0.00120329201221466,
0.00425037813186646,-0.0975100021362305),(-0.00120329201221466,0.00425037813186646,
-0.0966065826416016),(-0.00118872702121735,0.00447346496582032,-0.0975100021362305),
(-0.00118872702121735,0.00447346496582032,-0.0966065826416016),(-0.000963397979736328,
0.0899240570068359,-0.0975100021362305),(-0.000963397979736328,0.0899240570068359,
-0.0966065826416016),(-0.000948394000530243,0.0805971603393555,-0.0975100021362305),
(-0.000948394000530243,0.0805971603393555,-0.0966065826416016),(-0.000926495015621185,
0.0479230422973633,-0.0975100021362305),(-0.000926495015621185,0.0479230422973633,
-0.0966065826416016),(-0.000916741013526917,0.045073112487793,-0.0975100021362305),
(-0.000916741013526917,0.045073112487793,-0.0966065826416016),(-0.000865299999713898,
0.0960432815551758,-0.0975100021362305),(-0.000865299999713898,0.0960432815551758,
-0.0966065826416016),(-0.000852532982826233,0.00684903478622437,-0.0975100021362305),
(-0.000852532982826233,0.00684903478622437,-0.0966065826416016),(-0.000828827023506165,
0.00729930877685547,-0.0975100021362305),(-0.000828827023506165,0.00729930877685547,
-0.0966065826416016),(-0.00078678697347641,-0.0108951959609985,-0.0975100021362305),
(-0.00078678697347641,-0.0108951959609985,-0.0966065826416016),(-0.000716759026050568,
-0.00447623109817505,-0.0975100021362305),(-0.000716759026050568,-0.00447623109817505,
-0.0966065826416016),(-0.000714576005935669,0.0065471978187561,-0.0975100021362305),
(-0.000714576005935669,0.0065471978187561,-0.0966065826416016),(-0.000707922995090485,
0.0198936862945557,-0.0975100021362305),(-0.000707922995090485,0.0198936862945557,
-0.0966065826416016),(-0.000701547980308533,0.0564086875915527,-0.0975100021362305),
(-0.000701547980308533,0.0564086875915527,-0.0966065826416016),(-0.000651235997676849,
0.00796964979171753,-0.0975100021362305),(-0.000651235997676849,0.00796964979171753,
-0.0966065826416016),(-0.000516484022140503,0.0346309776306153,-0.0975100021362305),
(-0.000454701006412506,0.0959250717163086,-0.0975100021362305),(-0.000454701006412506,
0.0959250717163086,-0.0966065826416016),(-0.000325803011655808,0.0787867660522461,
-0.0975100021362305),(-0.000325803011655808,0.0787867660522461,-0.0966065826416016),
(-0.000325715988874435,0.0811348266601563,-0.0975100021362305),(-0.000325715988874435,
0.0811348266601563,-0.0966065826416016),(-0.000206474006175995,0.0109549779891968,
-0.0975100021362305),(-0.000206474006175995,0.0109549779891968,-0.0966065826416016),
(-0.000206277996301651,-0.00940048122406006,-0.0975100021362305),(-0.000206277996301651,
-0.00940048122406006,-0.0966065826416016),(-0.000183598995208741,0.0100734596252441,
-0.0975100021362305),(-0.000183598995208741,0.0100734596252441,-0.0966065826416016),
(-0.000132368996739387,0.0220794601440429,-0.0975100021362305),(-0.000132368996739387,
0.0220794601440429,-0.0966065826416016),(2.78249997645617E-5,0.0121203927993774,
-0.0975100021362305),(2.78249997645617E-5,0.0121203927993774,-0.0966065826416016),
(2.90639996528625E-5,0.0482990989685059,-0.0975100021362305),(2.90639996528625E-5,
0.0482990989685059,-0.0966065826416016),(5.88110014796257E-5,0.0124019393920898,
-0.0975100021362305),(5.88110014796257E-5,0.0124019393920898,-0.0966065826416016),
(6.94309994578362E-5,0.0506533927917481,-0.0975100021362305),(6.94309994578362E-5,
0.0506533927917481,-0.0966065826416016),(0.000152781993150711,0.0817945251464844,
-0.0975100021362305),(0.000152781993150711,0.0817945251464844,-0.0966065826416016),
(0.000201121002435684,0.0961623382568359,-0.0975100021362305),(0.000201121002435684,
0.0961623382568359,-0.0966065826416016),(0.000237882003188134,-0.00586734199523926,
-0.0975100021362305),(0.000237882003188134,-0.00586734199523926,-0.0966065826416016),
(0.000260387003421783,0.0121915969848633,-0.0975100021362305),(0.000260387003421783,
0.0121915969848633,-0.0966065826416016),(0.000273761987686157,0.0866806259155274,
-0.0975100021362305),(0.000273761987686157,0.0866806259155274,-0.0966065826416016),
(0.000305658012628555,0.0242958984375,-0.0975100021362305),(0.000305658012628555,
0.0242958984375,-0.0966065826416016),(0.000319085001945496,0.0454013175964356,
-0.0975100021362305),(0.000319085001945496,0.0454013175964356,-0.0966065826416016),
(0.00041279599070549,0.0119458074569702,-0.0975100021362305),(0.00041279599070549,
0.0119458074569702,-0.0966065826416016),(0.000450684994459152,0.0795677795410156,
-0.0975100021362305),(0.000450684994459152,0.0795677795410156,-0.0966065826416016),
(0.000545989990234375,0.0259561882019043,-0.0975100021362305),(0.000545989990234375,
0.0259561882019043,-0.0966065826416016),(0.000547716021537781,-0.0126734638214111,
-0.0975100021362305),(0.000547716021537781,-0.0126734638214111,-0.0966065826416016),
(0.000643894016742706,0.00181837403774262,-0.0975100021362305),(0.000643894016742706,
0.00181837403774262,-0.0966065826416016),(0.000651085019111633,0.0148177299499512,
-0.0975100021362305),(0.000651085019111633,0.0148177299499512,-0.0966065826416016),
(0.000758189022541046,0.0155734071731567,-0.0975100021362305),(0.000758189022541046,
0.0155734071731567,-0.0966065826416016),(0.000799489974975586,0.0144266080856323,
-0.0975100021362305),(0.000799489974975586,0.0144266080856323,-0.0966065826416016),
(0.000899975001811981,0.0163652057647705,-0.0975100021362305),(0.000899975001811981,
0.0163652057647705,-0.0966065826416016),(0.000930588006973267,0.0279482173919678,
-0.0975100021362305),(0.000930588006973267,0.0279482173919678,-0.0966065826416016),
(0.00093146401643753,0.0466393585205078,-0.0975100021362305),(0.000972046971321106,
0.0936457977294922,-0.0975100021362305),(0.000972046971321106,0.0936457977294922,
-0.0966065826416016),(0.00102235794067383,0.0485593528747559,-0.0975100021362305),
(0.00102235794067383,0.0485593528747559,-0.0966065826416016),(0.00104341101646423,
0.0628327674865723,-0.0975100021362305),(0.00117745196819305,0.0299643611907959,
-0.0975100021362305),(0.00117745196819305,0.0299643611907959,-0.0966065826416016),
(0.00118174803256988,-0.011135251045227,-0.0975100021362305),(0.00118174803256988,
-0.011135251045227,-0.0966065826416016),(0.00129110395908356,0.0802714462280273,
-0.0975100021362305),(0.00129110395908356,0.0802714462280273,-0.0966065826416016),
(0.00133808898925781,-0.00344192790985107,-0.0975100021362305),(0.00133808898925781,
-0.00344192790985107,-0.0966065826416016),(0.00135926795005798,0.0939725875854492,
-0.0975100021362305),(0.00135926795005798,0.0939725875854492,-0.0966065826416016),
(0.0014352480173111,0.0316611022949219,-0.0975100021362305),(0.0014352480173111,
0.0316611022949219,-0.0966065826416016),(0.00155998802185058,0.0513271942138672,
-0.0975100021362305),(0.00155998802185058,0.0513271942138672,-0.0966065826416016),
(0.0015682339668274,0.0331133003234864,-0.0975100021362305),(0.0015682339668274,
0.0331133003234864,-0.0966065826416016),(0.00157405602931977,0.0662310256958008,
-0.0975100021362305),(0.00157405602931977,0.0662310256958008,-0.0966065826416016),
(0.00163413894176483,0.0187708873748779,-0.0975100021362305),(0.00163413894176483,
0.0187708873748779,-0.0966065826416016),(0.00169539999961853,0.0192979831695557,
-0.0975100021362305),(0.00169539999961853,0.0192979831695557,-0.0966065826416016),
(0.00173240602016449,0.0345639381408691,-0.0975100021362305),(0.00173240602016449,
0.0345639381408691,-0.0966065826416016),(0.00178141498565674,0.0465436096191406,
-0.0975100021362305),(0.00191813004016876,0.0362777290344239,-0.0975100021362305),
(0.00191813004016876,0.0362777290344239,-0.0966065826416016),(0.00193072497844696,
0.0122493238449097,-0.0975100021362305),(0.00193072497844696,0.0122493238449097,
-0.0966065826416016),(0.00198910796642303,-0.0143654136657715,-0.0975100021362305),
(0.00198910796642303,-0.0143654136657715,-0.0966065826416016),(0.00204375410079956,
0.0374503021240234,-0.0975100021362305),(0.00204375410079956,0.0374503021240234,
-0.0966065826416016),(0.0020506660938263,0.0132589550018311,-0.0975100021362305),
(0.0020506660938263,0.0132589550018311,-0.0966065826416016),(0.00207627105712891,
0.094186279296875,-0.0975100021362305),(0.00207627105712891,0.094186279296875,
-0.0966065826416016),(0.00210245108604431,0.0189798259735107,-0.0975100021362305),
(0.00210245108604431,0.0189798259735107,-0.0966065826416016),(0.00217592597007751,
0.0386213188171387,-0.0975100021362305),(0.00217592597007751,0.0386213188171387,
-0.0966065826416016),(0.00231133890151978,0.0942112808227539,-0.0975100021362305),
(0.00231133890151978,0.0942112808227539,-0.0966065826416016),(0.00232880401611328,
0.0186606464385986,-0.0975100021362305),(0.00232880401611328,0.0186606464385986,
-0.0966065826416016),(0.00233767199516296,0.0403030891418457,-0.0975100021362305),
(0.00233767199516296,0.0403030891418457,-0.0966065826416016),(0.00235339689254761,
-0.0102312517166138,-0.0975100021362305),(0.00235339689254761,-0.0102312517166138,
-0.0966065826416016),(0.00236386799812317,0.0185460777282715,-0.0975100021362305),
(0.00236386799812317,0.0185460777282715,-0.0966065826416016),(0.00245775198936463,
0.00840559959411621,-0.0975100021362305),(0.00245775198936463,0.00840559959411621,
-0.0966065826416016),(0.00248891997337341,0.0616409225463867,-0.0975100021362305),
(0.00248891997337341,0.0616409225463867,-0.0966065826416016),(0.00251674389839172,
0.0479510383605957,-0.0975100021362305),(0.00251674389839172,0.0479510383605957,
-0.0966065826416016),(0.00258668494224548,0.0415629997253418,-0.0975100021362305),
(0.00258668494224548,0.0415629997253418,-0.0966065826416016),(0.00261071491241455,
-0.000745239973068237,-0.0975100021362305),(0.00261071491241455,-0.000745239973068237,
-0.0966065826416016),(0.00265966010093689,-0.0127878847122192,-0.0975100021362305),
(0.00265966010093689,-0.0127878847122192,-0.0966065826416016),(0.00278341007232666,
0.0428310165405274,-0.0975100021362305),(0.00278341007232666,0.0428310165405274,
-0.0966065826416016),(0.0030400800704956,0.0712149963378906,-0.0975100021362305),
(0.0030400800704956,0.0712149963378906,-0.0966065826416016),(0.00313482999801636,
0.0883250427246094,-0.0975100021362305),(0.00313482999801636,0.0883250427246094,
-0.0966065826416016),(0.00314739108085632,0.0558155136108399,-0.0975100021362305),
(0.00314739108085632,0.0558155136108399,-0.0966065826416016),(0.00314820504188538,
0.0447718315124511,-0.0975100021362305),(0.00314820504188538,0.0447718315124511,
-0.0966065826416016),(0.00320281410217285,0.0101526002883911,-0.0975100021362305),
(0.00320281410217285,0.0101526002883911,-0.0966065826416016),(0.00326322603225708,
0.0453896408081055,-0.0975100021362305),(0.00326322603225708,0.0453896408081055,
-0.0966065826416016),(0.00327362108230591,0.0485990982055664,-0.0975100021362305),
(0.00327362108230591,0.0485990982055664,-0.0966065826416016),(0.00331941103935241,
0.00429934883117676,-0.0975100021362305),(0.00331941103935241,0.00429934883117676,
-0.0966065826416016),(0.0033201220035553,0.0730219497680664,-0.0975100021362305),
(0.00338645911216736,0.046005786895752,-0.0975100021362305),(0.00338645911216736,
0.046005786895752,-0.0966065826416016),(0.003419930934906,0.0138129396438599,
-0.0975100021362305),(0.003419930934906,0.0138129396438599,-0.0966065826416016),
(0.00378839898109436,0.0533302421569824,-0.0975100021362305),(0.00378839898109436,
0.0533302421569824,-0.0966065826416016),(0.0037889530658722,0.0786347732543945,
-0.0975100021362305),(0.0037889530658722,0.0786347732543945,-0.0966065826416016),
(0.00380794095993042,0.0482208938598633,-0.0975100021362305),(0.00380794095993042,
0.0482208938598633,-0.0966065826416016),(0.0038258490562439,0.0685142593383789,
-0.0975100021362305),(0.00386970901489258,0.013728590965271,-0.0975100021362305),
(0.00388355708122253,0.0482859878540039,-0.0975100021362305),(0.00388355708122253,
0.0482859878540039,-0.0966065826416016),(0.00389423704147339,0.0685355834960938,
-0.0975100021362305),(0.00389423704147339,0.0685355834960938,-0.0966065826416016),
(0.00389761590957642,0.0851001358032227,-0.0975100021362305),(0.00389761590957642,
0.0851001358032227,-0.0966065826416016),(0.00395676493644715,0.0533783416748047,
-0.0975100021362305),(0.00395676493644715,0.0533783416748047,-0.0966065826416016),
(0.00399295496940613,0.0137671146392822,-0.0966065826416016),(0.00404671382904053,
0.000984799027442932,-0.0975100021362305),(0.00404671382904053,0.000984799027442932,
-0.0966065826416016),(0.00404746913909912,0.0489934501647949,-0.0975100021362305),
(0.00404746913909912,0.0489934501647949,-0.0966065826416016),(0.00406422996520996,
0.0485813751220703,-0.0975100021362305),(0.00406422996520996,0.0485813751220703,
-0.0966065826416016),(0.00407155895233154,0.0732895278930664,-0.0975100021362305),
(0.00407155895233154,0.0732895278930664,-0.0966065826416016),(0.0040745701789856,
-0.00414269113540649,-0.0975100021362305),(0.00415057706832885,-0.0104059457778931,
-0.0975100021362305),(0.00415057706832885,-0.0104059457778931,-0.0966065826416016),
(0.00415525102615356,0.00323742389678955,-0.0975100021362305),(0.00415585803985595,
0.0119326057434082,-0.0975100021362305),(0.00415640020370484,-0.0121245765686035,
-0.0975100021362305),(0.0041647891998291,-0.00254754590988159,-0.0975100021362305),
(0.00416636085510254,0.0490157623291016,-0.0975100021362305),(0.00416636085510254,
0.0490157623291016,-0.0966065826416016),(0.00418916606903076,-0.000206468999385833,
-0.0975100021362305),(0.0041912260055542,0.0856386260986328,-0.0975100021362305),
(0.00419143009185791,0.0636632537841797,-0.0975100021362305),(0.00419143009185791,
0.0636632537841797,-0.0966065826416016),(0.00419143199920655,-0.00659768915176392,
-0.0975100021362305),(0.00419313716888428,0.00588686180114746,-0.0975100021362305),
(0.00420878601074219,0.000789767026901245,-0.0975100021362305),(0.00421823501586914,
-0.0143654136657715,-0.0975100021362305),(0.00421823501586914,-0.0143654136657715,
-0.0966065826416016),(0.00421993017196656,-0.0143654136657715,-0.0975100021362305),
(0.00421993017196656,0.0126081666946411,-0.0975100021362305),(0.00421993017196656,
0.027377670288086,-0.0975100021362305),(0.00421993017196656,0.0347759284973145,
-0.0975100021362305),(0.00421993017196656,0.0466057167053223,-0.0975100021362305),
(0.00421993017196656,0.0504616394042969,-0.0975100021362305),(0.00421993017196656,
0.0630401458740234,-0.0975100021362305),(0.00421993017196656,0.0685210800170898,
-0.0975100021362305),(0.00421993017196656,0.0730810165405273,-0.0975100021362305),
(0.00421993017196656,0.0961623382568359,-0.0975100021362305),(0.00425021696090699,
0.0815758285522461,-0.0975100021362305),(0.00426279592514038,0.0773928527832031,
-0.0975100021362305),(0.00426505804061889,0.0716615371704102,-0.0975100021362305),
(0.00427349901199341,0.0175305557250977,-0.0975100021362305),(0.00427349901199341,
0.0175305557250977,-0.0966065826416016),(0.00428799200057983,-0.00814578628540039,
-0.0975100021362305),(0.00428799200057983,-0.00814578628540039,-0.0966065826416016),
(0.00433183813095093,0.0670974731445313,-0.0975100021362305),(0.00445116710662842,
0.0891415863037109,-0.0975100021362305),(0.00445116710662842,0.0891415863037109,
-0.0966065826416016),(0.00448372077941894,-0.000543749988079071,-0.0975100021362305),
(0.00448372077941894,-0.000543749988079071,-0.0966065826416016),(0.00464051198959351,
0.0947812042236328,-0.0975100021362305),(0.00464051198959351,0.0947812042236328,
-0.0966065826416016),(0.00466240978240967,-0.00705195617675781,-0.0975100021362305),
(0.00466240978240967,-0.00705195617675781,-0.0966065826416016),(0.00481736516952515,
0.00505821800231934,-0.0975100021362305),(0.00481736516952515,0.00505821800231934,
-0.0966065826416016),(0.00484577798843384,0.0171827735900879,-0.0975100021362305),
(0.00484577798843384,0.0171827735900879,-0.0966065826416016),(0.00485243082046509,
0.0836519012451172,-0.0975100021362305),(0.00485243082046509,0.0836519012451172,
-0.0966065826416016),(0.0050575590133667,0.0331348381042481,-0.0975100021362305),
(0.0050575590133667,0.0331348381042481,-0.0966065826416016),(0.00522056388854981,
0.0536862182617188,-0.0975100021362305),(0.00522056388854981,0.0536862182617188,
-0.0966065826416016),(0.00526776313781738,0.0862626266479492,-0.0975100021362305),
(0.00526776313781738,0.0862626266479492,-0.0966065826416016),(0.00529042387008667,
0.0369828224182129,-0.0975100021362305),(0.00529042387008667,0.0369828224182129,
-0.0966065826416016),(0.00532658195495606,0.0378159141540527,-0.0975100021362305),
(0.00532658195495606,0.0378159141540527,-0.0966065826416016),(0.00536887216567993,
-0.00541768884658814,-0.0975100021362305),(0.00536887216567993,-0.00541768884658814,
-0.0966065826416016),(0.00537453699111939,0.00891434764862061,-0.0975100021362305),
(0.00537453699111939,0.00891434764862061,-0.0966065826416016),(0.00539851522445679,
0.0168044300079345,-0.0975100021362305),(0.00539851522445679,0.0168044300079345,
-0.0966065826416016),(0.00545566987991333,0.0583163757324219,-0.0975100021362305),
(0.00545566987991333,0.0583163757324219,-0.0966065826416016),(0.00546033096313477,
0.0323385086059571,-0.0975100021362305),(0.00546033096313477,0.0323385086059571,
-0.0966065826416016),(0.00546362209320068,0.0375911903381348,-0.0975100021362305),
(0.00546362209320068,0.0375911903381348,-0.0966065826416016),(0.00549227809906006,
0.00419837903976441,-0.0975100021362305),(0.00549227809906006,0.00419837903976441,
-0.0966065826416016),(0.00550184106826782,0.0949596862792969,-0.0975100021362305),
(0.00550184106826782,0.0949596862792969,-0.0966065826416016),(0.00552297782897949,
0.0361769676208496,-0.0975100021362305),(0.00552297782897949,0.0361769676208496,
-0.0966065826416016),(0.00558423900604248,0.0373553466796875,-0.0975100021362305),
(0.00558423900604248,0.0373553466796875,-0.0966065826416016),(0.00571346616744995,
0.0282523918151855,-0.0975100021362305),(0.00571346616744995,0.0282523918151855,
-0.0966065826416016),(0.00573914194107056,0.0762973175048828,-0.0975100021362305),
(0.00573914194107056,0.0762973175048828,-0.0966065826416016),(0.00578742694854736,
0.0315068416595459,-0.0975100021362305),(0.00578742694854736,0.0315068416595459,
-0.0966065826416016),(0.00591854190826416,0.0412306022644043,-0.0975100021362305),
(0.00591854190826416,0.0412306022644043,-0.0966065826416016),(0.0060067777633667,
0.0847488555908203,-0.0975100021362305),(0.0060067777633667,0.0847488555908203,
-0.0966065826416016),(0.00604744005203247,0.00326307106018066,-0.0975100021362305),
(0.00604744005203247,0.00326307106018066,-0.0966065826416016),(0.00615653610229492,
0.0627690963745117,-0.0975100021362305),(0.00619809818267822,0.0541956596374512,
-0.0975100021362305),(0.00619809818267822,0.0541956596374512,-0.0966065826416016),
(0.00620594692230225,0.0424335098266602,-0.0975100021362305),(0.00620594692230225,
0.0424335098266602,-0.0966065826416016),(0.0063023247718811,0.0105861587524414,
-0.0975100021362305),(0.0063023247718811,0.0105861587524414,-0.0966065826416016),
(0.00636649703979492,0.0951109390258789,-0.0975100021362305),(0.00636649703979492,
0.0951109390258789,-0.0966065826416016),(0.00656538820266724,0.0436106414794922,
-0.0975100021362305),(0.00656538820266724,0.0436106414794922,-0.0966065826416016),
(0.00657361078262329,-0.0143654136657715,-0.0975100021362305),(0.00657361078262329,
-0.0143654136657715,-0.0966065826416016),(0.00662637281417847,0.087439567565918,
-0.0975100021362305),(0.00662637281417847,0.087439567565918,-0.0966065826416016),
(0.00684246683120728,0.0828665924072266,-0.0975100021362305),(0.00684246683120728,
0.0828665924072266,-0.0966065826416016),(0.00689736986160278,-0.0054113130569458,
-0.0975100021362305),(0.00689736986160278,-0.0054113130569458,-0.0966065826416016),
(0.00694298696517944,0.00125330197811127,-0.0975100021362305),(0.00694298696517944,
0.00125330197811127,-0.0966065826416016),(0.00697652816772461,0.0784446487426758,
-0.0975100021362305),(0.00697652816772461,0.0784446487426758,-0.0966065826416016),
(0.00704813194274902,0.0158874521255493,-0.0975100021362305),(0.00704813194274902,
0.0158874521255493,-0.0966065826416016),(0.00720256090164185,0.0728252563476563,
-0.0975100021362305),(0.00724480581283569,0.0857493362426758,-0.0975100021362305),
(0.00724480581283569,0.0857493362426758,-0.0966065826416016),(0.0072491021156311,
0.0235675563812256,-0.0975100021362305),(0.0072491021156311,0.0235675563812256,
-0.0966065826416016),(0.00728846502304077,0.0461877670288086,-0.0975100021362305),
(0.00728846502304077,0.0461877670288086,-0.0966065826416016),(0.00737614679336548,
0.0907199859619141,-0.0975100021362305),(0.00737614679336548,0.0907199859619141,
-0.0966065826416016),(0.00738136100769043,0.0880728073120117,-0.0975100021362305),
(0.00738136100769043,0.0880728073120117,-0.0966065826416016),(0.00752683877944946,
0.0451062736511231,-0.0975100021362305),(0.00752683877944946,0.0451062736511231,
-0.0966065826416016),(0.00752954196929932,0.0471002082824707,-0.0975100021362305),
(0.00752954196929932,0.0471002082824707,-0.0966065826416016),(0.00785007190704346,
-0.000751477003097534,-0.0975100021362305),(0.00785007190704346,-0.000751477003097534,
-0.0966065826416016),(0.00785242795944214,0.00830279159545899,-0.0975100021362305),
(0.00785242795944214,0.00830279159545899,-0.0966065826416016),(0.00785866498947144,
0.0440455665588379,-0.0975100021362305),(0.00785866498947144,0.0440455665588379,
-0.0966065826416016),(0.00791739892959595,0.0271921329498291,-0.0975100021362305),
(0.00795263576507568,0.0479338531494141,-0.0975100021362305),(0.00795263576507568,
0.0479338531494141,-0.0966065826416016),(0.00799851179122925,0.00355662608146667,
-0.0975100021362305),(0.00799851179122925,0.00355662608146667,-0.0966065826416016),
(0.00803135967254639,0.0888040771484375,-0.0975100021362305),(0.00803135967254639,
0.0888040771484375,-0.0966065826416016),(0.00817746162414551,0.0152692098617553,
-0.0975100021362305),(0.00817746162414551,0.0152692098617553,-0.0966065826416016),
(0.00819494342803955,0.0560091552734375,-0.0975100021362305),(0.00819494342803955,
0.0560091552734375,-0.0966065826416016),(0.00843551826477051,0.0952997055053711,
-0.0975100021362305),(0.00843551826477051,0.0952997055053711,-0.0966065826416016),
(0.00862067031860352,0.00153346395492554,-0.0975100021362305),(0.00862067031860352,
0.00153346395492554,-0.0966065826416016),(0.0086640567779541,-0.0143654136657715,
-0.0975100021362305),(0.0086640567779541,-0.0143654136657715,-0.0966065826416016),
(0.00873919105529785,0.0503374519348145,-0.0975100021362305),(0.00873919105529785,
0.0503374519348145,-0.0966065826416016),(0.00874632358551025,0.0955408935546875,
-0.0975100021362305),(0.00874632358551025,0.0955408935546875,-0.0966065826416016),
(0.00887403106689453,0.0303513145446778,-0.0975100021362305),(0.00887403106689453,
0.0303513145446778,-0.0966065826416016),(0.00912890911102295,-0.0109311199188232,
-0.0975100021362305),(0.00912890911102295,-0.0109311199188232,-0.0966065826416016),
(0.00918165397644043,0.0497546920776367,-0.0975100021362305),(0.00918165397644043,
0.0497546920776367,-0.0966065826416016),(0.00928527545928955,0.0146171836853027,
-0.0975100021362305),(0.00928527545928955,0.0146171836853027,-0.0966065826416016),
(0.00942361545562744,0.0829678268432617,-0.0975100021362305),(0.00942361545562744,
0.0829678268432617,-0.0966065826416016),(0.00950104713439941,0.0956814880371094,
-0.0975100021362305),(0.00950104713439941,0.0956814880371094,-0.0966065826416016),
(0.0095454273223877,0.0491206817626953,-0.0975100021362305),(0.0095454273223877,
0.0491206817626953,-0.0966065826416016),(0.00958700847625732,-0.000365891993045807,
-0.0975100021362305),(0.00958700847625732,-0.000365891993045807,-0.0966065826416016),
(0.00968714618682861,0.0271713790893554,-0.0975100021362305),(0.00968714618682861,
0.0271713790893554,-0.0966065826416016),(0.00980646324157715,0.0320434837341309,
-0.0975100021362305),(0.00980646324157715,0.0320434837341309,-0.0966065826416016),
(0.00983593273162842,-0.00518404388427734,-0.0975100021362305),(0.00983593273162842,
-0.00518404388427734,-0.0966065826416016),(0.00987543392181396,0.0957107925415039,
-0.0975100021362305),(0.00987543392181396,0.0957107925415039,-0.0966065826416016),
(0.00996704864501953,0.0580346031188965,-0.0975100021362305),(0.00996704864501953,
0.0580346031188965,-0.0966065826416016),(0.0100107593536377,0.00560432004928589,
-0.0975100021362305),(0.0100107593536377,0.00560432004928589,-0.0966065826416016),
(0.0100305271148682,0.0534628829956055,-0.0975100021362305),(0.0100305271148682,
0.0534628829956055,-0.0966065826416016),(0.0102305612564087,0.058475212097168,
-0.0975100021362305),(0.0102305612564087,0.058475212097168,-0.0966065826416016),
(0.0103975229263306,0.0542770538330078,-0.0975100021362305),(0.0103975229263306,
0.0542770538330078,-0.0966065826416016),(0.0103980073928833,-0.00589367580413818,
-0.0975100021362305),(0.0103980073928833,-0.00589367580413818,-0.0966065826416016),
(0.0104302492141724,0.0589495010375977,-0.0975100021362305),(0.0104302492141724,
0.0589495010375977,-0.0966065826416016),(0.0105832643508911,0.0818417892456055,
-0.0975100021362305),(0.0105832643508911,0.0818417892456055,-0.0966065826416016),
(0.0106091480255127,0.0373642501831055,-0.0975100021362305),(0.0106091480255127,
0.0373642501831055,-0.0966065826416016),(0.0107445774078369,0.0923509750366211,
-0.0975100021362305),(0.0107445774078369,0.0923509750366211,-0.0966065826416016),
(0.0107994804382324,-0.00670933723449707,-0.0975100021362305),(0.0107994804382324,
-0.00670933723449707,-0.0966065826416016),(0.0108301105499268,0.0550589981079102,
-0.0975100021362305),(0.0108301105499268,0.0550589981079102,-0.0966065826416016),
(0.0108628206253052,0.0138544673919678,-0.0975100021362305),(0.0108628206253052,
0.0138544673919678,-0.0966065826416016),(0.0108740644454956,0.00785641384124756,
-0.0975100021362305),(0.0108740644454956,0.00785641384124756,-0.0966065826416016),
(0.0110318431854248,0.018237606048584,-0.0975100021362305),(0.0110318431854248,
0.018237606048584,-0.0966065826416016),(0.0112996873855591,0.0610145034790039,
-0.0975100021362305),(0.0112996873855591,0.0610145034790039,-0.0966065826416016),
(0.0114972791671753,0.0218580112457275,-0.0975100021362305),(0.0114972791671753,
0.0218580112457275,-0.0966065826416016),(0.0115441303253174,-0.0143654136657715,
-0.0975100021362305),(0.0115441303253174,-0.0143654136657715,-0.0966065826416016),
(0.0115838165283203,-0.00969339561462402,-0.0975100021362305),(0.0115838165283203,
-0.00969339561462402,-0.0966065826416016),(0.0117753276824951,0.0615198211669922,
-0.0975100021362305),(0.0117753276824951,0.0615198211669922,-0.0966065826416016),
(0.0117870054244995,-0.00493109893798828,-0.0975100021362305),(0.0117870054244995,
-0.00493109893798828,-0.0966065826416016),(0.0117870054244995,0.0571564331054688,
-0.0975100021362305),(0.0117870054244995,0.0571564331054688,-0.0966065826416016),
(0.0117870054244995,0.0956552276611328,-0.0975100021362305),(0.0117870054244995,
0.0956552276611328,-0.0966065826416016),(0.0119672718048096,0.0133063049316406,
-0.0975100021362305),(0.0119672718048096,0.0133063049316406,-0.0966065826416016),
(0.011972728729248,0.0010008419752121,-0.0975100021362305),(0.011972728729248,
0.0010008419752121,-0.0966065826416016),(0.0120814437866211,0.0575663070678711,
-0.0975100021362305),(0.0120814437866211,0.0575663070678711,-0.0966065826416016),
(0.0121147937774658,0.0621327285766602,-0.0975100021362305),(0.0121147937774658,
0.0621327285766602,-0.0966065826416016),(0.0121955976486206,0.0858392868041992,
-0.0975100021362305),(0.0121955976486206,0.0858392868041992,-0.0966065826416016),
(0.012217981338501,-0.00573904991149902,-0.0975100021362305),(0.012217981338501,
-0.00573904991149902,-0.0966065826416016),(0.0123791046142578,0.0579747276306152,
-0.0975100021362305),(0.0123791046142578,0.0579747276306152,-0.0966065826416016),
(0.0124231100082397,-0.00275940990447998,-0.0975100021362305),(0.0124231100082397,
-0.00275940990447998,-0.0966065826416016),(0.0124411449432373,0.0366341400146485,
-0.0975100021362305),(0.0124411449432373,0.0366341400146485,-0.0966065826416016),
(0.0125036535263061,0.0309942989349366,-0.0975100021362305),(0.0125036535263061,
0.0309942989349366,-0.0966065826416016),(0.0125539312362671,0.00704757881164551,
-0.0975100021362305),(0.0125539312362671,0.00704757881164551,-0.0966065826416016),
(0.0126718273162842,-0.00653567123413086,-0.0975100021362305),(0.0126718273162842,
-0.00653567123413086,-0.0966065826416016),(0.0127396373748779,-0.0106889934539795,
-0.0975100021362305),(0.0127396373748779,-0.0106889934539795,-0.0966065826416016),
(0.0127685527801514,0.0878521728515625,-0.0975100021362305),(0.0127685527801514,
0.0878521728515625,-0.0966065826416016),(0.0127690725326538,0.0956422958374023,
-0.0975100021362305),(0.0127690725326538,0.0956422958374023,-0.0966065826416016),
(0.0128269214630127,0.0905202255249023,-0.0975100021362305),(0.0128269214630127,
0.0905202255249023,-0.0966065826416016),(0.013058521270752,0.0127340250015259,
-0.0975100021362305),(0.013058521270752,0.0127340250015259,-0.0966065826416016),
(0.0132727966308594,0.0928681106567383,-0.0975100021362305),(0.0132727966308594,
0.0928681106567383,-0.0966065826416016),(0.0133115358352661,0.0423395233154297,
-0.0975100021362305),(0.0133115358352661,0.0423395233154297,-0.0966065826416016),
(0.0133437080383301,0.0385457992553711,-0.0975100021362305),(0.0133437080383301,
0.0385457992553711,-0.0966065826416016),(0.0133459434509277,0.0642413864135742,
-0.0975100021362305),(0.0133459434509277,0.0642413864135742,-0.0966065826416016),
(0.013478063583374,0.0240881366729737,-0.0975100021362305),(0.013478063583374,
0.0240881366729737,-0.0966065826416016),(0.0134958057403564,-0.0117041349411011,
-0.0975100021362305),(0.0134958057403564,-0.0117041349411011,-0.0966065826416016),
(0.0135174255371094,0.0596756286621094,-0.0975100021362305),(0.0135174255371094,
0.0596756286621094,-0.0966065826416016),(0.0135742521286011,-0.0119255485534668,
-0.0975100021362305),(0.0135742521286011,-0.0119255485534668,-0.0966065826416016),
(0.0136811618804932,0.0346367568969727,-0.0975100021362305),(0.0137272663116455,
0.000133205994963646,-0.0975100021362305),(0.0137272663116455,0.000133205994963646,
-0.0966065826416016),(0.0137410573959351,0.0437271842956543,-0.0975100021362305),
(0.0137410573959351,0.0437271842956543,-0.0966065826416016),(0.0137512445449829,
0.0956615905761719,-0.0975100021362305),(0.0137512445449829,0.0956615905761719,
-0.0966065826416016),(0.0138574981689453,0.0460539321899414,-0.0975100021362305),
(0.0138574981689453,0.0460539321899414,-0.0966065826416016),(0.0139643239974976,
-0.0143654136657715,-0.0975100021362305),(0.0139643239974976,-0.0143654136657715,
-0.0966065826416016),(0.0140300903320312,0.0606905250549316,-0.0975100021362305),
(0.0140300903320312,0.0606905250549316,-0.0966065826416016),(0.0140549163818359,
0.0897064208984375,-0.0975100021362305),(0.0140549163818359,0.0897064208984375,
-0.0966065826416016),(0.0143309736251831,-0.0050160608291626,-0.0975100021362305),
(0.0143309736251831,-0.0050160608291626,-0.0966065826416016),(0.0143935165405273,
0.0311875057220459,-0.0975100021362305),(0.0143935165405273,0.0311875057220459,
-0.0966065826416016),(0.0144580001831055,0.0486884765625,-0.0975100021362305),
(0.0144580001831055,0.0486884765625,-0.0966065826416016),(0.0145090398788452,
0.0839353713989258,-0.0975100021362305),(0.0145090398788452,0.0839353713989258,
-0.0966065826416016),(0.0145311460494995,0.0663725051879883,-0.0975100021362305),
(0.0145311460494995,0.0663725051879883,-0.0966065826416016),(0.0145877122879028,
0.0943526916503906,-0.0975100021362305),(0.0145877122879028,0.0943526916503906,
-0.0966065826416016),(0.0146340913772583,0.0500335578918457,-0.0975100021362305),
(0.0146340913772583,0.0500335578918457,-0.0966065826416016),(0.014651312828064,
-0.0101861181259155,-0.0975100021362305),(0.014651312828064,-0.0101861181259155,
-0.0966065826416016),(0.0146885957717895,0.0616122856140137,-0.0975100021362305),
(0.0146885957717895,0.0616122856140137,-0.0966065826416016),(0.0147274904251099,
0.0916537322998047,-0.0975100021362305),(0.0147274904251099,0.0916537322998047,
-0.0966065826416016),(0.0147627468109131,0.0113243246078491,-0.0975100021362305),
(0.0147627468109131,0.0113243246078491,-0.0966065826416016),(0.015030764579773,
0.0533195190429688,-0.0975100021362305),(0.015030764579773,0.0533195190429688,
-0.0966065826416016),(0.0150366897583008,-0.0109928045272827,-0.0975100021362305),
(0.0150366897583008,-0.0109928045272827,-0.0966065826416016),(0.0151646871566773,
0.0681461563110352,-0.0975100021362305),(0.0151646871566773,0.0681461563110352,
-0.0966065826416016),(0.0152062492370605,0.000595072984695435,-0.0975100021362305),
(0.0152062492370605,0.000595072984695435,-0.0966065826416016),(0.0154665002822876,
0.0270695037841797,-0.0975100021362305),(0.0154894008636475,0.0945120468139648,
-0.0975100021362305),(0.0154894008636475,0.0945120468139648,-0.0966065826416016),
(0.015551381111145,-0.0117285976409912,-0.0975100021362305),(0.015551381111145,
-0.0117285976409912,-0.0966065826416016),(0.0157006702423095,0.0568189964294434,
-0.0975100021362305),(0.0157006702423095,0.0568189964294434,-0.0966065826416016),
(0.0157043952941895,0.0136273021697998,-0.0975100021362305),(0.0157043952941895,
0.0136273021697998,-0.0966065826416016),(0.0158115329742432,0.024006778717041,
-0.0975100021362305),(0.0158115329742432,0.024006778717041,-0.0966065826416016),
(0.015840708732605,0.0703440017700195,-0.0975100021362305),(0.015840708732605,
0.0703440017700195,-0.0966065826416016),(0.0158617067337036,0.0193451061248779,
-0.0975100021362305),(0.0158617067337036,0.0193451061248779,-0.0966065826416016),
(0.0158748731613159,0.0637652969360352,-0.0975100021362305),(0.0158748731613159,
0.0637652969360352,-0.0966065826416016),(0.015889310836792,0.0643707427978516,
-0.0975100021362305),(0.015889310836792,0.0643707427978516,-0.0966065826416016),
(0.0159871397018433,0.0882150650024414,-0.0975100021362305),(0.0159871397018433,
0.0882150650024414,-0.0966065826416016),(0.0160058498382568,0.0957472457885742,
-0.0975100021362305),(0.0160058498382568,0.0957472457885742,-0.0966065826416016),
(0.0161456985473633,0.077261604309082,-0.0975100021362305),(0.0161456985473633,
0.077261604309082,-0.0966065826416016),(0.0161640968322754,0.0103473854064941,
-0.0975100021362305),(0.0161640968322754,0.0103473854064941,-0.0966065826416016),
(0.0162075309753418,0.0614478530883789,-0.0975100021362305),(0.0162075309753418,
0.0614478530883789,-0.0966065826416016),(0.016362211227417,0.0652888565063477,
-0.0975100021362305),(0.016362211227417,0.0652888565063477,-0.0966065826416016),
(0.0164123649597168,0.0789133071899414,-0.0975100021362305),(0.0164123649597168,
0.0789133071899414,-0.0966065826416016),(0.0164231758117676,0.0725658416748047,
-0.0975100021362305),(0.0164231758117676,0.0725658416748047,-0.0966065826416016),
(0.016436185836792,0.0933882446289063,-0.0975100021362305),(0.016436185836792,
0.0933882446289063,-0.0966065826416016),(0.0165674571990967,0.0928851547241211,
-0.0975100021362305),(0.0165674571990967,0.0928851547241211,-0.0966065826416016),
(0.0166198482513427,0.0656290512084961,-0.0975100021362305),(0.0166198482513427,
0.0656290512084961,-0.0966065826416016),(0.0166267433166504,0.0623990135192871,
-0.0975100021362305),(0.0166267433166504,0.0623990135192871,-0.0966065826416016),
(0.0167328948974609,0.0790872497558594,-0.0975100021362305),(0.0167328948974609,
0.0790872497558594,-0.0966065826416016),(0.0167444496154785,0.0741081848144531,
-0.0975100021362305),(0.0167444496154785,0.0741081848144531,-0.0966065826416016),
(0.0167531814575196,0.0591720924377441,-0.0975100021362305),(0.0167531814575196,
0.0591720924377441,-0.0966065826416016),(0.0168305969238281,0.0960158309936524,
-0.0975100021362305),(0.0168305969238281,0.0960158309936524,-0.0966065826416016),
(0.016863784790039,0.0776656646728516,-0.0975100021362305),(0.016863784790039,
0.0776656646728516,-0.0966065826416016),(0.0169452056884765,-0.00142921602725983,
-0.0975100021362305),(0.0169452056884765,-0.00142921602725983,-0.0966065826416016),
(0.0171814556121826,0.0521411933898926,-0.0975100021362305),(0.0171814556121826,
0.0521411933898926,-0.0966065826416016),(0.0171857528686524,0.0356177177429199,
-0.0975100021362305),(0.0171857528686524,0.0356177177429199,-0.0966065826416016),
(0.0172032337188721,0.0760688400268555,-0.0975100021362305),(0.0172032337188721,
0.0760688400268555,-0.0966065826416016),(0.0172446384429932,-0.0143654136657715,
-0.0975100021362305),(0.0172446384429932,-0.0143654136657715,-0.0966065826416016),
(0.0172609901428223,0.0250439147949219,-0.0975100021362305),(0.0173282737731933,
0.0324700813293457,-0.0975100021362305),(0.0173547382354736,0.0794388885498047,
-0.0975100021362305),(0.0173547382354736,0.0794388885498047,-0.0966065826416016),
(0.0173829460144043,0.0497297973632813,-0.0975100021362305),(0.0173829460144043,
0.0497297973632813,-0.0966065826416016),(0.0173924388885498,0.0296750926971436,
-0.0975100021362305),(0.0175201797485351,0.0424606704711914,-0.0975100021362305),
(0.0175506858825683,0.00935578918457031,-0.0975100021362305),(0.0175506858825683,
0.00935578918457031,-0.0966065826416016),(0.0175549831390381,0.0797080383300781,
-0.0975100021362305),(0.0175549831390381,0.0797080383300781,-0.0966065826416016),
(0.0175847091674805,0.0434617614746094,-0.0975100021362305),(0.0175964241027832,
0.0780458068847656,-0.0975100021362305),(0.0175964241027832,0.0780458068847656,
-0.0966065826416016),(0.0175972175598145,0.0942738037109375,-0.0975100021362305),
(0.0176201820373535,0.0126387214660644,-0.0975100021362305),(0.0176281642913819,
0.0466057167053223,-0.0975100021362305),(0.0176281642913819,0.0504616394042969,
-0.0975100021362305),(0.0176281642913819,0.0630401458740234,-0.0975100021362305),
(0.0176281642913819,0.0685210800170898,-0.0975100021362305),(0.0176281642913819,
0.0730810165405273,-0.0975100021362305),(0.0176281642913819,0.0961623382568359,
-0.0975100021362305),(0.0176288738250733,0.0961458282470703,-0.0975100021362305),
(0.0176317844390869,0.0809668731689453,-0.0975100021362305),(0.0176317844390869,
0.0809668731689453,-0.0966065826416016),(0.0176422424316406,0.0812121124267578,
-0.0975100021362305),(0.0176599025726318,0.0473231811523438,-0.0975100021362305),
(0.0176599025726318,0.0473231811523438,-0.0966065826416016),(0.017664566040039,
0.0909419937133789,-0.0975100021362305),(0.017677505493164,0.0822273712158203,
-0.0975100021362305),(0.017677505493164,0.0822273712158203,-0.0966065826416016),
(0.0177011814117431,0.0961623382568359,-0.0975100021362305),(0.0177011814117431,
0.0961623382568359,-0.0966065826416016),(0.0177027721405029,0.0961623382568359,
-0.0975100021362305),(0.0177027721405029,0.0961623382568359,-0.0966065826416016),
(0.0177182788848877,0.0920019683837891,-0.0975100021362305),(0.0177734165191651,
0.0837977066040039,-0.0975100021362305),(0.0177734165191651,0.0837977066040039,
-0.0966065826416016),(0.0180616340637207,0.026628345489502,-0.0975100021362305),
(0.0180616340637207,0.026628345489502,-0.0966065826416016),(0.018077226638794,
0.0424989280700683,-0.0975100021362305),(0.018077226638794,0.0424989280700683,
-0.0966065826416016),(0.018088731765747,0.0849871444702148,-0.0975100021362305),
(0.018088731765747,0.0849871444702148,-0.0966065826416016),(0.0180924739837646,
0.0650698013305664,-0.0975100021362305),(0.0180924739837646,0.0650698013305664,
-0.0966065826416016),(0.0181830997467041,0.0193324413299561,-0.0975100021362305),
(0.0181830997467041,0.0193324413299561,-0.0966065826416016),(0.0181831703186035,
0.0611759719848633,-0.0975100021362305),(0.0181831703186035,0.0611759719848633,
-0.0966065826416016),(0.0183153419494629,0.0376209030151367,-0.0975100021362305),
(0.0183153419494629,0.0376209030151367,-0.0966065826416016),(0.0183350238800049,
0.0861992340087891,-0.0975100021362305),(0.0183350238800049,0.0861992340087891,
-0.0966065826416016),(0.0183731899261475,0.0122624731063843,-0.0975100021362305),
(0.0183731899261475,0.0122624731063843,-0.0966065826416016),(0.0183765506744385,
0.0416569709777832,-0.0975100021362305),(0.0183765506744385,0.0416569709777832,
-0.0966065826416016),(0.0184375877380371,0.0572871322631836,-0.0975100021362305),
(0.0184375877380371,0.0572871322631836,-0.0966065826416016),(0.0185171966552734,
0.058270622253418,-0.0975100021362305),(0.0185171966552734,0.058270622253418,
-0.0966065826416016),(0.0185250434875488,0.0407698936462403,-0.0975100021362305),
(0.0185250434875488,0.0407698936462403,-0.0966065826416016),(0.0185426464080811,
0.0592556686401367,-0.0975100021362305),(0.0185426464080811,0.0592556686401367,
-0.0966065826416016),(0.0186201400756836,0.0332980041503907,-0.0975100021362305),
(0.0186201400756836,0.0332980041503907,-0.0966065826416016),(0.0186523475646973,
0.062099048614502,-0.0975100021362305),(0.0186523475646973,0.062099048614502,
-0.0966065826416016),(0.0186734848022461,0.0649391021728516,-0.0975100021362305),
(0.0186734848022461,0.0649391021728516,-0.0966065826416016),(0.0187369632720948,
0.0880115661621094,-0.0975100021362305),(0.0187369632720948,0.0880115661621094,
-0.0966065826416016),(0.0188740749359131,0.0944808807373047,-0.0975100021362305),
(0.0188740749359131,0.0944808807373047,-0.0966065826416016),(0.0189947586059571,
0.0500397415161133,-0.0975100021362305),(0.0189947586059571,0.0500397415161133,
-0.0966065826416016),(0.0190838279724121,0.0363523483276367,-0.0975100021362305),
(0.0190838279724121,0.0363523483276367,-0.0966065826416016),(0.019143632888794,
-0.000663501024246216,-0.0975100021362305),(0.019143632888794,-0.000663501024246216,
-0.0966065826416016),(0.0191585845947265,0.00850741863250733,-0.0975100021362305),
(0.0191585845947265,0.00850741863250733,-0.0966065826416016),(0.0191818523406983,
0.0486230735778809,-0.0975100021362305),(0.0191818523406983,0.0486230735778809,
-0.0966065826416016),(0.0191938934326172,0.0893814544677734,-0.0975100021362305),
(0.0191938934326172,0.0893814544677734,-0.0966065826416016),(0.0192165279388428,
-0.0143654136657715,-0.0975100021362305),(0.0192165279388428,-0.0143654136657715,
-0.0966065826416016),(0.0193509616851807,0.0472032890319824,-0.0975100021362305),
(0.0193509616851807,0.0472032890319824,-0.0966065826416016),(0.0193655471801758,
-0.0125867385864258,-0.0975100021362305),(0.0193655471801758,-0.0125867385864258,
-0.0966065826416016),(0.0194273300170898,-0.010803165435791,-0.0975100021362305),
(0.0194273300170898,-0.010803165435791,-0.0966065826416016),(0.0194535732269287,
0.0352161483764648,-0.0975100021362305),(0.0194535732269287,0.0352161483764648,
-0.0966065826416016),(0.0194557437896728,0.0349473075866699,-0.0975100021362305),
(0.0194557437896728,0.0349473075866699,-0.0966065826416016),(0.0194666919708252,
0.013886622428894,-0.0975100021362305),(0.0194666919708252,0.013886622428894,
-0.0966065826416016),(0.0194739494323731,0.0273392429351807,-0.0975100021362305),
(0.0194792537689209,0.0476571197509766,-0.0975100021362305),(0.0194792537689209,
0.0476571197509766,-0.0966065826416016),(0.0195847797393799,0.0481158332824707,
-0.0975100021362305),(0.0195847797393799,0.0481158332824707,-0.0966065826416016),
(0.0196019134521485,0.0202826480865478,-0.0975100021362305),(0.0196019134521485,
0.0202826480865478,-0.0966065826416016),(0.0196722354888916,0.0907448959350586,
-0.0975100021362305),(0.0196722354888916,0.0907448959350586,-0.0966065826416016),
(0.0196982936859131,0.0750635528564453,-0.0975100021362305),(0.0196982936859131,
0.0750635528564453,-0.0966065826416016),(0.0197808475494385,0.0578745727539063,
-0.0975100021362305),(0.0197808475494385,0.0578745727539063,-0.0966065826416016),
(0.0197905826568603,0.0789341125488281,-0.0975100021362305),(0.0197905826568603,
0.0789341125488281,-0.0966065826416016),(0.0198840179443359,0.0269074001312256,
-0.0975100021362305),(0.0198840179443359,0.0269074001312256,-0.0966065826416016),
(0.0199390697479248,0.050448356628418,-0.0975100021362305),(0.020030101776123,
0.0726294784545899,-0.0975100021362305),(0.020030101776123,0.0726294784545899,
-0.0966065826416016),(0.0200784721374512,0.065738410949707,-0.0975100021362305),
(0.0200784721374512,0.065738410949707,-0.0966065826416016),(0.0201215610504151,
0.0961623382568359,-0.0975100021362305),(0.0201215610504151,0.0961623382568359,
-0.0966065826416016),(0.0201243839263916,0.0414504890441895,-0.0975100021362305),
(0.0201243839263916,0.0414504890441895,-0.0966065826416016),(0.0201586933135986,
0.0861220855712891,-0.0913170700073242),(0.0201586933135986,0.0861220855712891,
-0.0892829284667969),(0.0201586933135986,0.0961623382568359,-0.0913170700073242),
(0.0201586933135986,0.0961623382568359,-0.0892829284667969),(0.0201657905578614,
0.0427324714660645,-0.0975100021362305),(0.0201657905578614,0.0427324714660645,
-0.0966065826416016),(0.020178955078125,0.0310570831298828,-0.0975100021362305),
(0.020178955078125,0.0310570831298828,-0.0966065826416016),(0.0202348136901855,
0.0861220855712891,-0.0916997528076172),(0.0202348136901855,0.0861220855712891,
-0.0889002456665039),(0.0202348136901855,0.0961623382568359,-0.0916997528076172),
(0.0202348136901855,0.0961623382568359,-0.0889002456665039),(0.020281660079956,
0.092716064453125,-0.0975100021362305),(0.020281660079956,0.092716064453125,
-0.0966065826416016),(0.0203504753112793,0.0152823419570923,-0.0975100021362305),
(0.0203504753112793,0.0152823419570923,-0.0966065826416016),(0.0203646812438965,
0.0827694396972656,-0.0975100021362305),(0.0203646812438965,0.0827694396972656,
-0.0966065826416016),(0.0204170722961426,0.0401830635070801,-0.0975100021362305),
(0.0204170722961426,0.0401830635070801,-0.0966065826416016),(0.020451587677002,
0.0861220855712891,-0.0920241775512695),(0.020451587677002,0.0861220855712891,
-0.0885758209228516),(0.020451587677002,0.0961623382568359,-0.0920241775512695),
(0.020451587677002,0.0961623382568359,-0.0885758209228516),(0.0204685096740722,
0.0933591690063477,-0.0975100021362305),(0.0204685096740722,0.0933591690063477,
-0.0966065826416016),(0.0205373783111573,0.0702370834350586,-0.0975100021362305),
(0.0205373783111573,0.0702370834350586,-0.0966065826416016),(0.0205405654907227,
0.0652900543212891,-0.0975100021362305),(0.0205405654907227,0.0652900543212891,
-0.0966065826416016),(0.0205596408843994,0.0296774940490722,-0.0975100021362305),
(0.0205596408843994,0.0296774940490722,-0.0966065826416016),(0.0205976161956787,
0.0564290275573731,-0.0975100021362305),(0.0205976161956787,0.0564290275573731,
-0.0966065826416016),(0.0206421585083008,0.0940055999755859,-0.0975100021362305),
(0.0206421585083008,0.0940055999755859,-0.0966065826416016),(0.0206921768188476,
-0.000558476984500885,-0.0975100021362305),(0.0206921768188476,-0.000558476984500885,
-0.0966065826416016),(0.0207262725830078,0.0260300788879394,-0.0975100021362305),
(0.0207262725830078,0.0260300788879394,-0.0966065826416016),(0.0207760105133057,
0.0861220855712891,-0.0922409515380859),(0.0207760105133057,0.0861220855712891,
-0.0883590545654297),(0.0207760105133057,0.0961623382568359,-0.0922409515380859),
(0.0207760105133057,0.0961623382568359,-0.0883590545654297),(0.0208585128784179,
0.0282739963531494,-0.0975100021362305),(0.0208585128784179,0.0282739963531494,
-0.0966065826416016),(0.020870677947998,0.0215566215515137,-0.0975100021362305),
(0.0208950176239014,0.00757950878143311,-0.0975100021362305),(0.0208950176239014,
0.00757950878143311,-0.0966065826416016),(0.0209206638336181,0.0465818290710449,
-0.0975100021362305),(0.0209502658843994,0.064793571472168,-0.0975100021362305),
(0.0209502658843994,0.064793571472168,-0.0966065826416016),(0.0209978103637696,
-0.0143654136657715,-0.0975100021362305),(0.0209978103637696,-0.0143654136657715,
-0.0966065826416016),(0.0210047740936279,0.027377670288086,-0.0975100021362305),
(0.0210047740936279,0.0347759284973145,-0.0975100021362305),(0.0210047740936279,
0.0504616394042969,-0.0975100021362305),(0.0210047740936279,0.0630401458740234,
-0.0975100021362305),(0.0210047740936279,0.0685210800170898,-0.0975100021362305),
(0.0210551872253418,0.010921552658081,-0.0975100021362305),(0.0210551872253418,
0.010921552658081,-0.0966065826416016),(0.0210666770935058,0.0429152870178223,
-0.0975100021362305),(0.0210901145935058,0.0362904815673828,-0.0975100021362305),
(0.0210901145935058,0.0362904815673828,-0.0966065826416016),(0.0211359958648682,
-0.0120516605377197,-0.0975100021362305),(0.0211359958648682,-0.0120516605377197,
-0.0966065826416016),(0.0211380691528321,0.0961328353881836,-0.0975100021362305),
(0.0211380691528321,0.0961328353881836,-0.0966065826416016),(0.0211408596038818,
0.0479686584472656,-0.0975100021362305),(0.0211408596038818,0.0479686584472656,
-0.0966065826416016),(0.0211454849243164,0.0353808670043946,-0.0975100021362305),
(0.0211454849243164,0.0353808670043946,-0.0966065826416016),(0.0211586933135986,
0.0861220855712891,-0.0923170700073242),(0.0211586933135986,0.0861220855712891,
-0.0882829284667969),(0.0211586933135986,0.0961623382568359,-0.0923170700073242),
(0.0211586933135986,0.0961623382568359,-0.0882829284667969),(0.0211592674255371,
0.0961472930908203,-0.0975100021362305),(0.0211592674255371,0.0961472930908203,
-0.0966065826416016),(0.0211620483398437,-0.00973206424713135,-0.0975100021362305),
(0.0211620483398437,-0.00973206424713135,-0.0966065826416016),(0.0211628684997558,
0.0481159477233887,-0.0975100021362305),(0.0211796913146972,0.0961623382568359,
-0.0975100021362305),(0.0211796913146972,0.0961623382568359,-0.0966065826416016),
(0.0213172798156738,0.0344759292602539,-0.0975100021362305),(0.0213172798156738,
0.0344759292602539,-0.0966065826416016),(0.0213899402618408,0.0713847808837891,
-0.0975100021362305),(0.0213899402618408,0.0713847808837891,-0.0966065826416016),
(0.0214796943664551,0.0504438247680664,-0.0975100021362305),(0.0214847431182861,
0.0869770584106445,-0.0975100021362305),(0.0214847431182861,0.0869770584106445,
-0.0966065826416016),(0.0215146636962891,0.0348069076538086,-0.0975100021362305),
(0.0215146636962891,0.0348069076538086,-0.0966065826416016),(0.0215555324554444,
0.0251399726867676,-0.0975100021362305),(0.0215555324554444,0.0251399726867676,
-0.0966065826416016),(0.0216580963134765,0.0351636581420899,-0.0975100021362305),
(0.0216580963134765,0.0351636581420899,-0.0966065826416016),(0.0217979469299317,
0.0532531814575195,-0.0975100021362305),(0.0217979469299317,0.0532531814575195,
-0.0966065826416016),(0.0218001613616944,0.0677519912719727,-0.0975100021362305),
(0.0218001613616944,0.0677519912719727,-0.0966065826416016),(0.0218766899108887,
0.0465875701904297,-0.0975100021362305),(0.0219156646728516,0.0675984344482422,
-0.0975100021362305),(0.0219156646728516,0.0675984344482422,-0.0966065826416016),
(0.0219268951416015,0.0238407020568847,-0.0975100021362305),(0.0219268951416015,
0.0238407020568847,-0.0966065826416016),(0.0219361801147461,0.0551867904663086,
-0.0975100021362305),(0.0219361801147461,0.0551867904663086,-0.0966065826416016),
(0.0219617691040039,0.0206303443908691,-0.0975100021362305),(0.0219617691040039,
0.0206303443908691,-0.0966065826416016),(0.0220447902679444,0.0571220626831055,
-0.0975100021362305),(0.0220447902679444,0.0571220626831055,-0.0966065826416016),
(0.0220687694549561,0.0311448173522949,-0.0975100021362305),(0.0220687694549561,
0.0311448173522949,-0.0966065826416016),(0.0221978054046631,0.0694251708984375,
-0.0975100021362305),(0.0221978054046631,0.0694251708984375,-0.0966065826416016),
(0.0222198944091797,0.0602455177307129,-0.0975100021362305),(0.0222198944091797,
0.0602455177307129,-0.0966065826416016),(0.0222253532409668,0.0730860824584961,
-0.0975100021362305),(0.0222260799407959,0.063375415802002,-0.0975100021362305),
(0.0222260799407959,0.063375415802002,-0.0966065826416016),(0.0222457618713379,
0.0225220966339112,-0.0975100021362305),(0.0222457618713379,0.0225220966339112,
-0.0966065826416016),(0.0222655811309815,0.0725163650512695,-0.0975100021362305),
(0.0222655811309815,0.0725163650512695,-0.0966065826416016),(0.0223059310913086,
0.0295839042663575,-0.0975100021362305),(0.0223059310913086,0.0295839042663575,
-0.0966065826416016),(0.0225304279327392,0.0116990642547607,-0.0975100021362305),
(0.0225304279327392,0.0116990642547607,-0.0966065826416016),(0.0225933704376221,
0.0911863403320313,-0.0975100021362305),(0.0225933704376221,0.0911863403320313,
-0.0966065826416016),(0.0226285152435303,0.0504592437744141,-0.0975100021362305),
(0.0226435089111328,0.0200919704437256,-0.0975100021362305),(0.0226435089111328,
0.0200919704437256,-0.0966065826416016),(0.0226675205230713,0.00672072505950928,
-0.0975100021362305),(0.0226675205230713,0.00672072505950928,-0.0966065826416016),
(0.0226843948364258,0.0507749786376953,-0.0975100021362305),(0.0226843948364258,
0.0507749786376953,-0.0966065826416016),(0.0227265644073486,0.0280471076965332,
-0.0975100021362305),(0.0227265644073486,0.0280471076965332,-0.0966065826416016),
(0.0229843597412109,0.0704156723022461,-0.0975100021362305),(0.0229843597412109,
0.0704156723022461,-0.0966065826416016),(0.0229883804321289,0.083544677734375,
-0.0975100021362305),(0.0229883804321289,0.083544677734375,-0.0966065826416016),
(0.0230039749145508,0.0439457054138183,-0.0975100021362305),(0.0230039749145508,
0.0439457054138183,-0.0966065826416016),(0.0230180187225342,0.0196560211181641,
-0.0975100021362305),(0.0230180187225342,0.0196560211181641,-0.0966065826416016),
(0.023028902053833,0.0667706298828125,-0.0975100021362305),(0.023028902053833,
0.0667706298828125,-0.0966065826416016),(0.0230752296447754,0.0624290046691895,
-0.0975100021362305),(0.0230752296447754,0.0624290046691895,-0.0966065826416016),
(0.0231088237762451,0.0193944473266602,-0.0975100021362305),(0.0231088237762451,
0.0193944473266602,-0.0966065826416016),(0.0233500213623047,0.0933977737426758,
-0.0975100021362305),(0.0233500213623047,0.0933977737426758,-0.0966065826416016),
(0.0233797855377198,0.0253006095886231,-0.0975100021362305),(0.0233797855377198,
0.0253006095886231,-0.0966065826416016),(0.023431640625,0.0181974296569824,
-0.0975100021362305),(0.023431640625,0.0181974296569824,-0.0966065826416016),
(0.0234364604949951,-0.0143654136657715,-0.0975100021362305),(0.0234364604949951,
-0.0143654136657715,-0.0966065826416016),(0.0234518585205078,0.0151826715469361,
-0.0975100021362305),(0.0234518585205078,0.0151826715469361,-0.0966065826416016),
(0.023666826248169,0.0238912906646729,-0.0975100021362305),(0.023666826248169,
0.0238912906646729,-0.0966065826416016),(0.0237860221862793,0.0741745758056641,
-0.0975100021362305),(0.0237860221862793,0.0741745758056641,-0.0966065826416016),
(0.0238036251068116,0.0170166263580322,-0.0975100021362305),(0.0238036251068116,
0.0170166263580322,-0.0966065826416016),(0.0238495025634766,0.0713147048950195,
-0.0975100021362305),(0.0238495025634766,0.0713147048950195,-0.0966065826416016),
(0.0239256610870361,0.00936155796051025,-0.0975100021362305),(0.0239256610870361,
0.00936155796051025,-0.0966065826416016),(0.0239330577850342,-0.00378957104682923,
-0.0975100021362305),(0.0239330577850342,-0.00378957104682923,-0.0966065826416016),
(0.0239652328491211,0.0615180358886719,-0.0975100021362305),(0.0239652328491211,
0.0615180358886719,-0.0966065826416016),(0.0240223712921143,0.0793933486938477,
-0.0975100021362305),(0.0240223712921143,0.0793933486938477,-0.0966065826416016),
(0.024044095993042,0.0224834270477295,-0.0975100021362305),(0.024044095993042,
0.0224834270477295,-0.0966065826416016),(0.0240571250915528,0.00611864709854126,
-0.0975100021362305),(0.0240571250915528,0.00611864709854126,-0.0966065826416016),
(0.0242005043029785,0.0504470291137695,-0.0975100021362305),(0.0242037105560303,
0.014715329170227,-0.0975100021362305),(0.0242037105560303,0.014715329170227,
-0.0966065826416016),(0.0243658962249756,0.0273086643218994,-0.0975100021362305),
(0.0244001598358155,0.0517086181640625,-0.0975100021362305),(0.0244001598358155,
0.0517086181640625,-0.0966065826416016),(0.0244590644836426,0.0954645004272461,
-0.0975100021362305),(0.0244590644836426,0.0954645004272461,-0.0966065826416016),
(0.0245049419403076,0.0661410369873047,-0.0975100021362305),(0.0245049419403076,
0.0661410369873047,-0.0966065826416016),(0.0245497093200683,0.0749584579467773,
-0.0975100021362305),(0.0245497093200683,0.0749584579467773,-0.0966065826416016),
(0.0245641632080078,0.0143766269683838,-0.0975100021362305),(0.0245641632080078,
0.0143766269683838,-0.0966065826416016),(0.0246752796173095,0.0201291675567627,
-0.0975100021362305),(0.0246752796173095,0.0201291675567627,-0.0966065826416016),
(0.0246949615478516,0.0140343704223633,-0.0975100021362305),(0.0246949615478516,
0.0140343704223633,-0.0966065826416016),(0.0247161159515381,0.0958154449462891,
-0.0975100021362305),(0.0247161159515381,0.0958154449462891,-0.0966065826416016),
(0.0249025840759277,0.0845497512817383,-0.0975100021362305),(0.0249025840759277,
0.0845497512817383,-0.0966065826416016),(0.0249135856628418,0.0559290428161621,
-0.0975100021362305),(0.0249135856628418,0.0559290428161621,-0.0966065826416016),
(0.0249789428710937,0.0961623382568359,-0.0975100021362305),(0.0249789428710937,
0.0961623382568359,-0.0966065826416016),(0.0250097217559814,0.0728056182861328,
-0.0975100021362305),(0.0250097217559814,0.0728056182861328,-0.0966065826416016),
(0.0250284843444824,0.0129482316970825,-0.0975100021362305),(0.0250284843444824,
0.0129482316970825,-0.0966065826416016),(0.0250989456176758,0.0186183223724365,
-0.0975100021362305),(0.0250989456176758,0.0186183223724365,-0.0966065826416016),
(0.0251172752380371,0.0466058387756348,-0.0975100021362305),(0.0251172752380371,
0.0466058387756348,-0.0966065826416016),(0.0251742191314697,-0.0143654136657715,
-0.0975100021362305),(0.0251742191314697,-0.0143654136657715,-0.0966065826416016),
(0.0251844959259033,0.0601705665588379,-0.0975100021362305),(0.0251844959259033,
0.0601705665588379,-0.0966065826416016),(0.0252610034942627,0.0757920379638672,
-0.0975100021362305),(0.0252610034942627,0.0757920379638672,-0.0966065826416016),
(0.0253635673522949,0.0118620929718018,-0.0975100021362305),(0.0253635673522949,
0.0118620929718018,-0.0966065826416016),(0.0253715591430664,0.0759168090820312,
-0.0975100021362305),(0.0253715591430664,0.0759168090820312,-0.0966065826416016),
(0.0254320068359375,-0.00408091878890992,-0.0975100021362305),(0.0254320068359375,
-0.00408091878890992,-0.0966065826416016),(0.0255626735687256,0.0346610717773437,
-0.0975100021362305),(0.0255824127197266,0.0762145156860352,-0.0975100021362305),
(0.0255824127197266,0.0762145156860352,-0.0966065826416016),(0.0256126327514648,
0.0171363773345948,-0.0975100021362305),(0.0256126327514648,0.0171363773345948,
-0.0966065826416016),(0.0256147117614746,0.0764110260009766,-0.0975100021362305),
(0.0256147117614746,0.0764110260009766,-0.0966065826416016),(0.0257112808227539,
0.0425542297363281,-0.0975100021362305),(0.0257112808227539,0.0425542297363281,
-0.0966065826416016),(0.025794059753418,0.00981192111968994,-0.0975100021362305),
(0.025794059753418,0.00981192111968994,-0.0966065826416016),(0.0258622856140137,
0.00544628095626831,-0.0975100021362305),(0.0258622856140137,0.00544628095626831,
-0.0966065826416016),(0.0259949436187744,0.0739847412109375,-0.0975100021362305),
(0.0259949436187744,0.0739847412109375,-0.0966065826416016),(0.0261323471069336,
0.0593671340942383,-0.0975100021362305),(0.0261323471069336,0.0593671340942383,
-0.0966065826416016),(0.0261807537078858,0.0150371417999268,-0.0975100021362305),
(0.0261807537078858,0.0150371417999268,-0.0966065826416016),(0.026246171951294,
0.0827105331420898,-0.0975100021362305),(0.026246171951294,0.0827105331420898,
-0.0966065826416016),(0.0263524799346924,0.00881474685668945,-0.0975100021362305),
(0.0263524799346924,0.00881474685668945,-0.0966065826416016),(0.0264953746795655,
0.0940635375976562,-0.0975100021362305),(0.0264953746795655,0.0940635375976562,
-0.0966065826416016),(0.0266483783721924,0.0465723381042481,-0.0975100021362305),
(0.0266764392852783,0.0135958223342895,-0.0975100021362305),(0.0266764392852783,
0.0135958223342895,-0.0966065826416016),(0.0267009105682373,0.0904998474121094,
-0.0975100021362305),(0.0267009105682373,0.0904998474121094,-0.0966065826416016),
(0.0267487373352051,0.00772100114822388,-0.0975100021362305),(0.0267487373352051,
0.00772100114822388,-0.0966065826416016),(0.026858564376831,0.0272564258575439,
-0.0975100021362305),(0.0268820705413819,0.0583967666625977,-0.0975100021362305),
(0.0268820705413819,0.0583967666625977,-0.0966065826416016),(0.0270146560668946,
0.095121940612793,-0.0975100021362305),(0.0270146560668946,0.095121940612793,
-0.0966065826416016),(0.0270195617675782,0.0751300811767578,-0.0975100021362305),
(0.0270195617675782,0.0751300811767578,-0.0966065826416016),(0.0271246204376221,
0.0121385993957519,-0.0975100021362305),(0.0271246204376221,0.0121385993957519,
-0.0966065826416016),(0.0272590446472168,0.0874719696044922,-0.0975100021362305),
(0.027325590133667,0.027377670288086,-0.0975100021362305),(0.027325590133667,
0.0630401458740234,-0.0975100021362305),(0.027369556427002,0.0504284744262695,
-0.0975100021362305),(0.0273726634979248,0.0346580581665039,-0.0975100021362305),
(0.0274457569122314,0.0782298736572266,-0.0975100021362305),(0.0274457569122314,
0.0782298736572266,-0.0966065826416016),(0.0274834747314453,0.0511424331665039,
-0.0975100021362305),(0.0275460739135742,0.0285801315307617,-0.0975100021362305),
(0.0275681743621826,0.0961623382568359,-0.0975100021362305),(0.0275681743621826,
0.0961623382568359,-0.0966065826416016),(0.0276018390655518,0.0353245811462402,
-0.0975100021362305),(0.0276510219573975,0.0047368049621582,-0.0975100021362305),
(0.0276510219573975,0.0047368049621582,-0.0966065826416016),(0.0276510219573975,
0.0888877944946289,-0.0975100021362305),(0.0276510219573975,0.0888877944946289,
-0.0966065826416016),(0.0276967086791992,0.0650777206420899,-0.0975100021362305),
(0.0276967086791992,0.0650777206420899,-0.0966065826416016),(0.0277021999359131,
0.0412766494750976,-0.0975100021362305),(0.0277021999359131,0.0412766494750976,
-0.0966065826416016),(0.0277691097259521,0.0103754692077637,-0.0975100021362305),
(0.0277691097259521,0.0103754692077637,-0.0966065826416016),(0.027841199874878,
0.068045768737793,-0.0975100021362305),(0.027841199874878,0.068045768737793,
-0.0966065826416016),(0.0279132537841797,0.0543091735839844,-0.0975100021362305),
(0.0279132537841797,0.0543091735839844,-0.0966065826416016),(0.0280051116943359,
0.0558225631713867,-0.0975100021362305),(0.0280051116943359,0.0558225631713867,
-0.0966065826416016),(0.028141544342041,0.0259274806976319,-0.0975100021362305),
(0.028141544342041,0.0259274806976319,-0.0966065826416016),(0.0281759872436523,
0.0789676055908203,-0.0975100021362305),(0.0281759872436523,0.0789676055908203,
-0.0966065826416016),(0.0281819992065429,0.0573277435302734,-0.0975100021362305),
(0.0281819992065429,0.0573277435302734,-0.0966065826416016),(0.0281844940185547,
0.00920090293884277,-0.0975100021362305),(0.0281844940185547,0.00920090293884277,
-0.0966065826416016),(0.0282011432647705,0.0841315765380859,-0.0975100021362305),
(0.0282011432647705,0.0841315765380859,-0.0966065826416016),(0.0282101516723633,
0.0663466873168945,-0.0975100021362305),(0.0282101516723633,0.0663466873168945,
-0.0966065826416016),(0.028218318939209,-0.0143654136657715,-0.0975100021362305),
(0.028218318939209,-0.0143654136657715,-0.0966065826416016),(0.0284223308563233,
0.0766724243164063,-0.0975100021362305),(0.0284223308563233,0.0766724243164063,
-0.0966065826416016),(0.0285399341583252,-0.0116322917938232,-0.0975100021362305),
(0.0285399341583252,-0.0116322917938232,-0.0966065826416016),(0.0286605854034424,
0.00804879093170166,-0.0975100021362305),(0.0286605854034424,0.00804879093170166,
-0.0966065826416016),(0.0286760902404785,-0.00203746008872986,-0.0975100021362305),
(0.0286760902404785,-0.00203746008872986,-0.0966065826416016),(0.0287588520050049,
-0.0088922872543335,-0.0975100021362305),(0.0287588520050049,-0.0088922872543335,
-0.0966065826416016),(0.0288218975067139,0.0392742118835449,-0.0975100021362305),
(0.0288218975067139,0.0392742118835449,-0.0966065826416016),(0.0288601608276367,
0.0273528594970703,-0.0975100021362305),(0.0288762474060058,0.0925812301635742,
-0.0975100021362305),(0.0288762474060058,0.0925812301635742,-0.0966065826416016),
(0.0288768005371094,0.0797359008789063,-0.0975100021362305),(0.0288768005371094,
0.0797359008789063,-0.0966065826416016),(0.0290747566223145,0.0799430770874024,
-0.0975100021362305),(0.0290747566223145,0.0799430770874024,-0.0966065826416016),
(0.0292443675994873,0.0562615623474121,-0.0975100021362305),(0.0292443675994873,
0.0562615623474121,-0.0966065826416016),(0.0292701473236084,0.00628787803649902,
-0.0975100021362305),(0.0292701473236084,0.00628787803649902,-0.0966065826416016),
(0.0292925071716309,0.0961623382568359,-0.0975100021362305),(0.0292925071716309,
0.0961623382568359,-0.0966065826416016),(0.0293100299835205,0.0776661987304688,
-0.0975100021362305),(0.0293100299835205,0.0776661987304688,-0.0966065826416016),
(0.0294108791351318,0.0803791732788086,-0.0975100021362305),(0.0294108791351318,
0.0803791732788086,-0.0966065826416016),(0.02944921875,0.00211698794364929,
-0.0975100021362305),(0.02944921875,0.00211698794364929,-0.0966065826416016),
(0.0294578113555908,0.0806613311767578,-0.0975100021362305),(0.0294578113555908,
0.0806613311767578,-0.0966065826416016),(0.0295090427398682,0.0328307151794433,
-0.0975100021362305),(0.0295090427398682,0.0328307151794433,-0.0966065826416016),
(0.0296588096618652,0.050412769317627,-0.0975100021362305),(0.0296739673614502,
0.061786262512207,-0.0975100021362305),(0.0296739673614502,0.061786262512207,
-0.0966065826416016),(0.0296763839721679,0.0616122856140137,-0.0975100021362305),
(0.0296763839721679,0.0616122856140137,-0.0966065826416016),(0.029713565826416,
0.0618721008300781,-0.0975100021362305),(0.029713565826416,0.0618721008300781,
-0.0966065826416016),(0.029720043182373,0.0898968048095703,-0.0975100021362305),
(0.029720043182373,0.0898968048095703,-0.0966065826416016),(0.0297613639831543,
0.00646793603897095,-0.0975100021362305),(0.0297613639831543,0.00646793603897095,
-0.0966065826416016),(0.0297646865844726,0.0619165916442871,-0.0975100021362305),
(0.0297646865844726,0.0619165916442871,-0.0966065826416016),(0.0298422641754151,
-0.0143654136657715,-0.0975100021362305),(0.0298422641754151,-0.0143654136657715,
-0.0966065826416016),(0.029881498336792,0.061952205657959,-0.0975100021362305),
(0.029881498336792,0.061952205657959,-0.0966065826416016),(0.0300502586364746,
0.00249321699142456,-0.0975100021362305),(0.0300502586364746,0.00249321699142456,
-0.0966065826416016),(0.0301331253051758,-0.0113098926544189,-0.0975100021362305),
(0.0301331253051758,-0.0113098926544189,-0.0966065826416016),(0.0301399650573731,
-0.00304114890098572,-0.0975100021362305),(0.0301399650573731,-0.00304114890098572,
-0.0966065826416016),(0.0302008457183838,0.0786584243774414,-0.0975100021362305),
(0.0302008457183838,0.0786584243774414,-0.0966065826416016),(0.0302107715606689,
0.0618991394042969,-0.0975100021362305),(0.0302107715606689,0.0618991394042969,
-0.0966065826416016),(0.0302248249053955,0.0067121319770813,-0.0975100021362305),
(0.0302248249053955,0.0067121319770813,-0.0966065826416016),(0.0302576732635498,
0.0551554641723633,-0.0975100021362305),(0.0302576732635498,0.0551554641723633,
-0.0966065826416016),(0.0302883033752442,-0.00824751853942871,-0.0975100021362305),
(0.0302883033752442,-0.00824751853942871,-0.0966065826416016),(0.030296371459961,
0.0861220855712891,-0.0923170700073242),(0.030296371459961,0.0861220855712891,
-0.0882829284667969),(0.030296371459961,0.0961623382568359,-0.0923170700073242),
(0.030296371459961,0.0961623382568359,-0.0882829284667969),(0.0303243522644043,
0.00256894397735596,-0.0975100021362305),(0.0303243522644043,0.00256894397735596,
-0.0966065826416016),(0.0303389797210694,0.0854968109130859,-0.0975100021362305),
(0.0303389797210694,0.0854968109130859,-0.0966065826416016),(0.0304156284332275,
0.0961623382568359,-0.0975100021362305),(0.0304156284332275,0.0961623382568359,
-0.0966065826416016),(0.0304601345062256,0.0789105758666992,-0.0975100021362305),
(0.0304601345062256,0.0789105758666992,-0.0966065826416016),(0.0304716701507569,
0.0617707061767578,-0.0975100021362305),(0.0304716701507569,0.0617707061767578,
-0.0966065826416016),(0.0304880313873291,0.00253920388221741,-0.0975100021362305),
(0.0304880313873291,0.00253920388221741,-0.0966065826416016),(0.0306662654876709,
0.00240832495689392,-0.0975100021362305),(0.0306662654876709,0.00240832495689392,
-0.0966065826416016),(0.0306790561676025,0.0861220855712891,-0.0922409515380859),
(0.0306790561676025,0.0861220855712891,-0.0883590545654297),(0.0306790561676025,
0.0961623382568359,-0.0922409515380859),(0.0306790561676025,0.0961623382568359,
-0.0883590545654297),(0.030861328125,0.0790301361083984,-0.0975100021362305),
(0.030861328125,0.0790301361083984,-0.0966065826416016),(0.0308884963989258,
0.0930714340209961,-0.0975100021362305),(0.0308884963989258,0.0930714340209961,
-0.0966065826416016),(0.0309458217620849,0.0593050117492676,-0.0975100021362305),
(0.0309458217620849,0.0593050117492676,-0.0966065826416016),(0.0309521980285644,
0.0320616569519043,-0.0975100021362305),(0.0309521980285644,0.0320616569519043,
-0.0966065826416016),(0.0309783210754394,0.0712042541503906,-0.0975100021362305),
(0.0309783210754394,0.0712042541503906,-0.0966065826416016),(0.0309916973114013,
0.064401611328125,-0.0975100021362305),(0.0309916973114013,0.064401611328125,
-0.0966065826416016),(0.0310034809112549,0.0861220855712891,-0.0920241775512695),
(0.0310034809112549,0.0861220855712891,-0.0885758209228516),(0.0310034809112549,
0.0961623382568359,-0.0920241775512695),(0.0310034809112549,0.0961623382568359,
-0.0885758209228516),(0.0311492118835449,0.0588992385864258,-0.0975100021362305),
(0.0311492118835449,0.0588992385864258,-0.0966065826416016),(0.0311886653900146,
0.0134396724700928,-0.0975100021362305),(0.0311886653900146,0.0134396724700928,
-0.0966065826416016),(0.0312202510833741,0.0861220855712891,-0.0916997528076172),
(0.0312202510833741,0.0861220855712891,-0.0889002456665039),(0.0312202510833741,
0.0961623382568359,-0.0916997528076172),(0.0312202510833741,0.0961623382568359,
-0.0889002456665039),(0.031296371459961,0.0861220855712891,-0.0913170700073242),
(0.031296371459961,0.0861220855712891,-0.0892829284667969),(0.031296371459961,
0.0961623382568359,-0.0913170700073242),(0.031296371459961,0.0961623382568359,
-0.0892829284667969),(0.0313871231079101,0.0823322906494141,-0.0975100021362305),
(0.0313871231079101,0.0823322906494141,-0.0966065826416016),(0.0314506034851074,
0.0540092430114746,-0.0975100021362305),(0.0314506034851074,0.0540092430114746,
-0.0966065826416016),(0.0316301937103272,0.0604889488220215,-0.0975100021362305),
(0.0316301937103272,0.0604889488220215,-0.0966065826416016),(0.0316399269104004,
0.0581710243225098,-0.0975100021362305),(0.0316399269104004,0.0581710243225098,
-0.0966065826416016),(0.0316755771636963,0.0789839172363281,-0.0975100021362305),
(0.0316755771636963,0.0789839172363281,-0.0966065826416016),(0.0317017459869385,
0.0902245941162109,-0.0975100021362305),(0.0317017459869385,0.0902245941162109,
-0.0966065826416016),(0.0320578079223633,0.0579489479064941,-0.0975100021362305),
(0.0320578079223633,0.0579489479064941,-0.0966065826416016),(0.0320590400695801,
0.00118694698810577,-0.0975100021362305),(0.0320590400695801,0.00118694698810577,
-0.0966065826416016),(0.0320731925964355,0.0789752655029297,-0.0975100021362305),
(0.0320731925964355,0.0789752655029297,-0.0966065826416016),(0.0321128158569336,
0.0167929096221924,-0.0975100021362305),(0.0321128158569336,0.0167929096221924,
-0.0966065826416016),(0.0322821083068848,0.0961623382568359,-0.0975100021362305),
(0.0322821083068848,0.0961623382568359,-0.0966065826416016),(0.0323463745117187,
0.0808006210327149,-0.0975100021362305),(0.0323463745117187,0.0808006210327149,
-0.0966065826416016),(0.0323995094299316,0.0833226089477539,-0.0975100021362305),
(0.0323995094299316,0.0833226089477539,-0.0966065826416016),(0.0324687576293946,
0.062192741394043,-0.0975100021362305),(0.0324687576293946,0.062192741394043,
-0.0966065826416016),(0.0326079139709472,0.0746763610839844,-0.0975100021362305),
(0.0326079139709472,0.0746763610839844,-0.0966065826416016),(0.0327666091918946,
0.069242561340332,-0.0975100021362305),(0.0327666091918946,0.069242561340332,
-0.0966065826416016),(0.0327832412719727,0.0561708488464356,-0.0975100021362305),
(0.0327832412719727,0.0561708488464356,-0.0966065826416016),(0.0328346290588379,
0.0523804321289063,-0.0975100021362305),(0.0328346290588379,0.0523804321289063,
-0.0966065826416016),(0.0328607406616211,0.0932333831787109,-0.0975100021362305),
(0.0328607406616211,0.0932333831787109,-0.0966065826416016),(0.0330441207885742,
0.0889142532348633,-0.0975100021362305),(0.0330441207885742,0.0889142532348633,
-0.0966065826416016),(0.03309135055542,0.0439428634643554,-0.0975100021362305),
(0.03309135055542,0.0439428634643554,-0.0966065826416016),(0.0332175445556641,
0.0623133239746094,-0.0975100021362305),(0.0332175445556641,0.0623133239746094,
-0.0966065826416016),(0.0332735061645508,0.0818168563842773,-0.0975100021362305),
(0.0332735061645508,0.0818168563842773,-0.0966065826416016),(0.0332945365905762,
-0.000171020001173019,-0.0975100021362305),(0.0332945365905762,-0.000171020001173019,
-0.0966065826416016),(0.0332945709228515,0.0552481384277344,-0.0975100021362305),
(0.0332945709228515,0.0552481384277344,-0.0966065826416016),(0.0333351631164551,
0.0391162071228028,-0.0975100021362305),(0.0333351631164551,0.0391162071228028,
-0.0966065826416016),(0.0333448486328125,0.0843674926757813,-0.0975100021362305),
(0.0333448486328125,0.0843674926757813,-0.0966065826416016),(0.0334848175048828,
0.0299429988861084,-0.0975100021362305),(0.0334848175048828,0.0299429988861084,
-0.0966065826416016),(0.0335441398620605,0.057925163269043,-0.0975100021362305),
(0.0335441398620605,0.057925163269043,-0.0966065826416016),(0.0335961303710937,
0.0672016067504883,-0.0975100021362305),(0.0335961303710937,0.0672016067504883,
-0.0966065826416016),(0.0336266212463379,0.0594314155578613,-0.0975100021362305),
(0.0336266212463379,0.0594314155578613,-0.0966065826416016),(0.0336295852661133,
0.0265862808227539,-0.0975100021362305),(0.0336295852661133,0.0265862808227539,
-0.0966065826416016),(0.0337451248168945,0.0472820663452149,-0.0975100021362305),
(0.0337451248168945,0.0472820663452149,-0.0966065826416016),(0.0338658294677734,
0.0649134979248047,-0.0975100021362305),(0.0338658294677734,0.0649134979248047,
-0.0966065826416016),(0.0339237823486328,0.0544120178222656,-0.0975100021362305),
(0.0339237823486328,0.0544120178222656,-0.0966065826416016),(0.0339696578979492,
0.0622314109802246,-0.0975100021362305),(0.0339696578979492,0.0622314109802246,
-0.0966065826416016),(0.0340731582641602,0.0571764450073242,-0.0975100021362305),
(0.0340731582641602,0.0571764450073242,-0.0966065826416016),(0.0340906906127929,
0.0504599685668945,-0.0975100021362305),(0.0340941200256347,0.0506502723693848,
-0.0975100021362305),(0.0340941200256347,0.0506502723693848,-0.0966065826416016),
(0.0342191543579101,0.0961623382568359,-0.0975100021362305),(0.0342191543579101,
0.0961623382568359,-0.0966065826416016),(0.0342515716552735,0.08278662109375,
-0.0975100021362305),(0.0342515716552735,0.08278662109375,-0.0966065826416016),
(0.0343089370727539,-0.0143654136657715,-0.0975100021362305),(0.0343089370727539,
-0.0143654136657715,-0.0966065826416016),(0.0343214263916016,0.0167851638793946,
-0.0975100021362305),(0.0343214263916016,0.0167851638793946,-0.0966065826416016),
(0.0343670921325684,-0.00723143005371094,-0.0975100021362305),(0.0343670921325684,
-0.00723143005371094,-0.0966065826416016),(0.0344324760437011,0.059541446685791,
-0.0975100021362305),(0.0344324760437011,0.059541446685791,-0.0966065826416016),
(0.034626449584961,0.00980689716339111,-0.0975100021362305),(0.034626449584961,
0.00980689716339111,-0.0966065826416016),(0.0347300186157227,0.0655519866943359,
-0.0975100021362305),(0.0347300186157227,0.0655519866943359,-0.0966065826416016),
(0.0349003562927246,0.0463891563415527,-0.0975100021362305),(0.0349003562927246,
0.0463891563415527,-0.0966065826416016),(0.0350890617370605,0.0477091102600098,
-0.0975100021362305),(0.0350890617370605,0.0477091102600098,-0.0966065826416016),
(0.0351184463500976,0.0903778228759766,-0.0975100021362305),(0.0351184463500976,
0.0903778228759766,-0.0966065826416016),(0.0351495590209961,-0.00216117811203003,
-0.0975100021362305),(0.0351495590209961,-0.00216117811203003,-0.0966065826416016),
(0.0351713218688965,0.0490369682312012,-0.0975100021362305),(0.0351713218688965,
0.0490369682312012,-0.0966065826416016),(0.0355778350830078,0.0952245864868164,
-0.0975100021362305),(0.0355778350830078,0.0952245864868164,-0.0966065826416016),
(0.0355994567871093,0.0865375518798828,-0.0975100021362305),(0.0355994567871093,
0.0865375518798828,-0.0966065826416016),(0.0357128486633301,0.0129233875274658,
-0.0975100021362305),(0.0357128486633301,0.0129233875274658,-0.0966065826416016),
(0.0357432022094726,0.065466178894043,-0.0975100021362305),(0.0357432022094726,
0.065466178894043,-0.0966065826416016),(0.0358096847534179,0.0956945266723633,
-0.0975100021362305),(0.0358096847534179,0.0956945266723633,-0.0966065826416016),
(0.0358856658935547,0.0522483291625977,-0.0975100021362305),(0.0358856658935547,
0.0522483291625977,-0.0966065826416016),(0.0359395790100097,0.0582568817138672,
-0.0975100021362305),(0.0359395790100097,0.0582568817138672,-0.0966065826416016),
(0.0359446182250977,-0.0143654136657715,-0.0975100021362305),(0.0359446182250977,
-0.0143654136657715,-0.0966065826416016),(0.0360130691528321,-0.00823269176483154,
-0.0975100021362305),(0.0360130691528321,-0.00823269176483154,-0.0966065826416016),
(0.0360454483032226,0.0520448303222656,-0.0975100021362305),(0.0360454483032226,
0.0520448303222656,-0.0966065826416016),(0.0360463256835937,0.0961623382568359,
-0.0975100021362305),(0.0360463256835937,0.0961623382568359,-0.0966065826416016),
(0.0361261367797851,0.0565115280151367,-0.0975100021362305),(0.0361261367797851,
0.0565115280151367,-0.0966065826416016),(0.0361496238708496,0.0870216445922852,
-0.0975100021362305),(0.0361496238708496,0.0870216445922852,-0.0966065826416016),
(0.0362310562133789,0.0221943073272705,-0.0975100021362305),(0.0362310562133789,
0.0221943073272705,-0.0966065826416016),(0.0363837928771973,0.0848646545410156,
-0.0975100021362305),(0.0363837928771973,0.0848646545410156,-0.0966065826416016),
(0.0364759254455566,0.0474070167541504,-0.0975100021362305),(0.0364759254455566,
0.0474070167541504,-0.0966065826416016),(0.0365499687194824,0.0514820175170899,
-0.0975100021362305),(0.0365499687194824,0.0514820175170899,-0.0966065826416016),
(0.0366414337158203,0.0548485374450684,-0.0975100021362305),(0.0366414337158203,
0.0548485374450684,-0.0966065826416016),(0.0367531623840332,0.0653482513427734,
-0.0975100021362305),(0.0367531623840332,0.0653482513427734,-0.0966065826416016),
(0.0369846229553222,0.0512522125244141,-0.0975100021362305),(0.0369846229553222,
0.0512522125244141,-0.0966065826416016),(0.0371223907470703,0.0705027847290039,
-0.0975100021362305),(0.0371223907470703,0.0705027847290039,-0.0966065826416016),
(0.0371376419067383,0.0618307189941406,-0.0975100021362305),(0.0371376419067383,
0.0618307189941406,-0.0966065826416016),(0.0372359580993653,-0.00516730785369873,
-0.0975100021362305),(0.0372359580993653,-0.00516730785369873,-0.0966065826416016),
(0.0373326835632324,0.0914267654418945,-0.0975100021362305),(0.0373326835632324,
0.0914267654418945,-0.0966065826416016),(0.0374352798461914,0.0858515701293945,
-0.0975100021362305),(0.0374352798461914,0.0858515701293945,-0.0966065826416016),
(0.0374935836791992,0.08827978515625,-0.0975100021362305),(0.0374935836791992,
0.08827978515625,-0.0966065826416016),(0.0375426559448242,0.0961623382568359,
-0.0975100021362305),(0.0375426559448242,0.0961623382568359,-0.0966065826416016),
(0.0377344665527344,0.0180305557250977,-0.0975100021362305),(0.0377344665527344,
0.0180305557250977,-0.0966065826416016),(0.0377886428833008,0.045778621673584,
-0.0975100021362305),(0.0377886428833008,0.045778621673584,-0.0966065826416016),
(0.0379373588562011,0.0442276878356933,-0.0975100021362305),(0.0379373588562011,
0.0442276878356933,-0.0966065826416016),(0.0379810218811035,0.0892476043701172,
-0.0975100021362305),(0.0379810218811035,0.0892476043701172,-0.0966065826416016),
(0.0379852981567383,0.0455132102966309,-0.0975100021362305),(0.0379852981567383,
0.0455132102966309,-0.0966065826416016),(0.0380271034240722,0.0448515205383301,
-0.0975100021362305),(0.0380271034240722,0.0448515205383301,-0.0966065826416016),
(0.0380511512756347,0.0451075477600098,-0.0975100021362305),(0.0380511512756347,
0.0451075477600098,-0.0966065826416016),(0.0382191352844238,0.0747593307495117,
-0.0975100021362305),(0.0382191352844238,0.0747593307495117,-0.0966065826416016),
(0.0382529525756836,-0.0143654136657715,-0.0975100021362305),(0.0382529525756836,
-0.0143654136657715,-0.0966065826416016),(0.0382737426757812,0.0571241416931152,
-0.0975100021362305),(0.0382737426757812,0.0571241416931152,-0.0966065826416016),
(0.0383435974121094,0.0394482040405274,-0.0975100021362305),(0.0383435974121094,
0.0394482040405274,-0.0966065826416016),(0.0383632774353027,0.0494271278381348,
-0.0975100021362305),(0.0383632774353027,0.0494271278381348,-0.0966065826416016),
(0.0383728752136231,0.0618442306518555,-0.0975100021362305),(0.0383728752136231,
0.0618442306518555,-0.0966065826416016),(0.0383808784484863,0.013642409324646,
-0.0975100021362305),(0.0383808784484863,0.013642409324646,-0.0966065826416016),
(0.0384900970458985,0.0868352661132813,-0.0975100021362305),(0.0384900970458985,
0.0868352661132813,-0.0966065826416016),(0.0385338249206543,0.0833338165283203,
-0.0975100021362305),(0.0385338249206543,0.0833338165283203,-0.0966065826416016),
(0.0386308937072754,-0.0114235153198242,-0.0975100021362305),(0.0386308937072754,
-0.0114235153198242,-0.0966065826416016),(0.0386779708862305,0.058366153717041,
-0.0975100021362305),(0.0386779708862305,0.058366153717041,-0.0966065826416016),
(0.0387850341796875,-0.0084659538269043,-0.0975100021362305),(0.0387850341796875,
-0.0084659538269043,-0.0966065826416016),(0.0388278656005859,0.0417698936462403,
-0.0975100021362305),(0.0388278656005859,0.0417698936462403,-0.0966065826416016),
(0.0388361434936524,0.0870340042114258,-0.0975100021362305),(0.0388361434936524,
0.0870340042114258,-0.0966065826416016),(0.0388472671508789,0.0487736282348633,
-0.0975100021362305),(0.0388472671508789,0.0487736282348633,-0.0966065826416016),
(0.0391628608703613,0.0441140365600586,-0.0975100021362305),(0.0391628608703613,
0.0441140365600586,-0.0966065826416016),(0.0393003349304199,0.0285098056793213,
-0.0975100021362305),(0.0393003349304199,0.0285098056793213,-0.0966065826416016),
(0.0393412017822266,0.0927392349243164,-0.0975100021362305),(0.0393412017822266,
0.0927392349243164,-0.0966065826416016),(0.0393508033752442,0.0481330184936524,
-0.0975100021362305),(0.0393508033752442,0.0481330184936524,-0.0966065826416016),
(0.0394966316223144,0.0961623382568359,-0.0975100021362305),(0.0394966316223144,
0.0961623382568359,-0.0966065826416016),(0.0395449333190918,0.0871656494140625,
-0.0975100021362305),(0.0395449333190918,0.0871656494140625,-0.0966065826416016),
(0.0396000061035157,0.0619700126647949,-0.0975100021362305),(0.0396000061035157,
0.0619700126647949,-0.0966065826416016),(0.0396415481567383,0.00206357097625732,
-0.0975100021362305),(0.0396415481567383,0.00206357097625732,-0.0966065826416016),
(0.0396651000976563,0.00320216703414917,-0.0975100021362305),(0.0396651000976563,
0.00320216703414917,-0.0966065826416016),(0.0396982727050782,0.00374720096588135,
-0.0975100021362305),(0.0396982727050782,0.00374720096588135,-0.0966065826416016),
(0.039708667755127,0.0669148635864258,-0.0975100021362305),(0.039708667755127,
0.0669148635864258,-0.0966065826416016),(0.0397357292175293,0.0154030456542969,
-0.0975100021362305),(0.0397357292175293,0.0154030456542969,-0.0966065826416016),
(0.0397484474182129,-0.000901580989360809,-0.0975100021362305),(0.0397484474182129,
-0.000901580989360809,-0.0966065826416016),(0.0398086318969727,0.00528320121765137,
-0.0975100021362305),(0.0398086318969727,0.00528320121765137,-0.0966065826416016),
(0.0398475494384765,-0.0143654136657715,-0.0975100021362305),(0.0398475494384765,
-0.0143654136657715,-0.0966065826416016),(0.0398489303588867,0.0872297210693359,
-0.0975100021362305),(0.0398489303588867,0.0872297210693359,-0.0966065826416016),
(0.0398731880187988,0.00152558100223542,-0.0975100021362305),(0.0398731880187988,
0.00152558100223542,-0.0966065826416016),(0.039922233581543,0.0525003242492676,
-0.0975100021362305),(0.039922233581543,0.0525003242492676,-0.0966065826416016),
(0.0399583663940429,-0.013727162361145,-0.0975100021362305),(0.0399583663940429,
-0.013727162361145,-0.0966065826416016),(0.0399795608520508,0.0617820358276367,
-0.0975100021362305),(0.0399795608520508,0.0617820358276367,-0.0966065826416016),
(0.0400040245056153,0.00681275606155396,-0.0975100021362305),(0.0400040245056153,
0.00681275606155396,-0.0966065826416016),(0.0400675048828125,-0.0130889568328857,
-0.0975100021362305),(0.0400675048828125,-0.0130889568328857,-0.0966065826416016),
(0.0401324615478516,-0.0137265567779541,-0.0975100021362305),(0.0401324615478516,
-0.0137265567779541,-0.0966065826416016),(0.0401836166381836,-0.0143654136657715,
-0.0975100021362305),(0.0401836166381836,-0.0143654136657715,-0.0966065826416016),
(0.0402420196533203,0.0264553203582764,-0.0975100021362305),(0.0402420196533203,
0.0264553203582764,-0.0966065826416016),(0.0403362503051758,0.0615522727966309,
-0.0975100021362305),(0.0403362503051758,0.0615522727966309,-0.0966065826416016),
(0.0403406829833984,0.00847734165191651,-0.0975100021362305),(0.0403406829833984,
0.00847734165191651,-0.0966065826416016),(0.0403982200622559,-0.00417276620864868,
-0.0975100021362305),(0.0403982200622559,-0.00417276620864868,-0.0966065826416016),
(0.0405240516662597,0.0464621963500977,-0.0975100021362305),(0.0405240516662597,
0.0464621963500977,-0.0966065826416016),(0.0406021957397461,0.0273459548950196,
-0.0975100021362305),(0.0406092910766601,0.0538829803466797,-0.0975100021362305),
(0.0406092910766601,0.0538829803466797,-0.0966065826416016),(0.0406485137939453,
0.0911070556640625,-0.0975100021362305),(0.0406485137939453,0.0911070556640625,
-0.0966065826416016),(0.0407194786071777,0.0105671701431274,-0.0975100021362305),
(0.0407194786071777,0.0105671701431274,-0.0966065826416016),(0.0407514953613282,
0.0173549499511719,-0.0975100021362305),(0.0407514953613282,0.0173549499511719,
-0.0966065826416016),(0.0407702407836914,0.0423204650878907,-0.0975100021362305),
(0.0407702407836914,0.0423204650878907,-0.0966065826416016),(0.0408630676269531,
0.0579039726257324,-0.0975100021362305),(0.0408630676269531,0.0579039726257324,
-0.0966065826416016),(0.0408945541381836,0.0961623382568359,-0.0975100021362305),
(0.0408945541381836,0.0961623382568359,-0.0966065826416016),(0.0408999366760254,
0.0458044013977051,-0.0975100021362305),(0.0408999366760254,0.0458044013977051,
-0.0966065826416016),(0.0410611610412598,0.0921210784912109,-0.0975100021362305),
(0.041091064453125,-0.0143654136657715,-0.0975100021362305),(0.041091064453125,
0.0466057167053223,-0.0975100021362305),(0.041091064453125,0.0630401458740234,
-0.0975100021362305),(0.041091064453125,0.0961623382568359,-0.0975100021362305),
(0.041099536895752,0.0577430992126465,-0.0975100021362305),(0.0411021614074707,
0.0201597232818603,-0.0975100021362305),(0.0411079788208008,0.0874969940185547,
-0.0975100021362305),(0.0411355285644531,0.0609778327941895,-0.0975100021362305),
(0.0411733055114746,0.0915783996582031,-0.0975100021362305),(0.0411733055114746,
0.0915783996582031,-0.0966065826416016),(0.0412101211547851,0.0203283348083496,
-0.0975100021362305),(0.0412101211547851,0.0203283348083496,-0.0966065826416016),
(0.0412277221679688,0.0352493171691894,-0.0975100021362305),(0.0412277221679688,
0.0352493171691894,-0.0966065826416016),(0.0412539176940918,0.0893504409790039,
-0.0975100021362305),(0.0412539176940918,0.0893504409790039,-0.0966065826416016),
(0.0412866287231446,0.0126184329986572,-0.0975100021362305),(0.0412866287231446,
0.0126184329986572,-0.0966065826416016),(0.0414275283813477,0.0296806926727295,
-0.0975100021362305),(0.0415312576293946,-0.00730268383026123,-0.0975100021362305),
(0.0415312576293946,-0.00730268383026123,-0.0966065826416016),(0.0415415153503418,
0.0208711452484131,-0.0975100021362305),(0.0415415153503418,0.0208711452484131,
-0.0966065826416016),(0.0415837898254394,0.0537112884521484,-0.0975100021362305),
(0.0415837898254394,0.0537112884521484,-0.0966065826416016),(0.0416406135559082,
0.0921010971069336,-0.0975100021362305),(0.0416406135559082,0.0921010971069336,
-0.0966065826416016),(0.0416455497741699,0.0199040107727051,-0.0975100021362305),
(0.0416455497741699,0.0199040107727051,-0.0966065826416016),(0.0416580772399902,
0.0622078514099121,-0.0975100021362305),(0.0416580772399902,0.0622078514099121,
-0.0966065826416016),(0.0416763725280762,0.0377242279052734,-0.0975100021362305),
(0.0416763725280762,0.0377242279052734,-0.0966065826416016),(0.0416972999572754,
0.0142401914596558,-0.0975100021362305),(0.0416972999572754,0.0142401914596558,
-0.0966065826416016),(0.0417163887023926,0.0936533660888672,-0.0975100021362305),
(0.0417163887023926,0.0936533660888672,-0.0966065826416016),(0.0418612632751465,
0.0214188404083252,-0.0975100021362305),(0.0418612632751465,0.0214188404083252,
-0.0966065826416016),(0.0419115753173828,0.0690822677612305,-0.0975100021362305),
(0.0419115753173828,0.0690822677612305,-0.0966065826416016),(0.0419137954711914,
0.0402215919494629,-0.0975100021362305),(0.0419137954711914,0.0402215919494629,
-0.0966065826416016),(0.0419587898254394,-0.00387477588653564,-0.0975100021362305),
(0.0419587898254394,-0.00387477588653564,-0.0966065826416016),(0.0419754371643066,
0.0900429077148438,-0.0975100021362305),(0.0419754371643066,0.0900429077148438,
-0.0966065826416016),(0.0421517715454101,0.0440606727600097,-0.0975100021362305),
(0.0421517715454101,0.0440606727600097,-0.0966065826416016),(0.0421710166931153,
0.021956018447876,-0.0975100021362305),(0.0421710166931153,0.021956018447876,
-0.0966065826416016),(0.0423572082519532,0.0156609973907471,-0.0975100021362305),
(0.0423572082519532,0.0156609973907471,-0.0966065826416016),(0.0425254364013672,
0.0534287872314453,-0.0975100021362305),(0.0425254364013672,0.0534287872314453,
-0.0966065826416016),(0.0425281715393067,0.0434356231689453,-0.0975100021362305),
(0.0425281715393067,0.0434356231689453,-0.0966065826416016),(0.0425430374145508,
0.0224514102935791,-0.0975100021362305),(0.0425430374145508,0.0224514102935791,
-0.0966065826416016),(0.0426603813171387,0.0126344413757324,-0.0975100021362305),
(0.0426603813171387,0.0126344413757324,-0.0966065826416016),(0.0426652336120605,
0.0347015914916992,-0.0975100021362305),(0.0426907005310058,0.0624723663330078,
-0.0975100021362305),(0.0426907005310058,0.0624723663330078,-0.0966065826416016),
(0.0427286987304688,0.0941424255371094,-0.0975100021362305),(0.0427286987304688,
0.0941424255371094,-0.0966065826416016),(0.0427401962280273,0.0505642356872559,
-0.0975100021362305),(0.0427401962280273,0.0505642356872559,-0.0966065826416016),
(0.0427898864746094,0.0840610504150391,-0.0975100021362305),(0.0427898864746094,
0.0840610504150391,-0.0966065826416016),(0.0428181571960449,0.0905649948120117,
-0.0975100021362305),(0.0428181571960449,0.0905649948120117,-0.0966065826416016),
(0.0428839492797852,0.0961623382568359,-0.0975100021362305),(0.0428839492797852,
0.0961623382568359,-0.0966065826416016),(0.0429210014343262,0.0428203430175781,
-0.0975100021362305),(0.0429210014343262,0.0428203430175781,-0.0966065826416016),
(0.0430475425720215,0.0373980331420899,-0.0975100021362305),(0.0430475425720215,
0.0373980331420899,-0.0966065826416016),(0.0431208267211914,0.0897098007202149,
-0.0975100021362305),(0.0431208267211914,0.0897098007202149,-0.0966065826416016),
(0.0431954574584961,0.02724436378479,-0.0975100021362305),(0.0433316726684571,
0.0169180812835694,-0.0975100021362305),(0.0433316726684571,0.0169180812835694,
-0.0966065826416016),(0.0437117118835449,0.0110802497863769,-0.0975100021362305),
(0.0437117118835449,0.0110802497863769,-0.0966065826416016),(0.0437315330505371,
0.0627048683166504,-0.0975100021362305),(0.0437315330505371,0.0627048683166504,
-0.0966065826416016),(0.0437832984924316,0.0607478561401367,-0.0975100021362305),
(0.0437832984924316,0.0607478561401367,-0.0966065826416016),(0.0438640937805176,
0.0961623382568359,-0.0975100021362305),(0.0438640937805176,0.0961623382568359,
-0.0966065826416016),(0.043871379852295,-0.011336498260498,-0.0975100021362305),
(0.043871379852295,-0.011336498260498,-0.0966065826416016),(0.0439146881103516,
0.034790470123291,-0.0975100021362305),(0.044033748626709,0.0342470321655273,
-0.0975100021362305),(0.044033748626709,0.0342470321655273,-0.0966065826416016),
(0.0440625534057617,0.0182194862365723,-0.0975100021362305),(0.0440625534057617,
0.0182194862365723,-0.0966065826416016),(0.0440649681091308,0.0769096603393555,
-0.0975100021362305),(0.0440649681091308,0.0769096603393555,-0.0966065826416016),
(0.0441044578552246,0.0183882503509522,-0.0975100021362305),(0.0441044578552246,
0.0183882503509522,-0.0966065826416016),(0.0441192131042481,0.0179912109375,
-0.0975100021362305),(0.0441192131042481,0.0179912109375,-0.0966065826416016),
(0.0441444206237793,0.0184518299102783,-0.0975100021362305),(0.0441444206237793,
0.0184518299102783,-0.0966065826416016),(0.0441468658447265,0.0457420310974121,
-0.0975100021362305),(0.0441468658447265,0.0457420310974121,-0.0966065826416016),
(0.044279972076416,0.0297457885742187,-0.0975100021362305),(0.044279972076416,
0.0297457885742187,-0.0966065826416016),(0.0443201599121094,0.0298409690856934,
-0.0975100021362305),(0.0443201599121094,0.0298409690856934,-0.0966065826416016),
(0.0443541221618652,0.0411833381652832,-0.0975100021362305),(0.0443541221618652,
0.0411833381652832,-0.0966065826416016),(0.0443738021850586,-0.0066921501159668,
-0.0975100021362305),(0.0443738021850586,-0.0066921501159668,-0.0966065826416016),
(0.0443760223388672,0.0175627098083496,-0.0975100021362305),(0.0443760223388672,
0.0175627098083496,-0.0966065826416016),(0.0444109344482422,0.0471904525756836,
-0.0975100021362305),(0.0444109344482422,0.0471904525756836,-0.0966065826416016),
(0.0444703216552735,0.0525573921203613,-0.0975100021362305),(0.0444703216552735,
0.0525573921203613,-0.0966065826416016),(0.0444704971313476,0.0497402763366699,
-0.0975100021362305),(0.0444704971313476,0.0497402763366699,-0.0966065826416016),
(0.04450830078125,0.0304462718963623,-0.0975100021362305),(0.04450830078125,
0.0304462718963623,-0.0966065826416016),(0.044514389038086,0.0410327072143554,
-0.0975100021362305),(0.044514389038086,0.0410327072143554,-0.0966065826416016),
(0.0445201683044434,0.0309754486083984,-0.0975100021362305),(0.0445201683044434,
0.0309754486083984,-0.0966065826416016),(0.0446177406311035,0.0194366683959961,
-0.0975100021362305),(0.0446177406311035,0.0194366683959961,-0.0966065826416016),
(0.0446709632873535,0.0542149276733399,-0.0975100021362305),(0.0446709632873535,
0.0542149276733399,-0.0966065826416016),(0.0446974372863769,0.0569129676818848,
-0.0975100021362305),(0.0446974372863769,0.0569129676818848,-0.0966065826416016),
(0.0446999473571777,-0.0123927688598633,-0.0975100021362305),(0.0446999473571777,
-0.0123927688598633,-0.0966065826416016),(0.0449746360778808,0.0901238327026367,
-0.0975100021362305),(0.0449746360778808,0.0901238327026367,-0.0966065826416016),
(0.0450665283203125,0.0204311771392822,-0.0975100021362305),(0.0450665283203125,
0.0204311771392822,-0.0966065826416016),(0.0452027015686035,0.0616918258666992,
-0.0975100021362305),(0.0452027015686035,0.0616918258666992,-0.0966065826416016),
(0.0452478141784668,0.0950596542358398,-0.0975100021362305),(0.0452478141784668,
0.0950596542358398,-0.0966065826416016),(0.0453090782165527,0.0631931571960449,
-0.0975100021362305),(0.0453090782165527,0.0631931571960449,-0.0966065826416016),
(0.045542121887207,0.0400204353332519,-0.0975100021362305),(0.045542121887207,
0.0400204353332519,-0.0966065826416016),(0.045542724609375,0.0956125946044922,
-0.0975100021362305),(0.045542724609375,0.0956125946044922,-0.0966065826416016),
(0.0455972290039063,-0.0133974800109863,-0.0975100021362305),(0.0455972290039063,
-0.0133974800109863,-0.0966065826416016),(0.0456584892272949,0.02184739112854,
-0.0975100021362305),(0.0456584892272949,0.02184739112854,-0.0966065826416016),
(0.0456620750427246,-0.0058501558303833,-0.0975100021362305),(0.0456620750427246,
-0.0058501558303833,-0.0966065826416016),(0.0457808723449707,0.0932151718139648,
-0.0975100021362305),(0.0457808723449707,0.0932151718139648,-0.0966065826416016),
(0.0457997055053711,0.00153530097007752,-0.0975100021362305),(0.0457997055053711,
0.00153530097007752,-0.0966065826416016),(0.0458178787231445,0.0672357025146484,
-0.0975100021362305),(0.0458178787231445,0.0672357025146484,-0.0966065826416016),
(0.0458438949584961,0.0961623382568359,-0.0975100021362305),(0.0458438949584961,
0.0961623382568359,-0.0966065826416016),(0.0458589553833008,0.0230509757995606,
-0.0975100021362305),(0.0458589553833008,0.0230509757995606,-0.0966065826416016),
(0.0458594589233399,0.0592172775268555,-0.0975100021362305),(0.0458594589233399,
0.0592172775268555,-0.0966065826416016),(0.0458768081665039,0.0955621185302734,
-0.0975100021362305),(0.0458768081665039,0.0955621185302734,-0.0966065826416016),
(0.0459892921447754,0.0535753021240234,-0.0975100021362305),(0.0459892921447754,
0.0535753021240234,-0.0966065826416016),(0.0459908714294434,-0.0129002714157104,
-0.0975100021362305),(0.0459908714294434,-0.0129002714157104,-0.0966065826416016),
(0.0460577621459961,-0.0111324529647827,-0.0975100021362305),(0.0460577621459961,
-0.0111324529647827,-0.0966065826416016),(0.0460933494567871,-0.0138880643844604,
-0.0975100021362305),(0.0460933494567871,-0.0138880643844604,-0.0966065826416016),
(0.0461283416748047,0.0242594470977783,-0.0975100021362305),(0.0461283416748047,
0.0242594470977783,-0.0966065826416016),(0.0461829528808594,0.0516764678955078,
-0.0975100021362305),(0.0461829528808594,0.0516764678955078,-0.0966065826416016),
(0.0463575859069824,0.0514836730957031,-0.0975100021362305),(0.0463575859069824,
0.0514836730957031,-0.0966065826416016),(0.0463934326171875,0.0636785354614258,
-0.0975100021362305),(0.0463934326171875,0.0636785354614258,-0.0966065826416016),
(0.0463952789306641,0.0961623382568359,-0.0975100021362305),(0.0463952789306641,
0.0961623382568359,-0.0966065826416016),(0.0464142417907715,0.0821009368896484,
-0.0975100021362305),(0.0464142417907715,0.0821009368896484,-0.0966065826416016),
(0.0464167709350586,0.0516892166137695,-0.0975100021362305),(0.0464167709350586,
0.0516892166137695,-0.0966065826416016),(0.046495044708252,0.0804993743896484,
-0.0975100021362305),(0.046495044708252,0.0804993743896484,-0.0966065826416016),
(0.0465153503417969,0.0273776931762695,-0.0975100021362305),(0.0465172538757324,
0.0261575736999512,-0.0975100021362305),(0.0465172538757324,0.0261575736999512,
-0.0966065826416016),(0.0465226783752441,0.0276552848815918,-0.0975100021362305),
(0.0465226783752441,0.0276552848815918,-0.0966065826416016),(0.046532169342041,
0.0939416122436523,-0.0975100021362305),(0.046532169342041,0.0939416122436523,
-0.0966065826416016),(0.0465891876220703,0.0394310188293457,-0.0975100021362305),
(0.0465891876220703,0.0394310188293457,-0.0966065826416016),(0.0466022529602051,
-0.0143654136657715,-0.0975100021362305),(0.0466022529602051,-0.0143654136657715,
-0.0966065826416016),(0.0466198196411133,0.0605967636108398,-0.0975100021362305),
(0.0466198196411133,0.0605967636108398,-0.0966065826416016),(0.0468034629821777,
0.0291159915924072,-0.0975100021362305),(0.0468034629821777,0.0291159915924072,
-0.0966065826416016),(0.0471425132751465,0.0563165016174316,-0.0975100021362305),
(0.0471425132751465,0.0563165016174316,-0.0966065826416016),(0.0472466545104981,
0.0716322174072266,-0.0975100021362305),(0.0472466545104981,0.0716322174072266,
-0.0966065826416016),(0.0472801818847656,0.0479445762634277,-0.0975100021362305),
(0.0472801818847656,0.0479445762634277,-0.0966065826416016),(0.0473452491760254,
0.0530110473632813,-0.0975100021362305),(0.0473452491760254,0.0530110473632813,
-0.0966065826416016),(0.0473491821289063,0.0312751960754395,-0.0975100021362305),
(0.0473491821289063,0.0312751960754395,-0.0966065826416016),(0.0473775329589844,
0.0314179458618164,-0.0975100021362305),(0.0473775329589844,0.0314179458618164,
-0.0966065826416016),(0.0473866920471191,0.0945411529541016,-0.0975100021362305),
(0.0473866920471191,0.0945411529541016,-0.0966065826416016),(0.0474303512573242,
0.0306221561431885,-0.0975100021362305),(0.0474303512573242,0.0306221561431885,
-0.0966065826416016),(0.0474678764343262,-0.00215658688545227,-0.0975100021362305),
(0.0474678764343262,-0.00215658688545227,-0.0966065826416016),(0.0474828796386719,
0.0641572570800781,-0.0975100021362305),(0.0474828796386719,0.0641572570800781,
-0.0966065826416016),(0.0475565986633301,0.0317635345458985,-0.0975100021362305),
(0.0475565986633301,0.0317635345458985,-0.0966065826416016),(0.0476807289123535,
0.0273440837860108,-0.0975100021362305),(0.0477014541625977,0.0318946437835694,
-0.0975100021362305),(0.0477014541625977,0.0318946437835694,-0.0966065826416016),
(0.0478171844482422,0.045328727722168,-0.0975100021362305),(0.0478171844482422,
0.045328727722168,-0.0966065826416016),(0.048040168762207,0.0343296089172364,
-0.0975100021362305),(0.048040168762207,0.0343296089172364,-0.0966065826416016),
(0.0480445365905762,0.0342150917053222,-0.0975100021362305),(0.0480445365905762,
0.0342150917053222,-0.0966065826416016),(0.0481023330688477,0.0344617767333985,
-0.0975100021362305),(0.0481023330688477,0.0344617767333985,-0.0966065826416016),
(0.0481240959167481,0.0677956466674805,-0.0975100021362305),(0.0481240959167481,
0.0677956466674805,-0.0966065826416016),(0.0481294479370117,0.0340626258850098,
-0.0975100021362305),(0.0481294479370117,0.0340626258850098,-0.0966065826416016),
(0.0481815032958984,-0.0143654136657715,-0.0975100021362305),(0.0481815032958984,
-0.0143654136657715,-0.0966065826416016),(0.0482360496520996,0.0404022941589356,
-0.0975100021362305),(0.0482360496520996,0.0404022941589356,-0.0966065826416016),
(0.0483472938537598,-0.010355920791626,-0.0975100021362305),(0.0483472938537598,
-0.010355920791626,-0.0966065826416016),(0.0484267463684082,0.0347545166015625,
-0.0975100021362305),(0.0484267463684082,0.0347545166015625,-0.0966065826416016),
(0.0486737327575684,0.0375588111877442,-0.0975100021362305),(0.0486737327575684,
0.0375588111877442,-0.0966065826416016),(0.0487058715820313,0.0762233428955078,
-0.0975100021362305),(0.0487058715820313,0.0762233428955078,-0.0966065826416016),
(0.0487220611572266,0.0374949073791504,-0.0975100021362305),(0.0487220611572266,
0.0374949073791504,-0.0966065826416016),(0.0487626419067383,0.0703969650268555,
-0.0975100021362305),(0.0487626419067383,0.0703969650268555,-0.0966065826416016),
(0.048802490234375,0.0647442321777344,-0.0975100021362305),(0.048802490234375,
0.0647442321777344,-0.0966065826416016),(0.0491304969787598,0.0273439235687256,
-0.0975100021362305),(0.0491646537780762,0.0371586418151856,-0.0975100021362305),
(0.0491646537780762,0.0371586418151856,-0.0966065826416016),(0.0492500495910645,
0.0192082729339599,-0.0975100021362305),(0.0492500495910645,0.0192082729339599,
-0.0966065826416016),(0.0493404998779297,0.0269547672271729,-0.0975100021362305),
(0.0493404998779297,0.0269547672271729,-0.0966065826416016),(0.0495393409729004,
0.0443096351623535,-0.0975100021362305),(0.0495393409729004,0.0443096351623535,
-0.0966065826416016),(0.0495561981201172,0.0468648338317871,-0.0975100021362305),
(0.0495561981201172,0.0468648338317871,-0.0966065826416016),(0.0495692672729492,
0.0953217620849609,-0.0975100021362305),(0.0495692672729492,0.0953217620849609,
-0.0966065826416016),(0.0496390991210938,0.0280589237213135,-0.0975100021362305),
(0.0496390991210938,0.0280589237213135,-0.0966065826416016),(0.0497747688293457,
0.0498233871459961,-0.0975100021362305),(0.0497747688293457,0.0498233871459961,
-0.0966065826416016),(0.0497769889831543,0.0369674034118653,-0.0975100021362305),
(0.0497769889831543,0.0369674034118653,-0.0966065826416016),(0.049827766418457,
0.0317518157958984,-0.0975100021362305),(0.049827766418457,0.0317518157958984,
-0.0966065826416016),(0.0499550018310547,0.00153209602832794,-0.0975100021362305),
(0.0499550018310547,0.00153209602832794,-0.0966065826416016),(0.0500092468261719,
0.0874992980957031,-0.0975100021362305),(0.0500092468261719,0.0874992980957031,
-0.0966065826416016),(0.0500288963317871,0.0273748416900635,-0.0975100021362305),
(0.0500468254089356,0.0655664215087891,-0.0975100021362305),(0.0500468254089356,
0.0655664215087891,-0.0966065826416016),(0.0500927352905273,0.0946054763793945,
-0.0975100021362305),(0.0500927352905273,0.0946054763793945,-0.0966065826416016),
(0.0501442794799805,0.0298982143402099,-0.0975100021362305),(0.0501442794799805,
0.0298982143402099,-0.0966065826416016),(0.0503933067321777,0.0426563110351563,
-0.0975100021362305),(0.0503933067321777,0.0426563110351563,-0.0966065826416016),
(0.0504368629455566,0.0683348007202149,-0.0975100021362305),(0.0504368629455566,
0.0683348007202149,-0.0966065826416016),(0.0506025924682617,0.00684274578094482,
-0.0975100021362305),(0.0506025924682617,0.00684274578094482,-0.0966065826416016),
(0.0506116371154785,0.0333085021972656,-0.0975100021362305),(0.0506116371154785,
0.0333085021972656,-0.0966065826416016),(0.0507260704040527,0.0930953598022461,
-0.0975100021362305),(0.0507260704040527,0.0930953598022461,-0.0966065826416016),
(0.0507595748901367,0.0684886474609375,-0.0975100021362305),(0.0507595748901367,
0.0684886474609375,-0.0966065826416016),(0.0508194313049316,0.0328473625183105,
-0.0975100021362305),(0.0508194313049316,0.0328473625183105,-0.0966065826416016),
(0.0509941558837891,0.0497673377990723,-0.0975100021362305),(0.0509941558837891,
0.0497673377990723,-0.0966065826416016),(0.0510397720336914,0.0687181701660156,
-0.0975100021362305),(0.0510397720336914,0.0687181701660156,-0.0966065826416016),
(0.0510419883728027,0.0323894462585449,-0.0975100021362305),(0.0510419883728027,
0.0323894462585449,-0.0966065826416016),(0.0510542030334473,-0.0143654136657715,
-0.0975100021362305),(0.0510542030334473,-0.0143654136657715,-0.0966065826416016),
(0.0511534233093262,0.0287154369354248,-0.0975100021362305),(0.0511534233093262,
0.0287154369354248,-0.0966065826416016),(0.051166748046875,0.0329691390991211,
-0.0975100021362305),(0.051166748046875,0.0329691390991211,-0.0966065826416016),
(0.0512426834106445,0.0209015159606934,-0.0975100021362305),(0.0512426834106445,
0.0209015159606934,-0.0966065826416016),(0.051323902130127,0.0663338317871094,
-0.0975100021362305),(0.051323902130127,0.0663338317871094,-0.0966065826416016),
(0.0513785095214844,0.0233532791137696,-0.0975100021362305),(0.0513785095214844,
0.0233532791137696,-0.0966065826416016),(0.0513952598571777,0.0728391723632813,
-0.0975100021362305),(0.051484992980957,0.0273444423675537,-0.0975100021362305),
(0.0516191024780274,0.0545068359375,-0.0975100021362305),(0.0516191024780274,
0.0545068359375,-0.0966065826416016),(0.0517236251831055,0.0326314430236816,
-0.0975100021362305),(0.0517236251831055,0.0326314430236816,-0.0966065826416016),
(0.0517276306152344,0.0961623382568359,-0.0975100021362305),(0.0517276306152344,
0.0961623382568359,-0.0966065826416016),(0.0517279205322266,0.0512994766235352,
-0.0975100021362305),(0.0517279205322266,0.0512994766235352,-0.0966065826416016),
(0.0517368621826172,0.0273909587860107,-0.0975100021362305),(0.0517824096679688,
0.0272833518981934,-0.0975100021362305),(0.0517824096679688,0.0272833518981934,
-0.0966065826416016),(0.0517886466979981,0.0180891475677491,-0.0975100021362305),
(0.0517886466979981,0.0180891475677491,-0.0966065826416016),(0.0517980537414551,
0.0243323497772217,-0.0975100021362305),(0.0517980537414551,0.0243323497772217,
-0.0966065826416016),(0.0518320617675781,0.00775353813171387,-0.0975100021362305),
(0.0518320617675781,0.00775353813171387,-0.0966065826416016),(0.0519172477722168,
0.0130998430252075,-0.0975100021362305),(0.0519172477722168,0.0130998430252075,
-0.0966065826416016),(0.0519473266601563,0.0107561340332031,-0.0975100021362305),
(0.0519473266601563,0.0107561340332031,-0.0966065826416016),(0.0519496307373047,
0.00172672498226166,-0.0975100021362305),(0.0519496307373047,0.00172672498226166,
-0.0966065826416016),(0.0519587783813477,0.0452892074584961,-0.0975100021362305),
(0.0519587783813477,0.0452892074584961,-0.0966065826416016),(0.0520352325439453,
0.0302461185455323,-0.0975100021362305),(0.0520352325439453,0.0302461185455323,
-0.0966065826416016),(0.0521103172302246,0.0493113975524902,-0.0975100021362305),
(0.0521103172302246,0.0493113975524902,-0.0966065826416016),(0.0521737976074219,
0.0399665679931641,-0.0975100021362305),(0.0521737976074219,0.0399665679931641,
-0.0966065826416016),(0.0523441352844238,0.0258254909515381,-0.0975100021362305),
(0.0523441352844238,0.0258254909515381,-0.0966065826416016),(0.0523550872802734,
-0.00442992115020752,-0.0975100021362305),(0.0523550872802734,-0.00442992115020752,
-0.0966065826416016),(0.0524358901977539,0.0351443977355957,-0.0975100021362305),
(0.0524358901977539,0.0351443977355957,-0.0966065826416016),(0.0524759941101074,
0.0304032382965088,-0.0975100021362305),(0.0524759941101074,0.0304032382965088,
-0.0966065826416016),(0.0525741424560547,0.0906184616088867,-0.0975100021362305),
(0.0525741424560547,0.0906184616088867,-0.0966065826416016),(0.0526016578674316,
0.0508945198059082,-0.0975100021362305),(0.0526016578674316,0.0508945198059082,
-0.0966065826416016),(0.0526433753967285,0.0668801956176758,-0.0975100021362305),
(0.0526433753967285,0.0668801956176758,-0.0966065826416016),(0.0526783027648926,
0.014351487159729,-0.0975100021362305),(0.0526783027648926,0.014351487159729,
-0.0966065826416016),(0.0528465614318848,-0.0133802938461304,-0.0975100021362305),
(0.0528465614318848,-0.0133802938461304,-0.0966065826416016),(0.0528524169921875,
0.0867547607421875,-0.0975100021362305),(0.0528524169921875,0.0867547607421875,
-0.0966065826416016),(0.0530026092529297,0.0549211273193359,-0.0975100021362305),
(0.0530026092529297,0.0549211273193359,-0.0966065826416016),(0.0530259094238281,
-0.0116965808868408,-0.0975100021362305),(0.0530259094238281,-0.0116965808868408,
-0.0966065826416016),(0.0530760841369629,0.0281284656524658,-0.0975100021362305),
(0.0530760841369629,0.0281284656524658,-0.0966065826416016),(0.0532423324584961,
0.0706840362548828,-0.0975100021362305),(0.0532423324584961,0.0706840362548828,
-0.0966065826416016),(0.0532850074768067,0.0218553428649902,-0.0975100021362305),
(0.0532850074768067,0.0218553428649902,-0.0966065826416016),(0.0534313316345215,
0.0200552730560302,-0.0975100021362305),(0.0534313316345215,0.0200552730560302,
-0.0966065826416016),(0.0534616851806641,0.0565482559204102,-0.0975100021362305),
(0.0534616851806641,0.0565482559204102,-0.0966065826416016),(0.0535127410888672,
0.0470174293518066,-0.0975100021362305),(0.0535127410888672,0.0470174293518066,
-0.0966065826416016),(0.0535194664001465,0.050585823059082,-0.0975100021362305),
(0.0535194664001465,0.050585823059082,-0.0966065826416016),(0.0536856498718262,
0.0312498760223388,-0.0975100021362305),(0.0536856498718262,0.0312498760223388,
-0.0966065826416016),(0.0537891693115234,-0.0138855628967285,-0.0975100021362305),
(0.0537891693115234,-0.0138855628967285,-0.0966065826416016),(0.0539857444763184,
0.0926807174682617,-0.0975100021362305),(0.0539857444763184,0.0926807174682617,
-0.0966065826416016),(0.0543518981933594,0.0961435089111328,-0.0975100021362305),
(0.0543518981933594,0.0961435089111328,-0.0966065826416016),(0.0543762054443359,
0.0961529083251953,-0.0975100021362305),(0.0543762054443359,0.0961529083251953,
-0.0966065826416016),(0.0544005165100098,0.0961623382568359,-0.0975100021362305),
(0.0544005165100098,0.0961623382568359,-0.0966065826416016),(0.0545822334289551,
0.0306782894134521,-0.0975100021362305),(0.0545822334289551,0.0306782894134521,
-0.0966065826416016),(0.0546780586242676,0.0276667900085449,-0.0975100021362305),
(0.0546780586242676,0.0276667900085449,-0.0966065826416016),(0.054685489654541,
0.039959342956543,-0.0975100021362305),(0.054685489654541,0.039959342956543,
-0.0966065826416016),(0.0547412071228027,0.0273797836303711,-0.0975100021362305),
(0.0547451553344727,-0.0143654136657715,-0.0975100021362305),(0.0547451553344727,
-0.0143654136657715,-0.0966065826416016),(0.0547938385009766,0.0672287902832031,
-0.0975100021362305),(0.0547938385009766,0.0672287902832031,-0.0966065826416016),
(0.0548130187988281,0.0194006843566895,-0.0975100021362305),(0.0548130187988281,
0.0194006843566895,-0.0966065826416016),(0.0550249214172363,0.0635624732971191,
-0.0975100021362305),(0.0550249214172363,0.0635624732971191,-0.0966065826416016),
(0.0552960395812988,0.0181665554046631,-0.0975100021362305),(0.0552960395812988,
0.0181665554046631,-0.0966065826416016),(0.0553089294433594,0.072786491394043,
-0.0975100021362305),(0.0553089294433594,0.072786491394043,-0.0966065826416016),
(0.0553263931274414,0.024006778717041,-0.0975100021362305),(0.0553263931274414,
0.024006778717041,-0.0966065826416016),(0.0554313125610352,0.0300393447875977,
-0.0975100021362305),(0.0554313125610352,0.0300393447875977,-0.0966065826416016),
(0.0554944114685059,0.0227101593017578,-0.0975100021362305),(0.0554944114685059,
0.0227101593017578,-0.0966065826416016),(0.0556962471008301,0.0104367303848267,
-0.0975100021362305),(0.0556962471008301,0.0104367303848267,-0.0966065826416016),
(0.0557021369934082,0.0169051914215088,-0.0975100021362305),(0.0557021369934082,
0.0169051914215088,-0.0966065826416016),(0.0557457962036133,0.021429651260376,
-0.0975100021362305),(0.0557457962036133,0.021429651260376,-0.0966065826416016),
(0.0558205490112305,-0.0131538677215576,-0.0975100021362305),(0.0558205490112305,
-0.0131538677215576,-0.0966065826416016),(0.055872615814209,0.0414734992980957,
-0.0975100021362305),(0.055872615814209,0.0414734992980957,-0.0966065826416016),
(0.0559388618469238,0.0505398483276367,-0.0975100021362305),(0.0560888328552246,
0.0455194396972656,-0.0975100021362305),(0.0560888328552246,0.0455194396972656,
-0.0966065826416016),(0.0561100044250488,0.0335459594726562,-0.0975100021362305),
(0.0561100044250488,0.0335459594726562,-0.0966065826416016),(0.0562041397094727,
0.0274118270874023,-0.0975100021362305),(0.0563313827514649,0.0476897773742676,
-0.0975100021362305),(0.0563313827514649,0.0476897773742676,-0.0966065826416016),
(0.0564655647277832,0.0195148735046386,-0.0975100021362305),(0.0564655647277832,
0.0195148735046386,-0.0966065826416016),(0.0564997825622559,0.0131689519882202,
-0.0975100021362305),(0.0564997825622559,0.0131689519882202,-0.0966065826416016),
(0.0566570930480957,-0.00944058895111084,-0.0975100021362305),(0.0566570930480957,
-0.00944058895111084,-0.0966065826416016),(0.0567861595153809,0.0476543655395508,
-0.0975100021362305),(0.0567861595153809,0.0476543655395508,-0.0966065826416016),
(0.0568194961547852,0.0561441497802734,-0.0975100021362305),(0.0568194961547852,
0.0561441497802734,-0.0966065826416016),(0.05683837890625,0.0750530166625977,
-0.0975100021362305),(0.05683837890625,0.0750530166625977,-0.0966065826416016),
(0.0568809318542481,0.0238961238861084,-0.0975100021362305),(0.0568809318542481,
0.0238961238861084,-0.0966065826416016),(0.0569208488464356,0.0751004180908203,
-0.0975100021362305),(0.0569208488464356,0.0751004180908203,-0.0966065826416016),
(0.056953971862793,0.0674198989868164,-0.0975100021362305),(0.056953971862793,
0.0674198989868164,-0.0966065826416016),(0.0570460052490234,0.0494335021972656,
-0.0975100021362305),(0.0570460052490234,0.0494335021972656,-0.0966065826416016),
(0.0571771202087402,0.0175970840454102,-0.0975100021362305),(0.0571771202087402,
0.0175970840454102,-0.0966065826416016),(0.0571771202087402,0.0693266220092774,
-0.0975100021362305),(0.0571771202087402,0.0693266220092774,-0.0966065826416016),
(0.0571942138671875,0.0505140838623047,-0.0975100021362305),(0.0571987380981445,
0.0399665679931641,-0.0975100021362305),(0.0571987380981445,0.0399665679931641,
-0.0966065826416016),(0.0572010955810547,0.028694091796875,-0.0975100021362305),
(0.0572010955810547,0.028694091796875,-0.0966065826416016),(0.0572832336425781,
0.0754902496337891,-0.0975100021362305),(0.0572832336425781,0.0754902496337891,
-0.0966065826416016),(0.0572903747558594,0.0120462026596069,-0.0975100021362305),
(0.0572903747558594,0.0120462026596069,-0.0966065826416016),(0.0573024711608887,
0.0693211135864258,-0.0975100021362305),(0.0573024711608887,0.0693211135864258,
-0.0966065826416016),(0.0573326950073242,0.0473940353393555,-0.0975100021362305),
(0.0573326950073242,0.0473940353393555,-0.0966065826416016),(0.0574317626953125,
-0.00802163696289063,-0.0975100021362305),(0.0574317626953125,-0.00802163696289063,
-0.0966065826416016),(0.0574609718322754,0.0473147239685059,-0.0975100021362305),
(0.0574609718322754,0.0473147239685059,-0.0966065826416016),(0.0575794372558594,
0.0274027099609375,-0.0975100021362305),(0.0576117668151856,0.0760319519042969,
-0.0975100021362305),(0.0576117668151856,0.0760319519042969,-0.0966065826416016),
(0.0576478385925293,0.0284329872131347,-0.0975100021362305),(0.0576478385925293,
0.0284329872131347,-0.0966065826416016),(0.0576895408630371,0.0384392471313476,
-0.0975100021362305),(0.0576895408630371,0.0384392471313476,-0.0966065826416016),
(0.0577573547363281,0.0106325559616089,-0.0975100021362305),(0.0577573547363281,
0.0106325559616089,-0.0966065826416016),(0.0577844657897949,0.0105252952575684,
-0.0975100021362305),(0.0577844657897949,0.0105252952575684,-0.0966065826416016),
(0.057836612701416,0.0694626235961914,-0.0975100021362305),(0.057836612701416,
0.0694626235961914,-0.0966065826416016),(0.057869026184082,0.0489513473510742,
-0.0975100021362305),(0.057869026184082,0.0489513473510742,-0.0966065826416016),
(0.0579548034667969,0.0712309875488281,-0.0975100021362305),(0.0579548034667969,
0.0712309875488281,-0.0966065826416016),(0.0580619430541992,0.0281220893859863,
-0.0975100021362305),(0.0580619430541992,0.0281220893859863,-0.0966065826416016),
(0.058075870513916,0.0346037940979004,-0.0975100021362305),(0.0581312255859375,
0.0700257797241211,-0.0975100021362305),(0.0581312255859375,0.0700257797241211,
-0.0966065826416016),(0.0581391754150391,0.0717433547973633,-0.0975100021362305),
(0.0581391754150391,0.0717433547973633,-0.0966065826416016),(0.0582054634094238,
0.0777216110229492,-0.0975100021362305),(0.0582054634094238,0.0777216110229492,
-0.0966065826416016),(0.0582364387512207,0.0273869724273682,-0.0975100021362305),
(0.0583262519836426,0.0445082130432129,-0.0975100021362305),(0.0583262519836426,
0.0445082130432129,-0.0966065826416016),(0.058368335723877,0.0720251922607422,
-0.0975100021362305),(0.058368335723877,0.0720251922607422,-0.0966065826416016),
(0.058428955078125,0.0698042373657227,-0.0975100021362305),(0.058428955078125,
0.0698042373657227,-0.0966065826416016),(0.0584361763000488,0.0961623382568359,
-0.0975100021362305),(0.0584361763000488,0.0961623382568359,-0.0966065826416016),
(0.0584572296142578,0.0604619064331055,-0.0975100021362305),(0.0584572296142578,
0.0604619064331055,-0.0966065826416016),(0.0585250053405762,0.0721158065795898,
-0.0975100021362305),(0.0585250053405762,0.0721158065795898,-0.0966065826416016),
(0.0586364555358887,0.020895694732666,-0.0975100021362305),(0.0586364555358887,
0.020895694732666,-0.0966065826416016),(0.0586399383544922,0.0457971954345703,
-0.0975100021362305),(0.0586399383544922,0.0457971954345703,-0.0966065826416016),
(0.0586758003234863,0.0733755416870117,-0.0975100021362305),(0.0586758003234863,
0.0733755416870117,-0.0966065826416016),(0.0587367668151856,-0.0143654136657715,
-0.0975100021362305),(0.0587367668151856,-0.0143654136657715,-0.0966065826416016),
(0.0587408218383789,0.0369383163452149,-0.0975100021362305),(0.0587408218383789,
0.0369383163452149,-0.0966065826416016),(0.0587543869018555,0.0429679527282715,
-0.0975100021362305),(0.0587543869018555,0.0429679527282715,-0.0966065826416016),
(0.0587675552368164,0.012952597618103,-0.0975100021362305),(0.0587675552368164,
0.012952597618103,-0.0966065826416016),(0.0587829399108887,0.0794144821166992,
-0.0975100021362305),(0.0587829399108887,0.0794144821166992,-0.0966065826416016),
(0.0588002624511719,0.048668571472168,-0.0975100021362305),(0.0588002624511719,
0.048668571472168,-0.0966065826416016),(0.0588667068481445,0.0562605743408203,
-0.0975100021362305),(0.0588667068481445,0.0562605743408203,-0.0966065826416016),
(0.0588921546936035,0.067580680847168,-0.0975100021362305),(0.0588921546936035,
0.067580680847168,-0.0966065826416016),(0.0589070701599121,0.0123190050125122,
-0.0975100021362305),(0.0589070701599121,0.0123190050125122,-0.0966065826416016),
(0.0589270858764648,0.00669078779220581,-0.0975100021362305),(0.0589270858764648,
0.00669078779220581,-0.0966065826416016),(0.058993106842041,0.0744240875244141,
-0.0975100021362305),(0.058993106842041,0.0744240875244141,-0.0966065826416016),
(0.0590974235534668,0.0116950798034668,-0.0975100021362305),(0.0590974235534668,
0.0116950798034668,-0.0966065826416016),(0.0591110572814941,0.00595781898498535,
-0.0975100021362305),(0.0591110572814941,0.00595781898498535,-0.0966065826416016),
(0.0591390037536621,0.0809354782104492,-0.0975100021362305),(0.0591390037536621,
0.0809354782104492,-0.0966065826416016),(0.0591542472839356,0.0706333465576172,
-0.0975100021362305),(0.0591542472839356,0.0706333465576172,-0.0966065826416016),
(0.0592220573425293,0.0360334815979004,-0.0975100021362305),(0.0592220573425293,
0.0360334815979004,-0.0966065826416016),(0.0592920150756836,0.00522329092025757,
-0.0975100021362305),(0.0592920150756836,0.00522329092025757,-0.0966065826416016),
(0.0593072280883789,0.0199527111053467,-0.0975100021362305),(0.0593072280883789,
0.0199527111053467,-0.0966065826416016),(0.0593341407775879,0.074964973449707,
-0.0975100021362305),(0.0593341407775879,0.074964973449707,-0.0966065826416016),
(0.059495964050293,-0.00432074022293091,-0.0975100021362305),(0.0595093650817871,
-0.00638581800460816,-0.0975100021362305),(0.0595169639587402,-0.00187635505199432,
-0.0975100021362305),(0.0595169639587402,-0.00187635505199432,-0.0966065826416016),
(0.0595241355895996,-0.00436541318893433,-0.0945100021362305),(0.0595241355895996,
-0.00436541318893433,-0.0875100021362305),(0.0595241355895996,0.0861220855712891,
-0.0945100021362305),(0.0595241355895996,0.0861220855712891,-0.0875100021362305),
(0.0595348320007324,0.000310274004936219,-0.0975100021362305),(0.059577522277832,
0.0721499404907227,-0.0975100021362305),(0.059594783782959,0.00256672906875611,
-0.0975100021362305),(0.0596164436340332,-0.00196118497848511,-0.0975100021362305),
(0.0596197052001953,0.027377670288086,-0.0975100021362305),(0.0596197052001953,
0.0347759284973145,-0.0975100021362305),(0.0596197052001953,0.0466057167053223,
-0.0975100021362305),(0.0596197052001953,0.0685210800170898,-0.0975100021362305),
(0.0596197052001953,0.0730810165405273,-0.0975100021362305),(0.0596938514709473,
0.0554095611572266,-0.0975100021362305),(0.0597069854736328,0.0752092208862305,
-0.0975100021362305),(0.0597069854736328,0.0752092208862305,-0.0966065826416016),
(0.0597092895507813,0.0829576034545898,-0.0975100021362305),(0.0597092895507813,
0.0829576034545898,-0.0966065826416016),(0.0597195091247559,0.0933518524169922,
-0.0975100021362305),(0.0598010978698731,0.0267082290649414,-0.0975100021362305),
(0.0598010978698731,0.0267082290649414,-0.0966065826416016),(0.0598261260986328,
-0.011335545539856,-0.0975100021362305),(0.0598261260986328,-0.011335545539856,
-0.0966065826416016),(0.0599101715087891,0.0861906356811523,-0.0975100021362305),
(0.0599101715087891,0.0861906356811523,-0.0966065826416016),(0.0600150909423828,
0.0326142539978028,-0.0975100021362305),(0.0600150909423828,0.0326142539978028,
-0.0966065826416016),(0.0601046295166016,0.00207402205467224,-0.0975100021362305),
(0.0601046295166016,0.00207402205467224,-0.0966065826416016),(0.060253345489502,
0.0695644607543945,-0.0975100021362305),(0.060253345489502,0.0695644607543945,
-0.0966065826416016),(0.0602663726806641,0.0849844055175781,-0.0975100021362305),
(0.0602663726806641,0.0849844055175781,-0.0966065826416016),(0.0604047698974609,
0.0864214401245117,-0.0975100021362305),(0.0604047698974609,0.0864214401245117,
-0.0966065826416016),(0.0604149551391602,0.0767838592529297,-0.0975100021362305),
(0.0604149551391602,0.0767838592529297,-0.0966065826416016),(0.0604441108703613,
-0.00260440301895142,-0.0975100021362305),(0.0604441108703613,-0.00260440301895142,
-0.0966065826416016),(0.0604755744934082,0.000679150998592377,-0.0975100021362305),
(0.0604755744934082,0.000679150998592377,-0.0966065826416016),(0.0604769096374512,
0.00771045112609863,-0.0975100021362305),(0.0604769096374512,0.00771045112609863,
-0.0966065826416016),(0.0604859008789063,0.0261495876312256,-0.0975100021362305),
(0.0604859008789063,0.0261495876312256,-0.0966065826416016),(0.0605700454711914,
0.00650215291976929,-0.0975100021362305),(0.0605700454711914,0.00650215291976929,
-0.0966065826416016),(0.0605787773132324,0.00891864490509033,-0.0975100021362305),
(0.0605787773132324,0.00891864490509033,-0.0966065826416016),(0.0605834732055664,
0.0346131629943848,-0.0975100021362305),(0.0605834732055664,0.0346131629943848,
-0.0966065826416016),(0.0605847778320313,0.0711563491821289,-0.0975100021362305),
(0.0605847778320313,0.0711563491821289,-0.0966065826416016),(0.0606486549377441,
0.00659467220306397,-0.0975100021362305),(0.0606486549377441,0.00659467220306397,
-0.0966065826416016),(0.0607557716369629,0.0489985771179199,-0.0975100021362305),
(0.0607557716369629,0.0489985771179199,-0.0966065826416016),(0.0607860221862793,
0.077631706237793,-0.0975100021362305),(0.0607860221862793,0.077631706237793,
-0.0966065826416016),(0.06081689453125,-0.000730270981788635,-0.0975100021362305),
(0.06081689453125,-0.000730270981788635,-0.0966065826416016),(0.0608173675537109,
0.0696223220825195,-0.0975100021362305),(0.0608173675537109,0.0696223220825195,
-0.0966065826416016),(0.0608386535644531,0.0867389373779297,-0.0975100021362305),
(0.0608386535644531,0.0867389373779297,-0.0966065826416016),(0.0608676376342774,
0.00711138677597046,-0.0975100021362305),(0.0608676376342774,0.00711138677597046,
-0.0966065826416016),(0.0609059448242188,0.0178503913879395,-0.0975100021362305),
(0.0609059448242188,0.0178503913879395,-0.0966065826416016),(0.0609064636230469,
0.0716367568969727,-0.0975100021362305),(0.0609064636230469,0.0716367568969727,
-0.0966065826416016),(0.0609518547058106,0.0448676567077637,-0.0975100021362305),
(0.0609518547058106,0.0448676567077637,-0.0966065826416016),(0.0609633941650391,
-0.00733054208755493,-0.0975100021362305),(0.0609633941650391,-0.00733054208755493,
-0.0966065826416016),(0.0609786415100098,0.00778974723815918,-0.0975100021362305),
(0.0609786415100098,0.00778974723815918,-0.0966065826416016),(0.0610906410217285,
0.0701112594604492,-0.0975100021362305),(0.0611248626708984,0.0255363693237305,
-0.0975100021362305),(0.0611248626708984,0.0255363693237305,-0.0966065826416016),
(0.0611862640380859,0.046134407043457,-0.0975100021362305),(0.0611862640380859,
0.046134407043457,-0.0966065826416016),(0.0611947174072266,0.0784635543823242,
-0.0975100021362305),(0.0611947174072266,0.0784635543823242,-0.0966065826416016),
(0.0612576942443848,0.0655988006591797,-0.0975100021362305),(0.0612576942443848,
0.0655988006591797,-0.0966065826416016),(0.0613153495788574,0.0675745315551758,
-0.0975100021362305),(0.0613153495788574,0.0675745315551758,-0.0966065826416016),
(0.0613370590209961,-0.0033693540096283,-0.0975100021362305),(0.0613370590209961,
-0.0033693540096283,-0.0966065826416016),(0.0613540916442871,0.0881628341674805,
-0.0975100021362305),(0.0613540916442871,0.0881628341674805,-0.0966065826416016),
(0.0613958969116211,0.0482190017700195,-0.0975100021362305),(0.0613958969116211,
0.0482190017700195,-0.0966065826416016),(0.0614111938476563,0.0594665832519531,
-0.0975100021362305),(0.0614111938476563,0.0594665832519531,-0.0966065826416016),
(0.0614390182495117,0.0703372268676758,-0.0966065826416016),(0.0615767517089844,
0.0700593109130859,-0.0975100021362305),(0.0615767517089844,0.0700593109130859,
-0.0966065826416016),(0.0616799201965332,-0.0046135139465332,-0.0975100021362305),
(0.0616799201965332,-0.0046135139465332,-0.0966065826416016),(0.0616820335388184,
0.00273181700706482,-0.0975100021362305),(0.0616820335388184,0.00273181700706482,
-0.0966065826416016),(0.0617045936584473,-0.00776834487915039,-0.0975100021362305),
(0.0617045936584473,-0.00776834487915039,-0.0966065826416016),(0.0617773666381836,
0.0506224555969238,-0.0975100021362305),(0.0618198013305664,0.0799307708740234,
-0.0975100021362305),(0.0618198013305664,0.0799307708740234,-0.0966065826416016),
(0.0618787078857422,-0.00589312076568604,-0.0975100021362305),(0.0618787078857422,
-0.00589312076568604,-0.0966065826416016),(0.0619300765991211,0.0166629543304443,
-0.0975100021362305),(0.0619300765991211,0.0166629543304443,-0.0966065826416016),
(0.0619342002868652,0.00150025200843811,-0.0975100021362305),(0.0619342002868652,
0.00150025200843811,-0.0966065826416016),(0.0619596519470215,0.0895496139526367,
-0.0975100021362305),(0.0619596519470215,0.0895496139526367,-0.0966065826416016),
(0.0621212577819824,0.0475245666503906,-0.0975100021362305),(0.0621212577819824,
0.0475245666503906,-0.0966065826416016),(0.0622185363769531,0.0901152572631836,
-0.0975100021362305),(0.0622185363769531,0.0901152572631836,-0.0966065826416016),
(0.0622917366027832,0.0810040893554688,-0.0975100021362305),(0.0622917366027832,
0.0810040893554688,-0.0966065826416016),(0.0623288803100586,0.000308811992406845,
-0.0975100021362305),(0.0623288803100586,0.000308811992406845,-0.0966065826416016),
(0.0623531188964844,0.0457763328552246,-0.0975100021362305),(0.0623531188964844,
0.0457763328552246,-0.0966065826416016),(0.0623703231811524,-0.00828826808929443,
-0.0975100021362305),(0.0623703231811524,-0.00828826808929443,-0.0966065826416016),
(0.0624906272888184,0.0906743469238281,-0.0975100021362305),(0.0624906272888184,
0.0906743469238281,-0.0966065826416016),(0.0625295906066895,0.0814510192871094,
-0.0975100021362305),(0.0625295906066895,0.0814510192871094,-0.0966065826416016),
(0.0626032066345215,-0.00966884517669678,-0.0975100021362305),(0.0626032066345215,
-0.00966884517669678,-0.0966065826416016),(0.0626543121337891,0.0710617599487305,
-0.0975100021362305),(0.0626543121337891,0.0710617599487305,-0.0966065826416016),
(0.062662540435791,0.0961623382568359,-0.0975100021362305),(0.062662540435791,
0.0961623382568359,-0.0966065826416016),(0.0626652984619141,0.0743370819091797,
-0.0975100021362305),(0.0626652984619141,0.0743370819091797,-0.0966065826416016),
(0.0626739959716797,0.0242102432250976,-0.0975100021362305),(0.0626739959716797,
0.0242102432250976,-0.0966065826416016),(0.0626979713439941,0.0725679244995117,
-0.0975100021362305),(0.0626979713439941,0.0725679244995117,-0.0966065826416016),
(0.0627059593200684,0.00761616802215576,-0.0975100021362305),(0.0627059593200684,
0.00761616802215576,-0.0966065826416016),(0.0627084732055664,0.0436080245971679,
-0.0975100021362305),(0.0627084732055664,0.0436080245971679,-0.0966065826416016),
(0.0627525825500488,0.0819059600830078,-0.0975100021362305),(0.0627525825500488,
0.0819059600830078,-0.0966065826416016),(0.0627803192138672,0.0738093490600586,
-0.0975100021362305),(0.0627803192138672,0.0738093490600586,-0.0966065826416016),
(0.062822437286377,0.0695515670776367,-0.0975100021362305),(0.062822437286377,
0.0695515670776367,-0.0966065826416016),(0.0628770446777344,-0.0110430822372436,
-0.0975100021362305),(0.0628770446777344,-0.0110430822372436,-0.0966065826416016),
(0.0629100303649902,-0.00270947909355164,-0.0975100021362305),(0.0629100303649902,
-0.00270947909355164,-0.0966065826416016),(0.0629841804504395,0.0923817596435547,
-0.0975100021362305),(0.0629841804504395,0.0923817596435547,-0.0966065826416016),
(0.0630041923522949,0.0406781768798828,-0.0975100021362305),(0.0630041923522949,
0.0406781768798828,-0.0966065826416016),(0.0630046119689941,0.0236606216430664,
-0.0975100021362305),(0.0630046119689941,0.0236606216430664,-0.0966065826416016),
(0.0631162719726563,-0.00971242141723633,-0.0975100021362305),(0.0631162719726563,
-0.00971242141723633,-0.0875100021362305),(0.0631162719726563,-0.00901840591430664,
-0.0975100021362305),(0.0631162719726563,-0.00901840591430664,-0.0875100021362305),
(0.0631162719726563,0.0907750778198242,-0.0975100021362305),(0.0631162719726563,
0.0907750778198242,-0.0875100021362305),(0.0631162719726563,0.0914690933227539,
-0.0975100021362305),(0.0631162719726563,0.0914690933227539,-0.0875100021362305),
(0.0631262474060059,-0.012999005317688,-0.0975100021362305),(0.0631262474060059,
-0.012999005317688,-0.0966065826416016),(0.0631467781066895,0.0620790023803711,
-0.0975100021362305),(0.0631467781066895,0.0620790023803711,-0.0966065826416016),
(0.0631754608154297,0.0924796295166016,-0.0975100021362305),(0.0631754608154297,
0.0924796295166016,-0.0966065826416016),(0.0631926536560059,-0.00389932608604431,
-0.0975100021362305),(0.0631926536560059,-0.00389932608604431,-0.0966065826416016),
(0.0632282791137695,0.0227413578033448,-0.0975100021362305),(0.0632282791137695,
0.0227413578033448,-0.0966065826416016),(0.0632356643676758,-0.0136807537078857,
-0.0975100021362305),(0.0632356643676758,-0.0136807537078857,-0.0966065826416016),
(0.0632705307006836,0.0833370056152344,-0.0975100021362305),(0.0632705307006836,
0.0833370056152344,-0.0966065826416016),(0.0632968635559082,0.0224514102935791,
-0.0975100021362305),(0.0632968635559082,0.0224514102935791,-0.0966065826416016),
(0.0633280906677246,-0.0143654136657715,-0.0975100021362305),(0.0633280906677246,
-0.0143654136657715,-0.0966065826416016),(0.0633511962890625,0.0125584192276001,
-0.0975100021362305),(0.0633511962890625,0.0125584192276001,-0.0966065826416016),
(0.0633818244934082,-0.00510684394836426,-0.0975100021362305),(0.0633818244934082,
-0.00510684394836426,-0.0966065826416016),(0.0634028701782227,0.0471135635375977,
-0.0975100021362305),(0.0634028701782227,0.0471135635375977,-0.0966065826416016),
(0.0634387969970703,-0.010326940536499,-0.0975100021362305),(0.0634387969970703,
-0.010326940536499,-0.0875100021362305),(0.0634387969970703,-0.00840388584136963,
-0.0975100021362305),(0.0634387969970703,-0.00840388584136963,-0.0875100021362305),
(0.0634387969970703,0.0901605606079102,-0.0975100021362305),(0.0634387969970703,
0.0901605606079102,-0.0875100021362305),(0.0634387969970703,0.092083610534668,
-0.0975100021362305),(0.0634387969970703,0.092083610534668,-0.0875100021362305),
(0.0634788627624512,0.0184100570678711,-0.0975100021362305),(0.0634788627624512,
0.0184100570678711,-0.0966065826416016),(0.0635281867980957,0.0454423789978027,
-0.0975100021362305),(0.0635281867980957,0.0454423789978027,-0.0966065826416016),
(0.0635285873413086,0.0694704284667969,-0.0975100021362305),(0.0635285873413086,
0.0694704284667969,-0.0966065826416016),(0.0635539474487305,0.0928860244750977,
-0.0975100021362305),(0.0635539474487305,0.0928860244750977,-0.0966065826416016),
(0.0635545196533203,0.0635381317138672,-0.0975100021362305),(0.0635545196533203,
0.0635381317138672,-0.0966065826416016),(0.0635900382995605,0.076058479309082,
-0.0975100021362305),(0.0635900382995605,0.076058479309082,-0.0966065826416016),
(0.0636689529418945,0.0845943145751953,-0.0975100021362305),(0.0636689529418945,
0.0845943145751953,-0.0966065826416016),(0.063737491607666,-0.00445285987854004,
-0.0975100021362305),(0.063737491607666,-0.00445285987854004,-0.0966065826416016),
(0.063740104675293,0.067602165222168,-0.0975100021362305),(0.063740104675293,
0.067602165222168,-0.0966065826416016),(0.0638123168945313,0.054474178314209,
-0.0975100021362305),(0.0638123168945313,0.054474178314209,-0.0966065826416016),
(0.0638194541931152,0.00690327882766724,-0.0975100021362305),(0.0638194541931152,
0.00690327882766724,-0.0966065826416016),(0.0638739128112793,0.0506436004638672,
-0.0975100021362305),(0.0639564590454102,0.0935493316650391,-0.0975100021362305),
(0.0639564590454102,0.0935493316650391,-0.0966065826416016),(0.0639783592224121,
-0.00778889179229736,-0.0975100021362305),(0.0639783592224121,-0.00778889179229736,
-0.0966065826416016),(0.063993335723877,-0.00789941310882568,-0.0975100021362305),
(0.063993335723877,-0.00789941310882568,-0.0966065826416016),(0.0640074996948242,
-0.00801057529449463,-0.0975100021362305),(0.0640074996948242,-0.00801057529449463,
-0.0966065826416016),(0.0640099563598633,-0.0107211875915527,-0.0975100021362305),
(0.0640099563598633,-0.0107211875915527,-0.0875100021362305),(0.0640099563598633,
-0.00800963878631592,-0.0966065826416016),(0.0640099563598633,-0.00800963878631592,
-0.0875100021362305),(0.0640099563598633,0.0897663116455078,-0.0975100021362305),
(0.0640099563598633,0.0897663116455078,-0.0875100021362305),(0.0640099563598633,
0.0924778594970703,-0.0975100021362305),(0.0640099563598633,0.0924778594970703,
-0.0875100021362305),(0.0640109329223633,0.069496711730957,-0.0975100021362305),
(0.0640109329223633,0.069496711730957,-0.0966065826416016),(0.0640175857543945,
-0.00376353192329407,-0.0975100021362305),(0.0640175857543945,-0.00376353192329407,
-0.0966065826416016),(0.0640658187866211,0.0858499603271484,-0.0975100021362305),
(0.0640658187866211,0.0858499603271484,-0.0966065826416016),(0.0641174240112305,
0.0180637664794922,-0.0975100021362305),(0.0641174240112305,0.0180637664794922,
-0.0966065826416016),(0.0641421508789063,0.0772487945556641,-0.0975100021362305),
(0.0641421508789063,0.0772487945556641,-0.0966065826416016),(0.0643104476928711,
0.0696736755371094,-0.0975100021362305),(0.0643104476928711,0.0696736755371094,
-0.0966065826416016),(0.0643353576660156,0.0336498908996582,-0.0975100021362305),
(0.0643353576660156,0.0336498908996582,-0.0966065826416016),(0.0644098205566406,
0.0946000900268555,-0.0975100021362305),(0.0644098205566406,0.0946000900268555,
-0.0966065826416016),(0.0644218826293945,0.0136230058670044,-0.0975100021362305),
(0.0644218826293945,0.0136230058670044,-0.0966065826416016),(0.0644981231689453,
0.0786664123535156,-0.0975100021362305),(0.0644981231689453,0.0786664123535156,
-0.0966065826416016),(0.0645114135742188,0.0871437911987305,-0.0975100021362305),
(0.0645114135742188,0.0871437911987305,-0.0966065826416016),(0.064679817199707,
0.0957217483520508,-0.0975100021362305),(0.064679817199707,0.0957217483520508,
-0.0966065826416016),(0.0646989135742188,-0.0108048419952393,-0.0975100021362305),
(0.0646989135742188,-0.0108048419952393,-0.0875100021362305),(0.0646989135742188,
-0.00792598581314087,-0.0966065826416016),(0.0646989135742188,-0.00792598581314087,
-0.0875100021362305),(0.0646989135742188,0.0896826553344727,-0.0975100021362305),
(0.0646989135742188,0.0896826553344727,-0.0875100021362305),(0.0646989135742188,
0.0925615158081055,-0.0975100021362305),(0.0646989135742188,0.0925615158081055,
-0.0875100021362305),(0.0646993560791016,0.0467492370605469,-0.0975100021362305),
(0.0646993560791016,0.0467492370605469,-0.0966065826416016),(0.0648241348266602,
-0.0143654136657715,-0.0975100021362305),(0.0648241348266602,-0.0143654136657715,
-0.0875100021362305),(0.0648241348266602,0.0961622848510742,-0.0975100021362305),
(0.0648241348266602,0.0961622848510742,-0.0875100021362305),(0.0648241348266602,
0.0961623382568359,-0.0975100021362305),(0.0648241348266602,0.0961623382568359,
-0.0875100021362305),(0.0648422164916992,-0.00582685422897339,-0.0975100021362305),
(0.0648422164916992,-0.00582685422897339,-0.0966065826416016),(0.0648426208496094,
-0.0133228883743286,-0.0975100021362305),(0.0648426208496094,-0.0133228883743286,
-0.0966065826416016),(0.0648563537597656,0.0884575881958008,-0.0975100021362305),
(0.0648563537597656,0.0884575881958008,-0.0966065826416016),(0.0648956985473633,
0.0799961547851563,-0.0975100021362305),(0.0648956985473633,0.0799961547851563,
-0.0966065826416016),(0.0649616317749023,-0.012621036529541,-0.0975100021362305),
(0.0649616317749023,-0.012621036529541,-0.0966065826416016),(0.0650087890625,
-0.0143617849349976,-0.0975100021362305),(0.0650087890625,-0.0143617849349976,
-0.0966065826416016),(0.0651056976318359,0.0717227478027344,-0.0975100021362305),
(0.0651056976318359,0.0717227478027344,-0.0966065826416016),(0.0651166839599609,
-0.0123477239608765,-0.0975100021362305),(0.0651166839599609,-0.0123477239608765,
-0.0966065826416016),(0.0652127304077148,0.089768180847168,-0.0975100021362305),
(0.0652127304077148,0.089768180847168,-0.0966065826416016),(0.0652367401123047,
0.0813374938964844,-0.0975100021362305),(0.0652367401123047,0.0813374938964844,
-0.0966065826416016),(0.0653459243774414,0.0208489189147949,-0.0975100021362305),
(0.0653459243774414,0.0208489189147949,-0.0966065826416016),(0.0653478317260742,
-0.0105587406158447,-0.0975100021362305),(0.0653478317260742,-0.0105587406158447,
-0.0875100021362305),(0.0653478317260742,-0.00817208576202393,-0.0966065826416016),
(0.0653478317260742,-0.00817208576202393,-0.0875100021362305),(0.0653478317260742,
0.0899287567138672,-0.0975100021362305),(0.0653478317260742,0.0899287567138672,
-0.0875100021362305),(0.0653478317260742,0.0923154144287109,-0.0975100021362305),
(0.0653478317260742,0.0923154144287109,-0.0875100021362305),(0.0655097045898438,
-0.00830185317993164,-0.0975100021362305),(0.0655097045898438,-0.00830185317993164,
-0.0966065826416016),(0.0655930480957031,0.069290168762207,-0.0975100021362305),
(0.0655930480957031,0.069290168762207,-0.0966065826416016),(0.0656780090332031,
-0.00384724688529969,-0.0975100021362305),(0.0656780090332031,-0.00384724688529969,
-0.0966065826416016),(0.0656902236938477,0.0830796737670898,-0.0975100021362305),
(0.0656902236938477,0.0830796737670898,-0.0966065826416016),(0.065744499206543,
0.091905158996582,-0.0975100021362305),(0.065744499206543,0.091905158996582,
-0.0966065826416016),(0.0657699737548828,0.00892190170288086,-0.0975100021362305),
(0.0657699737548828,0.00892190170288086,-0.0966065826416016),(0.0658080444335938,
-0.0100392627716064,-0.0975100021362305),(0.0658080444335938,-0.0100392627716064,
-0.0875100021362305),(0.0658080444335938,-0.00869156646728516,-0.0975100021362305),
(0.0658080444335938,-0.00869156646728516,-0.0875100021362305),(0.0658080444335938,
0.0904482345581055,-0.0975100021362305),(0.0658080444335938,0.0904482345581055,
-0.0875100021362305),(0.0658080444335938,0.0917959365844727,-0.0966065826416016),
(0.0658080444335938,0.0917959365844727,-0.0875100021362305),(0.0658860015869141,
-0.0142438898086548,-0.0975100021362305),(0.0658860015869141,-0.0142438898086548,
-0.0966065826416016),(0.0659537353515625,0.0844012451171875,-0.0975100021362305),
(0.0659537353515625,0.0844012451171875,-0.0966065826416016),(0.0659696655273438,
0.0928044357299805,-0.0975100021362305),(0.0659696655273438,0.0928044357299805,
-0.0966065826416016),(0.0659703674316406,0.0912265777587891,-0.0975100021362305),
(0.0659703674316406,0.0912265777587891,-0.0966065826416016),(0.0659741363525391,
-0.00936541366577148,-0.0975100021362305),(0.0659741363525391,-0.00936541366577148,
-0.0875100021362305),(0.0659741363525391,0.0911220855712891,-0.0975100021362305),
(0.0659741363525391,0.0911220855712891,-0.0875100021362305),(0.0661850128173828,
0.0693481063842773,-0.0975100021362305),(0.0661850128173828,0.0693481063842773,
-0.0966065826416016),(0.0661870880126953,0.093705810546875,-0.0975100021362305),
(0.0661870880126953,0.093705810546875,-0.0966065826416016),(0.0661886520385742,
0.060812183380127,-0.0975100021362305),(0.0661886520385742,0.060812183380127,
-0.0966065826416016),(0.0661984710693359,0.0198916244506836,-0.0975100021362305),
(0.0661984710693359,0.0198916244506836,-0.0966065826416016),(0.0662792434692383,
0.0656706161499023,-0.0975100021362305),(0.0662792434692383,0.0656706161499023,
-0.0966065826416016),(0.0663470001220703,0.0867218551635742,-0.0975100021362305),
(0.0663470001220703,0.0867218551635742,-0.0966065826416016),(0.0665214462280273,
0.0716743011474609,-0.0975100021362305),(0.0665214462280273,0.0716743011474609,
-0.0966065826416016),(0.0665884017944336,0.0879336013793945,-0.0975100021362305),
(0.0665884017944336,0.0879336013793945,-0.0966065826416016),(0.0665966339111328,
-0.00968223762512207,-0.0975100021362305),(0.0665966339111328,-0.00968223762512207,
-0.0966065826416016),(0.0666199340820313,0.0444698181152344,-0.0975100021362305),
(0.0666199340820313,0.0444698181152344,-0.0966065826416016),(0.0666227493286133,
-0.0140076484680176,-0.0975100021362305),(0.0666227493286133,-0.0140076484680176,
-0.0875100021362305),(0.0666227493286133,0.0958045196533203,-0.0975100021362305),
(0.0666227493286133,0.0958045196533203,-0.0875100021362305),(0.0666951065063477,
0.018946798324585,-0.0975100021362305),(0.0666951065063477,0.018946798324585,
-0.0966065826416016),(0.0667313690185547,0.0187560558319092,-0.0975100021362305),
(0.0667313690185547,0.0187560558319092,-0.0966065826416016),(0.066814811706543,
0.00733316421508789,-0.0975100021362305),(0.066814811706543,0.00733316421508789,
-0.0966065826416016),(0.0668757629394531,0.0466382331848145,-0.0975100021362305),
(0.066923469543457,0.0763317413330078,-0.0975100021362305),(0.066923469543457,
0.0763317413330078,-0.0966065826416016),(0.0669273147583008,0.0904245071411133,
-0.0975100021362305),(0.0669273147583008,0.0904245071411133,-0.0966065826416016),
(0.0671632537841797,-0.0120833778381348,-0.0975100021362305),(0.0671632537841797,
-0.0120833778381348,-0.0966065826416016),(0.0671709899902344,0.0707453002929688,
-0.0975100021362305),(0.0671709899902344,0.0707453002929688,-0.0966065826416016),
(0.0672185516357422,0.0461427230834961,-0.0975100021362305),(0.0672185516357422,
0.0461427230834961,-0.0966065826416016),(0.0672249298095703,0.0740481643676758,
-0.0975100021362305),(0.0672249298095703,0.0740481643676758,-0.0966065826416016),
(0.0672411041259766,0.0941898498535156,-0.0975100021362305),(0.0672411041259766,
0.0941898498535156,-0.0966065826416016),(0.0672644271850586,0.0954516143798828,
-0.0975100021362305),(0.0672644271850586,0.0954516143798828,-0.0966065826416016),
(0.0672728652954102,0.095460205078125,-0.0975100021362305),(0.0672728652954102,
0.095460205078125,-0.0966065826416016),(0.0672783126831055,0.0954568710327148,
-0.0975100021362305),(0.0672783126831055,0.0954568710327148,-0.0966065826416016),
(0.0672812881469727,0.0954688262939453,-0.0975100021362305),(0.0672812881469727,
0.0954688262939453,-0.0966065826416016),(0.0672921981811523,0.0954621200561523,
-0.0975100021362305),(0.0672921981811523,0.0954621200561523,-0.0966065826416016),
(0.0673091506958008,0.0916741790771484,-0.0975100021362305),(0.0673091506958008,
0.0916741790771484,-0.0966065826416016),(0.0673169784545899,-0.00412178707122803,
-0.0975100021362305),(0.0673169784545899,-0.00412178707122803,-0.0966065826416016),
(0.0673388824462891,0.0460281524658203,-0.0975100021362305),(0.0673388824462891,
0.0460281524658203,-0.0966065826416016),(0.0674380416870117,0.0704525756835938,
-0.0975100021362305),(0.0674380416870117,0.0704525756835938,-0.0966065826416016),
(0.0677385787963867,0.0761368713378906,-0.0975100021362305),(0.0677385787963867,
0.0761368713378906,-0.0966065826416016),(0.0677483291625977,0.0441886177062989,
-0.0975100021362305),(0.0677483291625977,0.0441886177062989,-0.0966065826416016),
(0.0678111190795899,0.0767024459838867,-0.0975100021362305),(0.0678111190795899,
0.0767024459838867,-0.0966065826416016),(0.0678914566040039,-0.00692361211776733,
-0.0975100021362305),(0.0678914566040039,-0.00692361211776733,-0.0966065826416016),
(0.0679020385742188,0.0457694778442383,-0.0975100021362305),(0.0679020385742188,
0.0457694778442383,-0.0966065826416016),(0.0679287872314453,0.0746421890258789,
-0.0975100021362305),(0.0679287872314453,0.0746421890258789,-0.0966065826416016),
(0.0679725494384766,0.00442022514343262,-0.0975100021362305),(0.0679725494384766,
0.00442022514343262,-0.0966065826416016),(0.0681475372314453,-0.0129888153076172,
-0.0975100021362305),(0.0681475372314453,-0.0129888153076172,-0.0875100021362305),
(0.0681475372314453,0.0947856903076172,-0.0975100021362305),(0.0681475372314453,
0.0947856903076172,-0.0875100021362305),(0.0681776351928711,0.0696301040649414,
-0.0975100021362305),(0.0681776351928711,0.0696301040649414,-0.0966065826416016),
(0.068203727722168,0.0697564544677734,-0.0975100021362305),(0.068203727722168,
0.0697564544677734,-0.0966065826416016),(0.0682060775756836,0.0695280075073242,
-0.0975100021362305),(0.0682060775756836,0.0695280075073242,-0.0966065826416016),
(0.0682134170532227,0.0764083938598633,-0.0975100021362305),(0.0682134170532227,
0.0764083938598633,-0.0966065826416016),(0.0682373733520508,0.0695029525756836,
-0.0975100021362305),(0.0682373733520508,0.0695029525756836,-0.0966065826416016),
(0.0682486419677734,-0.00603419923782349,-0.0975100021362305),(0.0682486419677734,
-0.00603419923782349,-0.0966065826416016),(0.0682497329711914,0.0173848876953125,
-0.0975100021362305),(0.0682497329711914,0.0173848876953125,-0.0966065826416016),
(0.0682933883666992,-0.00984557819366455,-0.0975100021362305),(0.0682933883666992,
-0.00984557819366455,-0.0966065826416016),(0.0683041305541992,-0.00981990528106689,
-0.0975100021362305),(0.0683041305541992,-0.00981990528106689,-0.0966065826416016),
(0.0683206176757813,0.0699093780517578,-0.0975100021362305),(0.0683206176757813,
0.0699093780517578,-0.0966065826416016),(0.0683303298950195,0.0945922470092773,
-0.0975100021362305),(0.0683303298950195,0.0945922470092773,-0.0966065826416016),
(0.0683453903198242,0.0699289169311523,-0.0975100021362305),(0.0683453903198242,
0.0699289169311523,-0.0966065826416016),(0.0683486862182617,0.0694597015380859,
-0.0975100021362305),(0.0683486862182617,0.0694597015380859,-0.0966065826416016),
(0.0683808517456055,0.0558174209594727,-0.0975100021362305),(0.0683808517456055,
0.0558174209594727,-0.0966065826416016),(0.0683873672485352,0.0478951835632324,
-0.0975100021362305),(0.0683873672485352,0.0478951835632324,-0.0966065826416016),
(0.0684637298583984,0.0739302215576172,-0.0975100021362305),(0.0684637298583984,
0.0739302215576172,-0.0966065826416016),(0.0684875869750977,0.0438927421569824,
-0.0975100021362305),(0.0684875869750977,0.0438927421569824,-0.0966065826416016),
(0.0684987716674805,0.0699992141723633,-0.0975100021362305),(0.0684987716674805,
0.0699992141723633,-0.0966065826416016),(0.0685004653930664,0.0151751699447632,
-0.0975100021362305),(0.0685004653930664,0.0151751699447632,-0.0966065826416016),
(0.0685121002197266,0.0694788436889648,-0.0975100021362305),(0.0685121002197266,
0.0694788436889648,-0.0966065826416016),(0.0685504837036133,0.017050479888916,
-0.0975100021362305),(0.0685504837036133,0.017050479888916,-0.0966065826416016),
(0.0685599975585938,0.0740673370361328,-0.0975100021362305),(0.0685599975585938,
0.0740673370361328,-0.0966065826416016),(0.0685651779174805,-0.00924860954284668,
-0.0975100021362305),(0.0685651779174805,-0.00924860954284668,-0.0966065826416016),
(0.0685736846923828,0.0767448272705078,-0.0975100021362305),(0.0685736846923828,
0.0767448272705078,-0.0966065826416016),(0.0685797424316406,0.0716745071411133,
-0.0975100021362305),(0.0685797424316406,0.0716745071411133,-0.0966065826416016),
(0.0686123123168945,0.0554178695678711,-0.0975100021362305),(0.0686123123168945,
0.0554178695678711,-0.0966065826416016),(0.0686167907714844,0.0699972229003906,
-0.0975100021362305),(0.0686167907714844,0.0699972229003906,-0.0966065826416016),
(0.0686464157104492,0.0473198928833008,-0.0975100021362305),(0.0686464157104492,
0.0473198928833008,-0.0966065826416016),(0.0686473770141602,0.0372332382202148,
-0.0975100021362305),(0.0686473770141602,0.0372332382202148,-0.0966065826416016),
(0.0686473770141602,0.0723000106811523,-0.0975100021362305),(0.0686473770141602,
0.0723000106811523,-0.0966065826416016),(0.0686604080200195,0.0346710777282715,
-0.0975100021362305),(0.0686604080200195,0.0346710777282715,-0.0966065826416016),
(0.0686626205444336,0.0129591112136841,-0.0975100021362305),(0.0686626205444336,
0.0129591112136841,-0.0966065826416016),(0.0686626205444336,0.0920797500610352,
-0.0975100021362305),(0.0686626205444336,0.0920797500610352,-0.0966065826416016),
(0.0686647033691406,0.000214563995599746,-0.0975100021362305),(0.0686647033691406,
0.000214563995599746,-0.0966065826416016),(0.0686647033691406,0.085391471862793,
-0.0975100021362305),(0.0686647033691406,0.085391471862793,-0.0966065826416016),
(0.0686688385009766,0.0461116523742676,-0.0975100021362305),(0.0686688385009766,
0.0461116523742676,-0.0966065826416016),(0.0686724090576172,0.0168136444091797,
-0.0975100021362305),(0.0686724090576172,0.0168136444091797,-0.0966065826416016),
(0.0686735076904297,0.00842590045928955,-0.0975100021362305),(0.0686735763549805,
0.0357078056335449,-0.0975100021362305),(0.0686735763549805,0.0357078056335449,
-0.0966065826416016),(0.0686735763549805,0.0404037132263183,-0.0975100021362305),
(0.0686735763549805,0.0404037132263183,-0.0966065826416016),(0.0686752014160156,
0.037979736328125,-0.0975100021362305),(0.0686752014160156,0.037979736328125,
-0.0966065826416016),(0.068675651550293,0.0455409240722656,-0.0975100021362305),
(0.068675651550293,0.0455409240722656,-0.0966065826416016),(0.0686765213012695,
0.0898032684326172,-0.0975100021362305),(0.0686765213012695,0.0898032684326172,
-0.0966065826416016),(0.0686766738891602,0.0695873641967773,-0.0975100021362305),
(0.0686766738891602,0.0695873641967773,-0.0966065826416016),(0.0686768798828125,
0.0718018341064453,-0.0975100021362305),(0.0686768798828125,0.0718018341064453,
-0.0966065826416016),(0.0686769180297852,0.0351910018920899,-0.0975100021362305),
(0.0686769180297852,0.0351910018920899,-0.0966065826416016),(0.0686770706176758,
0.0607736167907715,-0.0975100021362305),(0.0686770706176758,0.0607736167907715,
-0.0966065826416016),(0.0686772842407227,0.0931093215942383,-0.0975100021362305),
(0.0686772842407227,0.0931093215942383,-0.0966065826416016),(0.0686790618896484,
0.0527957305908203,-0.0975100021362305),(0.0686790618896484,0.0527957305908203,
-0.0966065826416016),(0.0686802291870117,0.0420660858154297,-0.0975100021362305),
(0.0686802291870117,0.0420660858154297,-0.0966065826416016),(0.0686817855834961,
0.0412357292175293,-0.0975100021362305),(0.0686817855834961,0.0412357292175293,
-0.0966065826416016),(0.0686823043823242,0.0166372776031494,-0.0975100021362305),
(0.0686823043823242,0.0166372776031494,-0.0966065826416016),(0.0686823043823242,
0.0635768013000488,-0.0975100021362305),(0.0686823043823242,0.0635768013000488,
-0.0966065826416016),(0.0686836929321289,-0.00692988395690918,-0.0975100021362305),
(0.0686836929321289,-0.00692988395690918,-0.0966065826416016),(0.0686843338012695,
0.027377670288086,-0.0975100021362305),(0.0686843338012695,0.0347759284973145,
-0.0975100021362305),(0.0686843338012695,0.0466057167053223,-0.0975100021362305),
(0.0686843338012695,0.0504616394042969,-0.0975100021362305),(0.0686843338012695,
0.0630401458740234,-0.0975100021362305),(0.0686843338012695,0.0685210800170898,
-0.0975100021362305),(0.0686843338012695,0.0730810165405273,-0.0975100021362305),
(0.0686845245361328,-0.00867163562774658,-0.0975100021362305),(0.0686845245361328,
-0.00867163562774658,-0.0966065826416016),(0.0686845245361328,0.0506244926452637,
-0.0975100021362305),(0.0686845245361328,0.0506244926452637,-0.0966065826416016),
(0.0686845245361328,0.0803207931518555,-0.0975100021362305),(0.0686845245361328,
0.0803207931518555,-0.0966065826416016),(0.0686850891113281,0.0436688079833984,
-0.0975100021362305),(0.0686858062744141,0.0386398849487304,-0.0975100021362305),
(0.0686865997314453,0.0387262382507325,-0.0975100021362305),(0.0686865997314453,
0.0387262382507325,-0.0966065826416016),(0.0686865997314453,0.054966968536377,
-0.0975100021362305),(0.0686865997314453,0.054966968536377,-0.0966065826416016),
(0.0686865997314453,0.0579704322814941,-0.0975100021362305),(0.0686865997314453,
0.0579704322814941,-0.0966065826416016),(0.0686865997314453,0.0813040161132813,
-0.0975100021362305),(0.0686865997314453,0.0813040161132813,-0.0966065826416016),
(0.0686865997314453,0.0841040191650391,-0.0975100021362305),(0.0686865997314453,
0.0841040191650391,-0.0966065826416016),(0.0686866683959961,0.0833573760986328,
-0.0975100021362305),(0.0686866683959961,0.0833573760986328,-0.0966065826416016),
(0.0686866683959961,0.0863954696655273,-0.0975100021362305),(0.0686866683959961,
0.0863954696655273,-0.0966065826416016),(0.0686875381469727,0.0745165328979492,
-0.0975100021362305),(0.0686875381469727,0.0745165328979492,-0.0966065826416016),
(0.0686877975463867,0.0941385040283203,-0.0975100021362305),(0.0686877975463867,
0.0941385040283203,-0.0966065826416016),(0.0686904830932617,0.055017017364502,
-0.0975100021362305),(0.0686904830932617,0.055017017364502,-0.0966065826416016),
(0.0686911773681641,-0.00518834018707275,-0.0975100021362305),(0.0686911773681641,
-0.00518834018707275,-0.0966065826416016),(0.0686911773681641,0.0783862152099609,
-0.0975100021362305),(0.0686911773681641,0.0783862152099609,-0.0966065826416016),
(0.0686911773681641,0.0909572296142578,-0.0975100021362305),(0.0686911773681641,
0.0909572296142578,-0.0966065826416016),(0.0686932525634766,0.0886477432250977,
-0.0975100021362305),(0.0686932525634766,0.0886477432250977,-0.0966065826416016),
(0.0686953353881836,0.0770794906616211,-0.0975100021362305),(0.0686953353881836,
0.0770794906616211,-0.0966065826416016),(0.0686953353881836,0.0874010314941406,
-0.0975100021362305),(0.0686953353881836,0.0874010314941406,-0.0966065826416016),
(0.0686999053955078,0.0751558609008789,-0.0975100021362305),(0.0686999053955078,
0.0751558609008789,-0.0966065826416016),(0.068701416015625,0.00842586994171143,
-0.0966065826416016),(0.068702018737793,0.0719704208374024,-0.0975100021362305),
(0.068702018737793,0.0719704208374024,-0.0966065826416016),(0.0687062835693359,
0.0826107406616211,-0.0975100021362305),(0.0687062835693359,0.0826107406616211,
-0.0966065826416016),(0.0687085037231445,0.0789927291870117,-0.0975100021362305),
(0.0687085037231445,0.0789927291870117,-0.0966065826416016),(0.068710075378418,
0.069947868347168,-0.0975100021362305),(0.068710075378418,0.069947868347168,
-0.0966065826416016),(0.0687194442749023,0.0436792488098144,-0.0975100021362305),
(0.0687194442749023,0.0436792488098144,-0.0966065826416016),(0.0687261047363281,
0.069932861328125,-0.0975100021362305),(0.0687261047363281,0.069932861328125,
-0.0966065826416016),(0.0687560043334961,0.0697189788818359,-0.0975100021362305),
(0.0687560043334961,0.0697189788818359,-0.0966065826416016),(0.0687661743164063,
0.0698258438110352,-0.0975100021362305),(0.0687661743164063,0.0698258438110352,
-0.0966065826416016),(0.0691663665771484,-0.0114640245437622,-0.0975100021362305),
(0.0691663665771484,-0.0114640245437622,-0.0875100021362305),(0.0691663665771484,
0.0932608947753906,-0.0975100021362305),(0.0691663665771484,0.0932608947753906,
-0.0875100021362305),(0.0695241394042969,-0.00966541385650635,-0.0975100021362305),
(0.0695241394042969,-0.00966541385650635,-0.0875100021362305),(0.0695241394042969,
-0.00614041423797607,-0.0875100021362305),(0.0695241394042969,0.027377670288086,
-0.0975100021362305),(0.0695241394042969,0.0347759284973145,-0.0975100021362305),
(0.0695241394042969,0.0466057167053223,-0.0975100021362305),(0.0695241394042969,
0.0504616394042969,-0.0975100021362305),(0.0695241394042969,0.0630401458740234,
-0.0975100021362305),(0.0695241394042969,0.0685210800170898,-0.0975100021362305),
(0.0695241394042969,0.0730810165405273,-0.0975100021362305),(0.0695241394042969,
0.091462287902832,-0.0975100021362305),(0.0695241394042969,0.091462287902832,
-0.0875100021362305)));
#29=TESSELLATED_SHELL('Body_13',(#27),$);
#30=SHAPE_DEFINITION_REPRESENTATION(#42,#31);
#31=SHAPE_REPRESENTATION('Body_13',(#32),#37);
#32=AXIS2_PLACEMENT_3D('',#35,#33,#34);
#33=DIRECTION('',(0.,0.,1.));
#34=DIRECTION('',(1.,0.,0.));
#35=CARTESIAN_POINT('',(0.,0.,0.));
#36=MECHANICAL_DESIGN_GEOMETRIC_PRESENTATION_REPRESENTATION('',(#12,#13),
#37);
#37=(
GEOMETRIC_REPRESENTATION_CONTEXT(3)
GLOBAL_UNCERTAINTY_ASSIGNED_CONTEXT((#38))
GLOBAL_UNIT_ASSIGNED_CONTEXT((#41,#40,#39))
REPRESENTATION_CONTEXT('Body_13','TOP_LEVEL_ASSEMBLY_PART')
);
#38=UNCERTAINTY_MEASURE_WITH_UNIT(LENGTH_MEASURE(1.E-8),#41,
'DISTANCE_ACCURACY_VALUE','Maximum Tolerance applied to model');
#39=(
NAMED_UNIT(*)
SI_UNIT($,.STERADIAN.)
SOLID_ANGLE_UNIT()
);
#40=(
NAMED_UNIT(*)
PLANE_ANGLE_UNIT()
SI_UNIT($,.RADIAN.)
);
#41=(
LENGTH_UNIT()
NAMED_UNIT(*)
SI_UNIT($,.METRE.)
);
#42=PRODUCT_DEFINITION_SHAPE('','',#43);
#43=PRODUCT_DEFINITION('','',#45,#44);
#44=PRODUCT_DEFINITION_CONTEXT('',#51,'design');
#45=PRODUCT_DEFINITION_FORMATION_WITH_SPECIFIED_SOURCE('','',#47,
 .NOT_KNOWN.);
#46=PRODUCT_RELATED_PRODUCT_CATEGORY('','',(#47));
#47=PRODUCT('Body_13','Body_13','Body_13',(#49));
#48=PRODUCT_CATEGORY('','');
#49=PRODUCT_CONTEXT('',#51,'mechanical');
#50=APPLICATION_PROTOCOL_DEFINITION('international standard',
'ap242_managed_model_based_3d_engineering',2020,#51);
#51=APPLICATION_CONTEXT('managed model based 3d engineering');
ENDSEC;
END-ISO-10303-21;
