ISO-10303-21;
HEADER;
/* Generated by software containing ST-Developer
 * from STEP Tools, Inc. (www.steptools.com) 
 */
/* OPTION: using custom renumber hook */

FILE_DESCRIPTION(
/* description */ ('STEP AP242 Edition 2',
'CAx-IF Rec.Pracs.---Representation and Presentation of Product Manufa
cturing Information (PMI)---4.0---2014-10-13',
'CAx-IF Rec.Pracs.---3D Tessellated Geometry---0.4---2014-09-14','2;1',
'CAx-IF Rec.Pracs.---User Defined Attributes---1.5---2016-08-15'),
/* implementation_level */ '2;1');

FILE_NAME(
/* name */ 'topcase',
/* time_stamp */ '2026-09-13T14:37:55Z',
/* author */ (''),
/* organization */ (''),
/* preprocessor_version */ 'ST-DEVELOPER v20',
/* originating_system */ 'ONSHAPE BY PTC INC, 1.220',
/* authorisation */ '  ');

FILE_SCHEMA (('AP242_MANAGED_MODEL_BASED_3D_ENGINEERING_MIM_LF { 1 0 10303 442 3 1 4 }'));
ENDSEC;

DATA;
#10=SHAPE_REPRESENTATION_RELATIONSHIP('','',#31,#11);
#11=TESSELLATED_SHAPE_REPRESENTATION('',(#29),#37);
#12=STYLED_ITEM('',(#14),#27);
#13=STYLED_ITEM('',(#15),#29);
#14=PRESENTATION_STYLE_ASSIGNMENT((#16));
#15=PRESENTATION_STYLE_ASSIGNMENT((#17));
#16=SURFACE_STYLE_USAGE(.BOTH.,#18);
#17=SURFACE_STYLE_USAGE(.BOTH.,#19);
#18=SURFACE_SIDE_STYLE('',(#20));
#19=SURFACE_SIDE_STYLE('',(#21));
#20=SURFACE_STYLE_FILL_AREA(#22);
#21=SURFACE_STYLE_FILL_AREA(#23);
#22=FILL_AREA_STYLE('',(#24));
#23=FILL_AREA_STYLE('',(#25));
#24=FILL_AREA_STYLE_COLOUR('',#26);
#25=FILL_AREA_STYLE_COLOUR('',#26);
#26=COLOUR_RGB('',0.972549019607843,0.529411764705882,0.00392156862745098);
#27=COMPLEX_TRIANGULATED_FACE('ConvergentBody',#28,8448,((0.,0.,1.),(0.529158209633507,
-0.848523181176712,1.35356612637677E-5),(0.,0.,1.),(0.546018459733062,-0.837773144491237,
0.),(-0.102052745751645,0.994778989064682,0.),(-0.102052745751645,0.994778989064682,
0.),(0.,0.,1.),(-0.498766670973959,0.866736296647115,0.),(0.546018666882817,
-0.837773009480501,1.22327240355843E-6),(0.,0.,1.),(-0.102052745751645,
0.994778989064682,0.),(0.,0.,1.),(-0.593770350892366,0.804634557051309,
0.),(0.,0.,1.),(-0.681124888021508,0.732167253377047,0.),(0.512077163413799,
-0.858939449964003,2.36951342383803E-6),(0.52915323776354,-0.848526281735754,
1.29637213397653E-5),(0.,0.,1.),(0.,0.,1.),(-0.593770350892366,0.804634557051309,
0.),(-0.102052745751645,0.994778989064682,0.),(0.,0.,1.),(-0.498766670973959,
0.866736296647115,0.),(-0.681124888021508,0.732167253377047,0.),(0.,0.,
1.),(0.51207675189212,-0.858939695305564,0.),(0.,0.,1.),(0.,0.,1.),(0.461189409339582,
-0.887301712335216,0.),(-0.555455460862306,0.831546289149464,0.),(0.,0.,
1.),(-0.515548135761087,0.856860618603322,0.),(0.,0.,1.),(-0.543450228352179,
0.839441391226311,0.),(0.,0.,1.),(0.114161165176209,0.993462243049836,0.),
(0.6890951441105,-0.724670878649977,0.),(0.,0.,1.),(0.714562877436557,-0.699571221670523,
0.),(0.,0.,1.),(0.693518371959674,-0.720438941031371,0.),(0.,0.,1.),(0.,
0.,1.),(0.,0.,1.),(0.,0.,1.),(0.996664450358333,0.0816086600301882,0.),
(0.,0.,1.),(0.,0.,1.),(-0.896786883555875,-0.437348951412134,-0.0670759284754847),
(0.,0.,1.),(-0.890729088425859,-0.454488726557651,-0.00645666044043789),
(0.,0.,1.),(1.,0.,0.),(0.,0.,1.),(0.,0.,1.),(0.,0.,1.),(0.999018523516495,
0.0442943525849729,0.),(0.,0.,1.),(0.98429530867602,0.176529729276343,0.),
(0.,0.,1.),(-0.996739991543043,0.0806807861809404,0.),(0.997866766410029,
0.0652833554161553,0.),(0.,0.,1.),(0.998953129779026,0.0457454315171332,
0.),(0.,0.,1.),(-0.99923326431426,-0.0391520559851895,0.),(0.972438961826887,
0.233157598034132,0.),(0.,0.,1.),(-0.993443280104747,-0.114326065333854,
0.),(0.915835163237113,0.401554421938609,0.),(0.,0.,1.),(-0.995106426370275,
-0.0988089074758986,0.),(0.,0.,1.),(-0.981053513723992,-0.193736943327309,
0.),(0.,0.,1.),(0.,0.,1.),(0.,0.,1.),(0.999728849518576,0.0232857776392407,
0.),(-0.219472556015147,-0.975618674050563,0.),(0.,0.,1.),(0.797193217026598,
-0.603724253883164,0.),(-0.999997721315382,-0.00213479836128775,0.),(0.,
0.,1.),(-0.999786828686954,-0.0206469654933467,0.),(0.,0.,1.),(0.,0.,1.),
(0.,0.,1.),(0.799154327344945,0.601125911174895,0.),(-0.261404559387619,
-0.965229328362625,0.),(0.,0.,1.),(0.70515373326418,0.709054449576046,0.),
(0.,0.,1.),(0.,0.,1.),(0.999284543727396,-0.0378206381163743,0.),(-0.696351442920807,
-0.717700959970175,0.),(0.,0.,1.),(-0.219472556015147,-0.975618674050563,
0.),(-0.999972309906608,0.00744173501564857,0.),(0.,0.,1.),(-0.95580769542727,
0.293992600862694,0.),(-0.378189060755219,0.925728380425428,0.),(0.,0.,
1.),(0.,0.,1.),(0.,0.,1.),(0.985208099002354,0.171362194372526,0.),(0.,
0.,1.),(-0.802746274422857,0.596320734923936,0.),(0.978251063729669,0.207424338764215,
0.),(0.,0.,1.),(0.,0.,1.),(0.392396512589248,-0.919796160520252,0.),(-0.967313015535999,
0.253585350473273,0.),(0.,0.,1.),(-0.961772584192841,0.273849404408745,
0.),(0.,0.,1.),(0.,0.,1.),(0.,0.,1.),(0.998442376887306,0.0557926521652027,
0.),(0.,0.,1.),(0.460568306852586,-0.887624264383834,0.),(-0.980790306868352,
0.195065050567968,0.),(0.,0.,1.),(-0.973698534254151,0.227840216799662,
0.),(-0.397858494860659,0.917446793044268,0.),(0.,0.,1.),(-0.977381814030973,
0.211482362388746,0.),(0.,0.,1.),(0.485352391377169,-0.874318623949224,
0.),(-0.999342835833368,0.0362477098383151,0.),(0.,0.,1.),(0.996286067844087,
-0.0861049999696167,0.),(0.,0.,1.),(0.979173925892223,-0.203023207670481,
0.),(0.,0.,1.),(0.,0.,1.),(-0.998819455055859,0.0485767043130352,0.),(0.,
0.,1.),(-0.998143976017216,0.0608983016228119,0.),(-0.802311378561132,0.596905731109475,
0.),(-0.802311378561132,0.596905731109475,0.),(0.,0.,1.),(-0.492227457336773,
0.870466616386737,0.),(0.,0.,1.),(0.,0.,1.),(-0.290010980889692,0.957023317873494,
-3.13186514161303E-6),(0.,0.,1.),(-0.290009384097643,0.95702380169295,1.13348620595577E-5),
(0.,0.,1.),(0.309638804855032,-0.950854235723112,-0.000181481027437799),
(0.,0.,1.),(0.,0.,1.),(0.309667050062293,-0.950845054380732,-2.57957315505057E-5),
(-0.357345347563622,0.933972324308678,0.),(0.,0.,1.),(0.,0.,1.),(0.309673537258346,
-0.950842941984587,0.),(-0.963967329730438,0.266020651853137,0.),(0.,0.,
1.),(-0.35734534411136,0.933972325629584,0.),(0.,0.,1.),(-0.290009356100143,
0.957023810190905,1.01026165234493E-5),(0.,0.,1.),(0.,1.,0.),(0.,0.,1.),
(0.343778050426838,-0.939050931549893,0.),(0.336094847241279,-0.863304373354787,
-0.376491450904744),(0.,0.,1.),(0.380475399003198,-0.915079327073867,-0.133672345365063),
(0.,0.,1.),(-0.163384668298169,0.986562441087789,0.),(0.,0.,1.),(0.,1.,
0.),(-0.0797675231136307,0.996813494218611,0.),(0.,0.,1.),(-0.26325612519494,
0.835549936386467,0.482236991894978),(0.39800571726962,-0.917001806263287,
-0.0264411862548685),(0.,0.,1.),(0.,1.,0.),(0.,0.,1.),(0.3229973458221,
-0.946399870346503,0.),(0.320533464115795,-0.947095412340996,-0.0163883588125085),
(0.,0.,1.),(0.334601755202888,-0.861132655273766,-0.382743014875909),(0.,
0.,1.),(0.400735531036029,-0.916193775445605,0.),(0.,1.,0.),(0.,0.,1.),
(-0.322378354385121,0.946610900330194,0.),(-0.26325612519494,0.835549936386467,
0.482236991894978),(-0.26139152511766,0.96523285822472,0.),(0.,0.,1.),(0.277968420339059,
-0.953874849332806,-0.113385753534228),(0.,0.,1.),(0.22870405351266,-0.873111450049645,
-0.430547153862484),(0.,0.,1.),(-0.215746422426254,0.976449425833347,0.),
(-0.21463988486977,0.976693257795451,0.),(-0.26325612519494,0.835549936386467,
0.482236991894978),(0.,0.,1.),(0.,0.,1.),(0.232578040000641,-0.946843323678232,
-0.222250254702709),(0.,0.,1.),(-0.169624674014087,0.985508736625716,0.),
(0.684363484626944,-0.729141015791367,0.),(-0.169624674014087,0.985508736625716,
0.),(0.684363484626944,-0.729141015791367,0.),(0.,0.,1.),(0.,0.,1.),(0.188746802195375,
-0.981903191751433,-0.015516658447243),(0.,0.,1.),(0.,1.,0.),(-0.93810548863711,
0.346349667516701,0.),(0.,0.,1.),(-0.938841194998345,0.344350418286487,
0.),(0.,0.,1.),(-0.185671390597241,0.982611894245987,0.),(0.683120238132234,
-0.73030592237374,0.),(-0.938841194998345,0.344350418286487,0.),(0.,0.,
1.),(0.,0.,1.),(0.693808307777994,-0.720159726767775,0.),(0.,0.,1.),(0.704345696053582,
-0.709857126787352,0.),(0.,1.,0.),(0.,1.,0.),(0.,0.,1.),(-0.93810548863711,
0.346349667516701,0.),(0.,0.,1.),(-0.9179214780007,0.396762095247279,0.),
(-0.9179214780007,0.396762095247279,0.),(0.,0.,1.),(0.,0.,1.),(-0.195476215392372,
0.980708442512797,0.),(0.,0.,1.),(0.215017827358953,-0.976610123804702,
0.),(0.,0.,1.),(0.194424775875972,-0.980917431043805,0.),(-0.185671390597241,
0.982611894245987,0.),(0.,0.,1.),(0.683120238132234,-0.73030592237374,0.),
(0.,0.,1.),(0.345228665970153,-0.938518603008203,0.),(0.,0.,1.),(-0.660578649557573,
0.75075684995123,0.),(0.951216039773579,-0.308525599711709,0.),(0.,0.,1.),
(-0.672076323485428,0.740481880541523,0.),(0.693808307777994,-0.720159726767775,
0.),(0.,0.,1.),(0.,0.,1.),(-0.89312231116925,0.449813891839388,0.),(-0.683414196816308,
0.730030845642786,0.),(0.,0.,1.),(0.241427850732256,-0.970418771917982,
0.),(0.241737123117285,-0.970335638564427,-0.00345135317590912),(0.,0.,
1.),(0.,0.,1.),(0.194424775875972,-0.980917431043805,0.),(0.215017827358953,
-0.976610123804702,0.),(0.,0.,1.),(0.,0.,1.),(-0.103181496539861,0.994662545173887,
0.),(0.,0.,1.),(0.,1.,0.),(0.,0.,1.),(0.268113135245175,-0.957264171286716,
-0.108446544803226),(-0.0515214920529609,0.9986718859849,0.),(0.,0.,1.),
(0.,0.,1.),(-0.195476215392372,0.980708442512797,0.),(0.,0.,1.),(0.593928338117353,
-0.804517948327543,0.),(0.345228665970153,-0.938518603008203,0.),(0.,0.,
1.),(0.,0.,1.),(0.283320235971932,-0.959025361441922,0.),(0.,1.,0.),(0.,
1.,0.),(0.282231361193759,-0.959302937033452,-0.00912873253580044),(0.,
0.,1.),(0.,0.,1.),(-0.966243021423481,0.257632341817605,0.),(-0.741546519616236,
0.67090145270751,0.),(0.,0.,1.),(-0.960269107190446,0.279075691839443,0.),
(0.,0.,1.),(0.683194492514871,-0.730236458551166,0.),(0.,0.,1.),(0.946846232146061,
-0.321686513038404,0.),(0.,0.,1.),(0.946846232146061,-0.321686513038404,
0.),(-0.672076323485428,0.740481880541523,0.),(0.,0.,1.),(0.,0.,1.),(-0.660578649557573,
0.75075684995123,0.),(0.951216039773579,-0.308525599711709,0.),(0.,0.,1.),
(0.186890028777639,-0.982380841193217,0.),(-0.960269107190446,0.279075691839443,
0.),(0.,0.,1.),(0.,0.,1.),(-0.72074514205054,0.693200144410362,0.),(0.,
0.,1.),(0.704086976067559,-0.710113744502978,0.),(0.12675186632283,-0.991934455689326,
0.),(-0.741546519616236,0.67090145270751,0.),(-0.966243021423481,0.257632341817605,
0.),(0.,0.,1.),(0.,0.,1.),(0.147623142502737,-0.989043683462776,0.),(0.704345696053582,
-0.709857126787352,0.),(0.,0.,1.),(0.,1.,0.),(0.593928338117353,-0.804517948327543,
0.),(0.,0.,1.),(0.,0.,1.),(0.683194492514871,-0.730236458551166,0.),(0.,
0.,1.),(0.,1.,0.),(-0.953819374898511,0.300380758485316,0.),(0.,0.,1.),
(0.942294341388044,-0.334785564485794,0.),(0.,1.,0.),(0.942294341388044,
-0.334785564485794,0.),(0.,1.,0.),(0.,0.,1.),(-0.683414196816308,0.730030845642786,
0.),(-0.89312231116925,0.449813891839388,0.),(0.,0.,1.),(0.,0.,1.),(0.,
1.,0.),(-0.953819374898511,0.300380758485316,0.),(0.,0.,1.),(0.721644338826073,
-0.692264001837651,0.),(0.,0.,1.),(-0.699273522704264,0.71485420922365,
0.),(0.980707680767306,-0.195480037047297,0.),(-0.699273522704264,0.71485420922365,
0.),(0.,0.,1.),(0.980354427081594,-0.196897404299519,0.011688005887691),
(-0.72074514205054,0.693200144410362,0.),(0.,0.,1.),(0.,0.,1.),(0.147623142502737,
-0.989043683462776,0.),(0.704086976067559,-0.710113744502978,0.),(0.,0.,
1.),(0.12675186632283,-0.991934455689326,0.),(0.,0.,1.),(0.968172537461416,
-0.2123681077283,0.132445175546054),(0.,0.,1.),(0.,0.,1.),(0.,0.,1.),(-0.968915493989416,
0.247391926924155,0.),(0.,0.,1.),(0.963623996868417,-0.267261655796968,
0.),(0.963977625083122,-0.265856307789104,0.00821960752407381),(0.,0.,1.),
(0.,0.,1.),(-0.977403020361954,0.180995419831438,-0.109197041110879),(0.,
0.,1.),(-0.986093165966314,0.166193465679405,0.),(0.,0.,1.),(0.,0.,1.),
(0.,1.,0.),(-0.962092564257815,0.272723115631627,0.),(0.,1.,0.),(-0.962092564257815,
0.272723115631627,0.),(0.,0.,1.),(0.,0.,1.),(0.955389269061074,-0.295349529478118,
0.),(0.,1.,0.),(-0.970041117913112,0.242542943483657,-0.0138978460260405),
(0.,0.,1.),(0.,0.,1.),(0.955389269061074,-0.295349529478118,0.),(0.,1.,
0.),(-0.986053740657621,0.166401587833014,-0.00292097616655821),(0.,0.,
1.),(0.,0.,1.),(-0.986446778062114,0.164081546954171,0.),(-0.792040721415987,
0.610468259304972,0.),(-0.986446778062114,0.164081546954171,0.),(-0.792040721415987,
0.610468259304972,0.),(0.,0.,1.),(0.,0.,1.),(-0.758594013615853,0.651563598205265,
0.),(0.,0.,1.),(-0.730960427188951,0.682419851619035,0.),(0.,0.,1.),(-0.0920385990088349,
0.995755440001455,0.),(0.738749321294655,-0.673980296660582,0.),(0.,0.,
1.),(0.208525656961005,-0.97801689678092,0.),(0.,0.,1.),(0.0417658914726555,
-0.999127424460711,0.),(0.,0.,1.),(-0.0392084219935568,-0.999231054183553,
0.),(0.,0.,1.),(0.116196940936785,-0.993226193229384,0.),(0.,0.,1.),(0.697164813055852,
-0.716910889467303,0.),(0.285591661020002,-0.958351398577702,0.),(0.,0.,
1.),(0.721051332235907,-0.692881646661841,0.),(-0.758594013615853,0.651563598205265,
0.),(0.,0.,1.),(0.,0.,1.),(0.958335881252168,-0.285643726877784,0.),(0.,
0.,1.),(-0.9581631738394,0.286222522345826,0.),(0.,0.,1.),(-0.967860638654173,
0.251487145086852,0.),(0.,0.,1.),(0.,1.,0.),(-0.956583762131742,0.291457554415533,
0.),(0.,0.,1.),(0.98153779512578,-0.191268284719718,0.),(0.,0.,1.),(0.954513538838274,
-0.298167577336026,0.),(0.954513538838274,-0.298167577336026,0.),(0.,0.,
1.),(0.,0.,1.),(0.98153779512578,-0.191268284719718,0.),(0.958335881252168,
-0.285643726877784,0.),(0.,0.,1.),(0.,0.,1.),(-0.967860638654173,0.251487145086852,
0.),(-0.9581631738394,0.286222522345826,0.),(0.,0.,1.),(0.,0.,1.),(-0.986944938693241,
0.161058026772323,0.),(0.,0.,1.),(-0.986944938693241,0.161058026772323,
0.),(0.,0.,1.),(0.959999999882653,-0.280000000402331,0.),(0.,1.,0.),(0.,
1.,0.),(0.,0.,1.),(-0.956583762131742,0.291457554415533,0.),(0.959999999882653,
-0.280000000402331,0.),(0.,0.,1.),(0.,1.,0.),(0.,0.,1.),(-0.710713115483785,
0.703481959597638,0.),(0.991907954158986,-0.126959089773576,0.),(0.,0.,
1.),(0.,0.,1.),(0.,0.,1.),(0.988464717456974,-0.148436741923283,0.0300671912540218),
(0.,0.,1.),(-0.994585089014166,0.103925457471614,0.),(0.,0.,1.),(0.973427390230271,
-0.168198156905901,0.155397863443939),(0.,0.,1.),(0.,0.,1.),(-0.950852461509612,
0.199909402151943,-0.236465277308033),(0.,0.,1.),(0.996640979399064,-0.0818947994836955,
0.),(0.,0.,1.),(-0.999292629891114,0.037606380380216,0.),(-0.790867280492661,
0.611987699750691,0.),(0.,0.,1.),(0.,0.,1.),(-0.716274517187175,0.697818612555068,
0.),(0.998976069539735,-0.0452417118038558,0.),(0.995646323698399,-0.0922668835881431,
0.013237080448273),(0.,0.,1.),(0.,0.,1.),(0.978165485415738,-0.207827503849368,
0.000108559359864497),(0.,0.,1.),(-0.956963446444234,0.290208480526629,
0.),(-0.774790998034187,0.19656257149462,-0.600884402237744),(0.,0.,1.),
(0.972215711309478,-0.234086758880134,0.),(0.,0.,1.),(-0.85778453968212,
0.203709052440127,-0.471919808268607),(0.973909239544022,-0.226667715006788,
0.0110697833938198),(0.,0.,1.),(0.,0.,1.),(0.,1.,0.),(-0.956963446444234,
0.290208480526629,0.),(0.,0.,1.),(0.959181951777474,-0.282789645115155,
0.),(0.,0.,1.),(0.959181951777474,-0.282789645115155,0.),(-0.956963446444234,
0.290208480526629,0.),(0.,1.,0.),(0.,0.,1.),(-0.772438294361349,0.196316769484875,
-0.603985767566714),(0.,0.,1.),(0.950575251817952,-0.310494268274371,0.),
(0.,1.,0.),(0.950575251817952,-0.310494268274371,0.),(0.,1.,0.),(0.,0.,
1.),(0.,0.,1.),(-0.993979403516282,0.106711953551176,-0.0248496349009039),
(-0.999292629891114,0.037606380380216,0.),(0.,0.,1.),(-0.790867280492661,
0.611987699750691,0.),(0.,0.,1.),(0.72055648393407,-0.693396245634897,0.),
(-0.226346532904169,-0.974046840271176,0.),(0.,0.,1.),(-0.796845282378794,
0.604183412508702,0.),(0.,0.,1.),(0.752687606684975,-0.658377829777738,
0.),(-0.796845282378794,0.604183412508702,0.),(0.,0.,1.),(0.,0.,1.),(0.2591343146886,
0.965841294908677,0.),(0.7673831121133,-0.641188863942058,0.),(0.985208099002354,
0.171362194372526,0.),(0.,0.,1.),(0.,0.,1.),(0.23743733646544,0.971402857341998,
0.),(0.783118635068912,-0.621872336905095,0.),(0.978251063729669,0.207424338764215,
0.),(-0.802746274422857,0.596320734923936,0.),(0.,0.,1.),(0.,0.,1.),(0.998442376887306,
0.0557926521652027,0.),(0.,0.,1.),(-0.251657363704946,-0.967789768440424,
-0.00717881571766679),(0.,0.,1.),(0.,0.,1.),(0.996286067844087,-0.0861049999696167,
0.),(0.,0.,1.),(0.96629467243714,-0.257438531015872,9.36375463141464E-5),
(0.97917200111058,-0.203032489846044,-1.75504570417306E-5),(0.,0.,1.),(0.,
0.,1.),(-0.966611712227653,0.256245581004482,0.),(-0.514314292855087,0.85760177714658,
0.),(0.,0.,1.),(-0.50882790492239,0.860864285714171,0.00261624810027509),
(0.,0.,1.),(0.,0.,1.),(0.,1.,0.),(0.,0.,1.),(0.555713810527108,-0.830093995661894,
-0.0461098596344908),(0.,0.,1.),(0.565069290184302,-0.824942167470576,-0.012927398019609),
(0.,0.,1.),(0.,1.,0.),(-0.516871932605192,0.85606273443304,0.),(0.,0.,1.),
(0.,1.,0.),(0.,0.,1.),(0.,1.,0.),(-0.516871932605192,0.85606273443304,0.),
(0.,1.,0.),(0.566533099804402,-0.823976157303806,-0.0101754125651034),(0.,
0.,1.),(0.,0.,1.),(0.539986109104764,-0.841673928534025,0.),(0.540130978568727,
-0.841579299297664,-0.00167600239916008),(0.,0.,1.),(0.,0.,1.),(0.569321381065368,
-0.822115055853998,0.),(0.,1.,0.),(0.,0.,1.),(0.507223107270979,-0.861814782566633,
0.),(0.,0.,1.),(-0.486598861750051,0.873625519169143,0.),(0.,0.,1.),(0.454762572722171,
-0.890612711817607,0.),(0.507223107270979,-0.861814782566633,0.),(0.,0.,
1.),(0.,0.,1.),(0.503077309425155,-0.864241413461277,0.),(0.,0.,1.),(0.508520382646779,
-0.861049952344679,0.),(0.,1.,0.),(0.,1.,0.),(0.,0.,1.),(-0.80925020227455,
0.587464135176438,0.),(0.508520382646779,-0.861049952344679,0.),(0.,0.,
1.),(0.,1.,0.),(0.,0.,1.),(-0.813504288758346,0.581558915477854,0.),(0.,
0.,1.),(-0.783823010005057,0.620984290450743,0.),(0.,0.,1.),(0.564857929603697,
-0.825188172093993,0.),(0.,0.,1.),(-0.696887102225208,0.717180846615519,
0.),(0.564857929603697,-0.825188172093993,0.),(0.,0.,1.),(0.,0.,1.),(0.503077309425155,
-0.864241413461277,0.),(-0.80925020227455,0.587464135176438,0.),(0.,1.,
0.),(0.,0.,1.),(0.,0.,1.),(-0.783823010005057,0.620984290450743,0.),(-0.813504288758346,
0.581558915477854,0.),(0.,0.,1.),(0.,0.,1.),(-0.64871913950192,0.761027908846902,
0.),(0.,0.,1.),(-0.650869211483178,0.759189877134348,0.),(0.,0.,1.),(0.659228695667477,
-0.75194250232884,0.),(-0.696887102225208,0.717180846615519,0.),(0.,0.,
1.),(0.,0.,1.),(-0.64871913950192,0.761027908846902,0.),(0.,0.,1.),(-0.646956703538816,
0.762526736414001,0.),(0.869466964737411,-0.493991090233734,0.),(-0.650869211483178,
0.759189877134348,0.),(0.,0.,1.),(0.,0.,1.),(-0.87177521921354,0.482948883837384,
-0.0822699384064994),(0.,0.,1.),(-0.455729750972859,0.89011819107252,0.),
(0.688855504792897,-0.724898678103722,0.),(0.659228695667477,-0.75194250232884,
0.),(0.,0.,1.),(0.,0.,1.),(-0.855511758101703,0.517783383037476,0.),(0.,
0.,1.),(0.855952349311674,-0.517054712489719,0.),(0.,0.,1.),(0.,1.,0.),
(-0.843265760835404,0.537496843342068,0.),(-0.8559772882322,0.516988733101422,
-0.00505290776053909),(0.,0.,1.),(0.,0.,1.),(0.855952349311674,-0.517054712489719,
0.),(-0.646956703538816,0.762526736414001,0.),(0.,0.,1.),(0.869466964737411,
-0.493991090233734,0.),(0.,0.,1.),(0.84182609130652,-0.539748860115134,
0.),(0.,1.,0.),(0.84182609130652,-0.539748860115134,0.),(0.,1.,0.),(0.,
0.,1.),(0.,1.,0.),(0.,0.,1.),(-0.843265760835404,0.537496843342068,0.),
(0.,0.,1.),(-0.873940828590178,0.480887132211883,-0.0705336387558738),(-0.847434379818255,
0.53087936053301,-0.00469855957834575),(0.,0.,1.),(0.,0.,1.),(-0.455729750972859,
0.89011819107252,0.),(0.688855504792897,-0.724898678103722,0.),(-0.486598861750051,
0.873625519169143,0.),(0.,0.,1.),(0.,0.,1.),(-0.847879723206036,0.530188622073367,
0.),(0.,0.,1.),(0.537257929578577,-0.843417996668876,0.),(0.454762572722171,
-0.890612711817607,0.),(0.,0.,1.),(0.,0.,1.),(0.,1.,0.),(-0.862023614030408,
0.506868117811679,0.),(0.,0.,1.),(-0.881403063907446,0.472364942533383,
0.),(0.,0.,1.),(0.871049461449736,-0.491195313198451,0.),(-0.881508236349422,
0.47215378667922,-0.00374579398846092),(0.,0.,1.),(0.,0.,1.),(0.854073837607363,
-0.520151785457507,0.),(0.,1.,0.),(0.,1.,0.),(0.,0.,1.),(-0.862023614030408,
0.506868117811679,0.),(0.,0.,1.),(0.883403307383847,-0.435468470281323,
0.173106348509017),(0.,0.,1.),(-0.890967518635859,0.419563245217687,-0.17361901969042),
(0.,0.,1.),(-0.653545163630363,0.756887520768682,0.),(0.905227898768702,
-0.424926406911598,0.),(0.87143107141316,-0.490467777343622,0.00701763231578042),
(0.,0.,1.),(0.,0.,1.),(0.676268534402814,-0.736655190286928,0.),(0.,0.,
1.),(-0.736423074437625,0.676521289713662,0.),(0.676268534402814,-0.736655190286928,
0.),(0.,0.,1.),(0.,0.,1.),(-0.394137226544825,0.919051601734937,0.),(0.709154811930084,
-0.705052801367675,0.),(0.537257929578577,-0.843417996668876,0.),(0.,0.,
1.),(0.,0.,1.),(-0.736423074437625,0.676521289713662,0.),(-0.653545163630363,
0.756887520768682,0.),(0.,0.,1.),(0.904653863440269,-0.425978758662217,
0.0119785028777183),(0.,0.,1.),(-0.869223183979497,0.49441991913003,0.),
(-0.868834805582601,0.495057077923546,-0.0066760921237154),(0.,0.,1.),(0.,
0.,1.),(0.883736990155379,-0.46798390167944,0.),(0.,1.,0.),(0.,1.,0.),(0.,
0.,1.),(-0.850782406174757,0.525518122754573,0.),(0.,0.,1.),(-0.867790864899216,
0.496929587363713,0.),(0.,1.,0.),(0.,0.,1.),(-0.850782406174757,0.525518122754573,
0.),(0.,0.,1.),(0.90691503101122,-0.421313572681818,0.),(0.883736990155379,
-0.46798390167944,0.),(0.,0.,1.),(0.,1.,0.),(0.,0.,1.),(-0.890577356326699,
0.454831806713369,0.),(-0.892309856471552,0.451079198259304,-0.0176260302241561),
(0.,0.,1.),(0.,0.,1.),(-0.867790864899216,0.496929587363713,0.),(0.,0.,
1.),(-0.905238425227108,0.420452818970772,-0.0613418332940685),(0.,0.,1.),
(0.897767858783185,-0.337801441169673,0.282671289804159),(0.,0.,1.),(-0.882108105946986,
0.374781799532118,-0.285348720274138),(0.907114486454369,-0.420821584970953,
0.00724583239953137),(0.,0.,1.),(0.,0.,1.),(-0.932087132811954,0.361820125641263,
-0.0173139691385597),(0.,0.,1.),(-0.659262389528053,0.751912961554568,0.),
(0.944467711274104,-0.328604233631667,0.),(0.,0.,1.),(-0.946557291141576,
0.322535726062589,0.),(0.943920163135485,-0.329786208338135,0.0159931990619459),
(-0.659262389528053,0.751912961554568,0.),(0.,0.,1.),(0.,0.,1.),(-0.943053806855387,
0.332348314226702,-0.0139325305035413),(0.,0.,1.),(0.92001851281804,-0.391874898497061,
0.),(0.,0.,1.),(0.876206612057479,-0.481935652330012,0.),(0.,1.,0.),(0.,
0.,1.),(-0.856527300739421,0.516101717772806,0.),(0.876206612057479,-0.481935652330012,
0.),(0.,0.,1.),(0.,1.,0.),(0.,0.,1.),(-0.889640161055061,0.456662220725477,
0.),(0.,0.,1.),(-0.731434562953375,0.681911636590259,0.),(0.954602239620347,
-0.29788347404953,0.),(0.,0.,1.),(-0.952080806259969,0.305846592839231,
0.),(0.92001851281804,-0.391874898497061,0.),(0.,0.,1.),(0.,0.,1.),(-0.902847807461278,
0.370054150966428,-0.21891953296789),(0.,0.,1.),(0.,1.,0.),(-0.83420019403415,
0.551461726934324,0.),(0.,1.,0.),(-0.83420019403415,0.551461726934324,0.),
(0.,0.,1.),(0.,0.,1.),(-0.856527300739421,0.516101717772806,0.),(-0.891797764790889,
0.451992723918095,-0.0199830988356159),(0.,0.,1.),(0.,0.,1.),(0.,0.,1.),
(0.,0.,1.),(-0.26217237980663,0.965021058457549,0.),(0.753698056019142,
-0.657220845951319,0.),(0.,0.,1.),(0.745420383188049,-0.666594668691389,
0.),(0.,0.,1.),(-0.748642706823076,0.662973677848991,0.),(-0.731434562953375,
0.681911636590259,0.),(0.,0.,1.),(0.954602239620347,-0.29788347404953,0.),
(0.,0.,1.),(-0.976992265314103,0.213274737173479,0.),(-0.952015184552904,
0.306026006243281,-0.00389511020229046),(0.,0.,1.),(0.,0.,1.),(-0.978501502953869,
0.206239687541026,0.),(0.,0.,1.),(-0.972374704774964,0.233425434590582,
0.),(-0.776666307250685,0.629912253557259,0.),(0.,0.,1.),(0.749649377925089,
-0.661835183543854,0.),(0.188827041939124,-0.982010360552535,0.),(0.188827041939124,
-0.982010360552535,0.),(0.,0.,1.),(0.19231299678538,-0.740573468487734,
-0.64386850290993),(0.273015323860671,-0.962009684430075,0.),(-0.978501502953869,
0.206239687541026,0.),(0.,0.,1.),(0.,0.,1.),(-0.976992265314103,0.213274737173479,
0.),(-0.972374704774964,0.233425434590582,0.),(0.,0.,1.),(-0.776666307250685,
0.629912253557259,0.),(0.,0.,1.),(-0.851405678026354,0.524507742006239,
0.),(0.,0.,1.),(-0.89319222495222,0.449675048546062,0.),(0.,0.,1.),(0.876285243145818,
-0.481792665619636,0.),(-0.928041724823898,0.372475911332556,0.000502456831174778),
(0.,0.,1.),(0.,0.,1.),(0.848581302447046,-0.529064998972031,0.),(0.,0.,
1.),(0.,1.,0.),(-0.831625849456293,0.555336336390928,0.),(-0.851405678026354,
0.524507742006239,0.),(0.,0.,1.),(0.,0.,1.),(0.895279461070751,-0.444092872211726,
0.0354430167396376),(0.,0.,1.),(0.84912184372897,-0.36574899541027,0.381077114057893),
(0.896346663270702,-0.441419623519661,0.0413687710143786),(0.,0.,1.),(-0.887239234733821,
0.461309592734579,0.),(0.87673604557848,-0.480952362324299,0.00432799700621849),
(0.813511840049184,-0.344880200551736,0.468247940056531),(0.,0.,1.),(0.,
0.,1.),(0.832485899118737,-0.554046232518974,0.),(0.,1.,0.),(0.,1.,0.),
(0.,0.,1.),(-0.831625849456293,0.555336336390928,0.),(0.832485899118737,
-0.554046232518974,0.),(0.,0.,1.),(0.,1.,0.),(0.848581302447046,-0.529064998972031,
0.),(0.,0.,1.),(0.,0.,1.),(-0.877124297115361,0.48026343542881,0.),(0.,
0.,1.),(-0.899774762959197,0.434839064825156,-0.0363368083863162),(0.,0.,
1.),(0.749546745473846,-0.308126346390418,0.585865027979702),(0.,0.,1.),
(-0.90264309154079,0.394105545502382,-0.172963199259134),(-0.835963802819016,
0.548752349688985,-0.00594803221129531),(0.,0.,1.),(-0.675651599260003,
0.255820149889683,-0.691412299086313),(-0.885253407531847,0.464962393218139,
0.0116780711641239),(0.,0.,-1.),(0.,0.,1.),(0.,0.,1.),(-0.901986768908615,
0.389964551590176,-0.185330831803211),(-0.675651599260003,0.255820149889683,
-0.691412299086313),(-0.952073743940643,0.305868576514239,0.),(0.,0.,1.),
(0.888779976676385,-0.333206366811634,0.314712043263863),(0.965332166142102,
-0.260147409416343,0.0213807012364727),(0.,0.,1.),(0.,0.,1.),(-0.9626046853865,
0.270909984444938,0.),(0.,0.,1.),(0.966066688075269,-0.258292768368148,
0.),(-0.962661542036882,0.270671465813902,-0.004439941140022),(-0.675651599260003,
0.255820149889683,-0.691412299086313),(0.,0.,1.),(-0.788504957970327,0.123563113504587,
-0.60248824738518),(0.,0.,1.),(-0.965854247486401,0.205206530014818,-0.158164005550428),
(0.,0.,1.),(-0.756550555491918,0.653935208552705,0.),(0.980244426580576,
-0.197789949587224,0.),(0.,0.,1.),(-0.964709446492347,0.203235055831587,
-0.167425195026201),(-0.826242795555766,0.133412797257121,-0.547287738141669),
(0.,0.,1.),(0.,0.,1.),(0.,0.,1.),(-0.0496513154022976,0.99876661281744,
0.),(0.775311177273851,-0.631579431579461,0.),(0.,0.,1.),(0.762630334015044,
-0.646834579811641,0.),(0.,0.,1.),(-0.76670252552163,0.64200252130249,0.),
(-0.76670252552163,0.64200252130249,0.),(0.,0.,1.),(0.980244426580576,-0.197789949587224,
0.),(-0.756550555491918,0.653935208552705,0.),(0.,0.,1.),(0.,0.,1.),(-0.747932927700847,
0.113339400897265,-0.654026387743712),(-0.959004194862254,0.102364546307204,
-0.264258309038562),(0.,0.,1.),(-0.962333792536689,0.100863864560023,-0.252468121884666),
(0.,0.,1.),(-0.997796652525586,0.0663463654523408,0.),(-0.761766509971071,
0.647851668429197,0.),(0.,0.,1.),(-0.997584054969556,0.0682360390716968,
-0.0130344252770923),(-0.74636551650107,0.112950794439629,-0.655881569960269),
(0.,0.,1.),(-0.761766509971071,0.647851668429197,0.),(0.,0.,1.),(-0.768711986491902,
0.639595092088482,0.),(-0.768711986491902,0.639595092088482,0.),(0.,0.,
1.),(0.,0.,1.),(-1.,0.,0.),(-0.0441201680656625,-0.999026231272161,0.),
(0.,0.,1.),(0.0664425931999438,0.997790249405589,0.),(0.,0.,1.),(0.100931026155907,
0.994893425427626,0.),(0.,0.,1.),(0.0277801525368795,-0.999614057086548,
0.),(0.,0.,1.),(0.100204465519568,0.994966866327687,0.),(-1.,0.,0.),(0.0277801525368795,
-0.999614057086548,0.),(0.,0.,1.),(-1.,0.,0.),(0.100204465519568,0.994966866327687,
0.),(0.,0.,1.),(-0.0441201680656625,-0.999026231272161,0.),(-1.,0.,0.),
(0.,0.,1.),(0.,0.,1.),(0.100931026155907,0.994893425427626,0.),(0.,0.,1.),
(-0.0514981009496347,0.998673092457477,0.),(-0.0514981009496347,0.998673092457477,
0.),(0.,0.,1.),(0.,0.,1.),(0.0664425931999438,0.997790249405589,0.),(0.,
0.,1.),(0.0995368497051927,-0.995033876584494,0.),(-0.411916734820305,0.911221489855775,
0.),(0.0995368497051927,-0.995033876584494,0.),(-0.411916734820305,0.911221489855775,
0.),(0.,0.,1.),(0.,0.,1.),(0.147416147904115,0.989074557016362,0.),(-1.,
0.,0.),(0.,0.,1.),(-0.123570932849222,-0.992335741850899,0.),(0.,0.,1.),
(-0.10155815690214,-0.994829603885329,0.),(-0.418108900277052,0.908396910776954,
0.),(0.,0.,1.),(-1.,0.,0.),(-0.145523062449649,-0.989354859641006,0.),(0.,
0.,1.),(0.101588059287838,0.99482655081684,0.),(-1.,0.,0.),(0.,0.,1.),(-0.145523062449649,
-0.989354859641006,0.),(0.147416147904115,0.989074557016362,0.),(0.,0.,
1.),(-1.,0.,0.),(-0.10155815690214,-0.994829603885329,0.),(0.,0.,1.),(-0.418108900277052,
0.908396910776954,0.),(-0.123570932849222,-0.992335741850899,0.),(0.,0.,
1.),(0.,0.,1.),(0.,0.,1.),(-0.363053621476225,0.931768247974247,0.),(0.,
0.,1.),(0.284550384733442,-0.958661086384573,0.),(-0.363053621476225,0.931768247974247,
0.),(0.,0.,1.),(0.,0.,1.),(-0.312113351894673,0.950044870292489,0.),(0.,
0.,1.),(-0.325841207695718,0.945424511723382,0.),(0.,0.,1.),(-1.,0.,0.),
(0.,0.,1.),(0.287806710944538,-0.957688517804869,0.),(-0.799775290250984,
0.600299496171664,0.),(0.,0.,1.),(0.711920958370847,-0.702259602306963,
0.),(0.,0.,1.),(0.593003863798571,-0.80519961346238,0.),(0.277013134851866,
-0.960866131737165,0.),(-0.325841207695718,0.945424511723382,0.),(0.,0.,
1.),(0.,0.,1.),(-0.312113351894673,0.950044870292489,0.),(0.,0.,1.),(-0.334140233133687,
0.942523370851548,0.),(-1.,0.,0.),(-0.334140233133687,0.942523370851548,
0.),(-1.,0.,0.),(0.,0.,1.),(0.,0.,1.),(0.29452299301353,-0.955644393373577,
0.),(0.,0.,1.),(0.622005520158539,-0.783012856147526,0.),(0.301224758960304,
-0.953553168202647,0.),(0.,0.,1.),(0.698812581284018,-0.715304813516006,
0.),(0.,0.,1.),(-1.,0.,0.),(0.77781977223947,-0.628487392008256,0.),(0.,
0.,1.),(0.773078431576649,-0.634310443419458,0.),(-1.,0.,0.),(0.,0.,1.),
(0.77781977223947,-0.628487392008256,0.),(0.287806710944538,-0.957688517804869,
0.),(0.,0.,1.),(-0.799775290250984,0.600299496171664,0.),(0.29452299301353,
-0.955644393373577,0.),(0.,0.,1.),(0.,0.,1.),(0.834402402501704,-0.551155722731229,
0.),(0.,0.,1.),(-0.811191520616712,0.584780571564707,0.),(0.,0.,1.),(-0.822306663186164,
0.569044595510437,0.),(-1.,0.,0.),(-1.,0.,0.),(0.,0.,1.),(0.,0.,1.),(0.858475141424657,
-0.503789868396003,0.0960010419602515),(-1.,0.,0.),(-0.822306663186164,
0.569044595510437,0.),(0.,0.,1.),(0.,0.,1.),(-1.,0.,0.),(0.875306961415795,
-0.483567702909372,0.),(-1.,0.,0.),(0.,0.,1.),(0.873079453565979,-0.487274960936231,
0.0171866286841151),(0.834710036411956,-0.550671616465431,0.00446384727561835),
(0.,0.,1.),(0.,0.,1.),(0.622005520158539,-0.783012856147526,0.),(0.301224758960304,
-0.953553168202647,0.),(0.773078431576649,-0.634310443419458,0.),(0.,0.,
1.),(0.,0.,1.),(0.698812581284018,-0.715304813516006,0.),(0.711920958370847,
-0.702259602306963,0.),(0.,0.,1.),(0.,0.,1.),(-0.811191520616712,0.584780571564707,
0.),(0.277013134851866,-0.960866131737165,0.),(0.593003863798571,-0.80519961346238,
0.),(0.,0.,1.),(0.,0.,1.),(0.292070085721029,-0.956396918139593,0.),(-0.812263516477501,
0.58329064779028,0.),(0.,0.,1.),(0.023170989450094,0.981490561613582,0.190103610463766),
(0.100075587777702,0.994928197058384,0.0101370325589142),(0.,0.,1.),(0.,
0.,1.),(0.292070085721029,-0.956396918139593,0.),(-0.812263516477501,0.58329064779028,
0.),(0.284550384733442,-0.958661086384573,0.),(0.,0.,1.),(0.,0.,1.),(0.,
0.,1.),(-0.832637227258936,0.553818786050592,0.),(-0.833936335081882,0.551739267923501,
-0.0115745091229702),(0.,0.,1.),(0.,0.,1.),(0.793340762700615,-0.596550386595049,
0.121400455068767),(0.,0.,1.),(0.776278303572158,-0.630390351610121,0.),
(0.0026716337224068,-0.999996431180258,0.),(0.,0.,1.),(-0.113892785644973,
0.993493046466873,0.),(-0.112459748692849,0.993606737649477,0.0099224906905571),
(0.,0.,1.),(0.,0.,1.),(0.,0.,1.),(-0.858911588399368,0.487722175294194,
-0.15619847323061),(0.,0.,1.),(-0.876765777370949,0.480917634976214,0.),
(-1.,0.,0.),(0.,0.,1.),(0.914862793141526,-0.403764869355031,0.),(0.823123625259672,
-0.407895174285777,0.395081035148172),(0.884899589602589,-0.465781833395388,
0.),(0.,0.,1.),(0.872617993069949,-0.488403356018952,0.),(0.,0.,1.),(0.841258379491331,
-0.53764561706116,0.056758518220133),(-0.876461604677115,0.481405835745012,
-0.0079672352459145),(0.,0.,1.),(-1.,0.,0.),(0.,0.,1.),(-1.,0.,0.),(0.869764359672781,
-0.493362134752432,0.0101863946281633),(0.823123625259672,-0.407895174285777,
0.395081035148172),(0.,0.,1.),(0.718082605715181,-0.501763947947752,0.482276178044471),
(0.,0.,1.),(-1.,0.,0.),(0.914862793141526,-0.403764869355031,0.),(-1.,0.,
0.),(0.914862793141526,-0.403764869355031,0.),(0.,0.,1.),(0.823123625259672,
-0.407895174285777,0.395081035148172),(0.,0.,1.),(0.837143171326662,-0.542736388612776,
0.0680332505228236),(0.718082605715181,-0.501763947947752,0.482276178044471),
(0.794380111116259,-0.592472121795234,0.133929175157517),(0.779958490202528,
-0.625510732213398,0.0200269180567667),(0.718082605715181,-0.501763947947752,
0.482276178044471),(0.,0.,1.),(0.0026716337224068,-0.999996431180258,0.),
(0.,0.,1.),(0.,0.,1.),(-0.876072985142587,0.48217851953748,0.),(0.,0.,1.),
(-0.846517668931318,0.532360626067601,0.),(-1.,0.,0.),(0.,0.,1.),(-0.902446000420382,
0.430802990153569,0.),(0.,0.,1.),(-1.,0.,0.),(0.,0.,1.),(0.,0.,1.),(0.467934109827793,
-0.881591980670389,-0.0619132334588597),(0.,0.,1.),(0.493218528517782,-0.869905444934536,
0.),(0.,0.,1.),(0.445493936831647,-0.895284814169013,-0.000503750530200223),
(-0.876072985142587,0.48217851953748,0.),(0.,0.,1.),(-1.,0.,0.),(-0.846517668931318,
0.532360626067601,0.),(0.,0.,1.),(0.,0.,1.),(-0.876082906314318,0.482160493263247,
0.),(-0.822762197212132,0.424562106538099,-0.377901289400548),(-0.902234912818039,
0.431244898047764,0.),(0.,0.,1.),(-0.507604357737636,0.86159028314261,0.),
(0.71945623527244,-0.694537778330025,0.),(0.,0.,1.),(0.,0.,1.),(-0.688460736964618,
0.725273612961437,0.),(0.892173728182445,-0.451692416076511,0.),(-0.902451131911347,
0.43079224054285,0.),(-0.822762197212132,0.424562106538099,-0.377901289400548),
(0.,0.,1.),(0.,0.,1.),(0.644081980261279,-0.764956471116305,0.),(0.,0.,
1.),(-1.,0.,0.),(0.735947102394965,-0.677039040585146,0.),(-1.,0.,0.),(0.735947102394965,
-0.677039040585146,0.),(0.,0.,1.),(0.,0.,1.),(0.498299931905001,-0.866857373220625,
-0.015983502635824),(0.644081980261279,-0.764956471116305,0.),(0.,0.,1.),
(0.,0.,1.),(0.455841893556417,-0.808129308593286,-0.373008295713965),(0.513972471825155,
-0.857806678807026,0.),(0.,0.,1.),(0.542348754700441,-0.840153455194277,
0.),(0.,0.,1.),(-0.539224792844043,0.842161874453065,0.),(0.,0.,1.),(0.665496585693595,
-0.746400893910348,0.),(0.,0.,1.),(0.665496585693595,-0.746400893910348,
0.),(-0.507604357737636,0.86159028314261,0.),(0.,0.,1.),(0.71945623527244,
-0.694537778330025,0.),(0.542919294357302,-0.839784877105184,0.),(0.455003801630532,
-0.805625041932272,-0.379394033049267),(0.,0.,1.),(0.,0.,1.),(0.570119315513444,
-0.821561906418793,0.),(1.,0.,0.),(0.570119315513444,-0.821561906418793,
0.),(1.,0.,0.),(0.,0.,1.),(1.,0.,0.),(0.,0.,1.),(1.,0.,0.),(0.,0.,1.),(-0.632260371114064,
0.774755976497572,0.),(0.,0.,1.),(-0.634076800826621,0.773270076139946,
0.),(1.,0.,0.),(0.,0.,1.),(-0.632260371114064,0.774755976497572,0.),(0.,
0.,1.),(-0.63974531798909,0.768585995508546,-0.00122295509970726),(0.,0.,
1.),(0.652055899528683,-0.758170893591834,0.),(1.,0.,0.),(0.652055899528683,
-0.758170893591834,0.),(1.,0.,0.),(0.,0.,1.),(0.,0.,1.),(-0.636861997960351,
0.770977249266034,-0.000936305574938562),(0.,0.,1.),(-0.848762984088107,
-0.387905573235797,-0.359347551952784),(-0.918777586629935,-0.394503111644588,
-0.0146642834536892),(0.,0.,1.),(0.,0.,1.),(0.,0.,1.),(0.,0.,1.),(0.862180515765403,
0.502264648236517,0.0661436419193236),(0.,0.,1.),(-0.86738929040313,-0.493580216349581,
-0.0633592055052474),(0.,0.,1.),(0.861370892567232,0.482449188796206,0.159006181225173),
(0.,0.,1.),(-0.87114618589324,-0.489728085293236,-0.0356472338152733),(0.,
0.,1.),(0.855563746623123,0.517678750885417,0.00440299283648565),(0.,0.,
1.),(-0.863547937221628,-0.504042362482774,-0.0150418397496625),(0.,0.,
1.),(-0.986276917216132,-0.165099492932728,0.),(0.851591389219684,0.524206167272848,
0.),(0.85717083839673,0.514500937417961,0.0233867312441445),(-0.986276917216132,
-0.165099492932728,0.),(0.,0.,1.),(0.,0.,1.),(-0.886729436103912,-0.462288770301463,
0.),(0.,0.,1.),(0.889154600855791,0.457606922780872,0.),(0.890064575739469,
0.455561790365373,0.0157640785590345),(0.,0.,1.),(0.,0.,1.),(-0.885721087979007,
-0.46418122245508,-0.00582640793221544),(0.,0.,1.),(-1.,0.,0.),(-0.894419987310297,
-0.447228002589113,0.),(0.,0.,1.),(0.904379295797047,0.40755298034981,0.12648579976276),
(0.,0.,1.),(-1.,0.,0.),(-1.,0.,0.),(0.,0.,1.),(-0.894419987310297,-0.447228002589113,
0.),(0.,0.,1.),(0.917045035888164,0.398783653317028,0.),(-1.,0.,0.),(0.916816755818548,
0.399249648636089,0.0068377126521168),(0.,0.,1.),(-1.,0.,0.),(-0.858915960418601,
-0.512090680774529,-0.00514855339598875),(0.,0.,1.),(0.,0.,1.),(0.,0.,1.),
(0.,0.,1.),(0.804693193599388,0.577019366388636,0.139705100076105),(0.,
0.,1.),(-0.853391899553206,-0.520715631136046,-0.0240311728294802),(0.,
0.,1.),(0.812729367999283,0.574713222706419,0.0957898013250267),(0.,0.,
1.),(-0.864808475196133,-0.502101883315468,0.),(0.,0.,1.),(-0.859303201849727,
-0.511466526070678,0.),(0.,0.,1.),(0.805671143502012,0.587474359997551,
0.0759465922449999),(0.,0.,1.),(-0.85208194437875,-0.522729231149762,-0.0266554115576362),
(0.839952398348414,0.542616076034363,0.00691104462565857),(0.,0.,1.),(0.799638352131796,
0.600279667167633,0.01558290682324),(-0.99996742153602,-0.00807191839671042,
0.),(0.,0.,1.),(0.,0.,1.),(-0.858846665095333,-0.512224893542723,-0.00283976931651655),
(0.,0.,1.),(0.840540439437868,0.541748806800343,0.),(0.,0.,1.),(-1.,0.,
0.),(-0.868578812151704,-0.49555105396027,0.),(-1.,0.,0.),(-0.868578812151704,
-0.49555105396027,0.),(0.,0.,1.),(0.,0.,1.),(-0.864808475196133,-0.502101883315468,
0.),(0.,0.,1.),(0.855234851003396,0.518240629079965,0.),(-1.,0.,0.),(0.855234851003396,
0.518240629079965,0.),(-1.,0.,0.),(0.,0.,1.),(0.,0.,1.),(0.,-1.,0.),(0.,
0.,1.),(0.,-1.,0.),(0.941150355499681,-0.337988177815178,0.),(0.,0.,1.),
(0.944368490318073,-0.328889273912001,0.),(0.,-1.,0.),(0.,0.,1.),(0.941150355499681,
-0.337988177815178,0.),(0.,0.,1.),(0.,0.,1.),(-0.935277322754595,0.353915709655558,
0.),(0.,0.,1.),(-0.858868610230106,0.512195968708663,0.),(0.982453183061436,
0.186509364624014,0.),(0.,0.,1.),(-0.831594050667611,-0.555383952679797,
0.),(0.,-1.,0.),(-0.831594050667611,-0.555383952679797,0.),(0.,-1.,0.),
(0.,0.,1.),(0.,0.,1.),(-0.896049667703085,0.443953818554578,0.),(0.944446373628791,
-0.328662575029405,-0.00139968370221429),(0.,0.,1.),(0.,0.,1.),(0.,0.,1.),
(0.948824500789646,-0.315027365649536,-0.0221320038223338),(0.,0.,1.),(0.,
1.,0.),(-0.944541413003048,0.328392325005025,0.),(0.,0.,1.),(-0.943446794273121,
0.331523975567034,0.),(0.,0.,1.),(0.,1.,0.),(0.,0.,1.),(0.951312728481398,
-0.308227339198321,0.),(0.,1.,0.),(0.,1.,0.),(0.,0.,1.),(-0.944541413003048,
0.328392325005025,0.),(0.,1.,0.),(0.95086391913178,-0.309572387030565,-0.00476911748126219),
(0.,0.,1.),(0.,0.,1.),(-0.943446794273121,0.331523975567034,0.),(0.,0.,
1.),(-0.99996742153602,-0.00807191839671042,0.),(0.797954923735379,0.602717130739176,
0.),(0.,0.,1.),(-0.839836244179851,-0.542839831775342,0.),(0.,0.,1.),(0.992296747374865,
0.123883675878881,0.),(0.,0.,1.),(-0.987012446647914,-0.160643799015398,
0.),(0.,0.,1.),(-0.987012446647914,-0.160643799015398,0.),(0.992296747374865,
0.123883675878881,0.),(0.,0.,1.),(0.,0.,1.),(-0.858868610230106,0.512195968708663,
0.),(0.982453183061436,0.186509364624014,0.),(-0.840329385534845,-0.542068365709534,
-0.00290012131209588),(0.,0.,1.),(0.,0.,1.),(0.993677702455265,-0.112270315058016,
0.),(0.,0.,1.),(0.993677702455265,-0.112270315058016,0.),(0.,0.,1.),(-0.909115096331779,
-0.416545005517603,0.),(-0.896049667703085,0.443953818554578,0.),(0.,0.,
1.),(0.,0.,1.),(-0.935277322754595,0.353915709655558,0.),(0.,0.,1.),(0.959970684467779,
-0.280100490828673,0.),(0.959970684467779,-0.280100490828673,0.),(0.,0.,
1.),(0.,0.,1.),(1.,0.,0.),(0.,0.,1.),(-0.967986245144456,-0.251003245419529,
0.),(0.,0.,1.),(-0.858263815202427,-0.513208752374873,0.),(0.,0.,1.),(0.,
1.,0.),(1.,0.,0.),(0.,1.,0.),(1.,0.,0.),(0.,0.,-1.),(-0.967986245144456,
-0.251003245419529,0.),(0.,0.,1.),(0.,0.,1.),(-0.909115096331779,-0.416545005517603,
0.),(0.,0.,1.),(0.960504984624691,-0.278262779600724,0.),(0.,1.,0.),(0.960504984624691,
-0.278262779600724,0.),(0.,1.,0.),(0.,0.,1.),(0.,0.,1.),(-0.917681801295818,
-0.397316135552612,0.),(0.999168550731797,0.0407701757234475,0.),(0.,0.,
1.),(0.,0.,1.),(0.98429530867602,0.176529729276343,0.),(0.,0.,1.),(-0.994782903806379,
0.102014578833363,0.),(0.,-1.,0.),(0.,0.,1.),(0.996021118993798,-0.0891175096058182,
0.),(0.,0.,1.),(0.997970792896523,-0.0636733580509564,0.),(0.,0.,1.),(0.993757936596031,
-0.111557892828785,0.),(0.,0.,1.),(-0.997609481815315,0.0691037031726901,
0.),(0.,0.,1.),(0.,-1.,0.),(0.993223922427983,-0.116216349610425,0.),(-0.997609481815315,
0.0691037031726901,0.),(0.,0.,1.),(0.,-1.,0.),(-0.994782903806379,0.102014578833363,
0.),(0.,0.,1.),(0.,0.,1.),(0.996021118993798,-0.0891175096058182,0.),(0.,
0.,1.),(0.998430583037304,-0.0560033111145065,0.),(0.998430583037304,-0.0560033111145065,
0.),(0.,0.,1.),(0.,0.,1.),(0.997970792896523,-0.0636733580509564,0.),(0.993757936596031,
-0.111557892828785,0.),(0.,0.,1.),(0.,0.,1.),(0.,0.,1.),(-0.771294896205706,
-0.636477951768188,0.),(-0.999347552875176,0.0361174274055813,0.),(0.,-1.,
0.),(0.,0.,1.),(0.993223922427983,-0.116216349610425,0.),(0.,0.,1.),(0.999579847157869,
-0.0289849815568549,0.),(0.999579847157869,-0.0289849815568549,0.),(0.,
0.,1.),(0.,0.,1.),(0.,0.,1.),(0.999998048529023,-0.0019755855198424,0.),
(-0.744316203193879,-0.667827365164867,0.),(0.,0.,1.),(0.497993764613514,
0.867180610026574,0.),(0.,0.,1.),(-0.734946078602512,-0.678125549988194,
0.),(-0.734946078602512,-0.678125549988194,0.),(0.,0.,1.),(0.,0.,1.),(-0.771294896205706,
-0.636477951768188,0.),(-0.999347552875176,0.0361174274055813,0.),(0.,0.,
1.),(-0.729968162459987,-0.683481149553365,0.),(0.,0.,1.),(-0.715290973797707,
-0.698826747344095,0.),(-0.9960387490279,0.0889202476095078,0.),(0.,0.,
1.),(0.258996889038233,0.965878155601687,0.),(0.,0.,1.),(0.,0.,1.),(0.354499299287111,
0.935056280020057,0.),(0.,0.,1.),(0.656508119262027,-0.754318957300582,
0.),(0.291645846261188,-0.956526372014173,0.),(0.,0.,1.),(0.908012901412049,
-0.418942204688515,0.),(0.656508119262027,-0.754318957300582,0.),(0.,0.,
1.),(0.997966470849459,-0.063741062591364,0.),(-0.646600868278045,-0.762828497856548,
0.),(0.,0.,1.),(-0.722941366974616,-0.690909386183799,0.),(0.,0.,1.),(0.999903430004426,
0.0138971459438359,0.),(0.908012901412049,-0.418942204688515,0.),(0.,0.,
1.),(0.533325825941186,0.845909902639845,0.),(0.999903430004426,0.0138971459438359,
0.),(0.,0.,1.),(0.993165236490687,-0.116716806957685,0.),(-0.708372701556861,
-0.705838590393749,0.),(-0.744316203193879,-0.667827365164867,0.),(0.999998048529023,
-0.0019755855198424,0.),(0.,0.,1.),(0.,0.,1.),(-0.715290973797707,-0.698826747344095,
0.),(-0.9960387490279,0.0889202476095078,0.),(-0.729968162459987,-0.683481149553365,
0.),(0.,0.,1.),(0.,0.,1.),(0.974787287415309,-0.223136156401208,0.),(0.,
0.,1.),(-0.972783546548484,0.231715712813251,0.),(0.,0.,1.),(-0.992959316495252,
0.118455881176422,0.),(0.,0.,1.),(-0.97765884825163,0.210197945839859,0.),
(0.,0.,1.),(-1.,0.,0.),(0.,0.,1.),(0.986255105039732,-0.165229742428738,
0.),(0.986255105039732,-0.165229742428738,0.),(0.,0.,1.),(0.,0.,1.),(-1.,
0.,0.),(0.966369637414554,-0.257157002399823,0.),(0.974787287415309,-0.223136156401208,
0.),(0.,0.,1.),(0.,0.,1.),(-0.998250713819039,0.0591228581834361,0.),(-0.972783546548484,
0.231715712813251,0.),(0.,0.,1.),(0.,0.,1.),(-0.987048040065514,0.16042495629679,
0.),(-0.987173021386896,0.159446916073044,0.00813060887404679),(0.,0.,1.),
(0.,0.,1.),(-0.97765884825163,0.210197945839859,0.),(0.,0.,1.),(0.994809212625861,
-0.101757704743744,0.),(0.994809212625861,-0.101757704743744,0.),(0.,0.,
1.),(0.,0.,1.),(0.998086761259217,-0.061828933349094,0.),(-0.780717594939925,
-0.624884018799664,0.),(0.,0.,1.),(-0.978567749660498,0.0972736073150828,
0.181502078898014),(0.,0.,1.),(1.,0.,0.),(0.,0.,1.),(-0.726064657177409,
-0.687626434627008,0.),(0.,0.,1.),(-0.683269759533117,-0.73016603297302,
0.),(0.,0.,1.),(-0.779625473301003,-0.626246054981735,0.),(0.,0.,1.),(-0.697298537295973,
-0.716780824160982,0.),(1.,0.,0.),(1.,0.,0.),(0.,0.,1.),(1.,0.,0.),(0.,
0.,-1.),(0.,-1.,0.),(1.,0.,0.),(-0.697298537295973,-0.716780824160982,0.),
(0.,0.,1.),(0.,0.,1.),(-0.726064657177409,-0.687626434627008,0.),(-0.683269759533117,
-0.73016603297302,0.),(0.,0.,1.),(0.,0.,1.),(-0.779625473301003,-0.626246054981735,
0.),(0.,0.,1.),(-0.808469859122836,-0.588537583243332,0.),(-0.999010258612506,
0.0444803685570774,0.),(0.,0.,1.),(1.,0.,0.),(0.,-1.,0.),(0.998086761259217,
-0.061828933349094,0.),(0.,0.,1.),(-0.780717594939925,-0.624884018799664,
0.),(-0.997844336485824,0.0545625892882404,0.0364637353178199),(-0.808469859122836,
-0.588537583243332,0.),(0.,0.,1.),(0.,0.,1.),(-1.,0.,0.),(0.,0.,1.),(0.0519732980431086,
-0.998648474835125,0.),(0.,0.,1.),(0.0943136358203583,-0.995542534550054,
0.),(0.,0.,1.),(-1.,0.,0.),(0.0235308638751543,-0.999723110888855,0.),(0.,
0.,1.),(0.,0.,1.),(-1.,0.,0.),(0.0235308638751543,-0.999723110888855,0.),
(0.,0.,1.),(-0.0682935547219058,0.997665269708957,0.),(0.,0.,1.),(-0.0592606893454607,
0.998242541018114,0.),(-1.,0.,0.),(-0.0592606893454607,0.998242541018114,
0.),(-1.,0.,0.),(0.,0.,1.),(0.,0.,1.),(0.0519732980431086,-0.998648474835125,
0.),(0.,0.,1.),(0.1197684049328,-0.992801857965552,0.),(0.1197684049328,
-0.992801857965552,0.),(0.,0.,1.),(0.,0.,1.),(0.0943136358203583,-0.995542534550054,
0.),(0.,0.,1.),(0.,0.,1.),(0.131285492938425,-0.991344601712197,0.),(-0.293367726172401,
-0.955999674288875,0.),(0.131285492938425,-0.991344601712197,0.),(-0.293367726172401,
-0.955999674288875,0.),(0.,0.,1.),(0.,0.,1.),(-0.733278204042367,-0.679928728232894,
0.),(0.290558812030971,0.956857134974261,0.),(0.,0.,1.),(0.731692833252834,
0.681634504530428,0.),(0.,0.,1.),(0.,0.,1.),(0.742165668482738,0.669427839731185,
-0.0325036600771111),(0.,0.,1.),(-0.802939530484034,-0.596060492220445,
0.),(0.270538221243032,0.962709234840227,0.),(0.,0.,1.),(0.761360758721624,
0.648328462338986,0.),(0.,0.,1.),(0.733504107928291,0.679685017969591,0.),
(0.,0.,1.),(0.305371143543517,0.952233408724418,0.),(0.691542296280887,
0.722335969237694,0.),(0.,0.,1.),(0.288002317430631,0.95762971192136,0.),
(0.,0.,1.),(0.400785338117869,0.916171988629725,0.),(0.,0.,1.),(-0.52588961680919,
-0.850552826655866,0.),(-0.0773208250874795,0.997006263775605,0.),(0.,0.,
1.),(-0.273374867822428,-0.961907574376598,0.),(-0.217725044580005,0.976010145932221,
0.),(0.,0.,1.),(0.561117434984852,0.827736204449232,0.),(0.,0.,1.),(-0.283386693023611,
-0.959005725852115,0.),(-0.283386693023611,-0.959005725852115,0.),(0.,0.,
1.),(0.,0.,1.),(-1.,0.,0.),(0.00978716264620787,-0.999952104576683,0.),
(0.,0.,1.),(0.0519779675506317,-0.998648231806028,0.),(0.,0.,1.),(-0.0422758680861444,
0.99910597584919,0.),(0.0519779675506317,-0.998648231806028,0.),(0.,0.,
1.),(0.,0.,1.),(-0.0131768199774546,0.999913181938953,0.),(-1.,0.,0.),(-0.0131768199774546,
0.999913181938953,0.),(-1.,0.,0.),(0.,0.,1.),(-1.,0.,0.),(0.,0.,1.),(0.00978716264620787,
-0.999952104576683,0.),(0.,0.,1.),(-0.103540935813018,0.994625193030503,
0.),(0.,0.,1.),(0.127006181007144,-0.991901925588402,0.),(0.,0.,1.),(0.127006181007144,
-0.991901925588402,0.),(-0.0422758680861444,0.99910597584919,0.),(0.,0.,
1.),(0.,0.,1.),(0.187555419525179,-0.982254022443652,0.),(0.,0.,1.),(0.187555419525179,
-0.982254022443652,0.),(0.,0.,1.),(-0.176833646804997,0.984240753757761,
0.),(-0.176833646804997,0.984240753757761,0.),(0.,0.,1.),(0.,0.,1.),(-0.103540935813018,
0.994625193030503,0.),(0.,0.,1.),(-0.102589522361349,0.994723775679294,
0.),(-0.0355267572988654,0.864638686909687,0.501136498984977),(-0.013316300032087,
0.999911334145911,0.),(0.,0.,1.),(0.,0.,1.),(-0.013316300032087,0.999911334145911,
0.),(0.,0.,1.),(-1.,0.,0.),(0.,0.,1.),(-0.157360746042723,0.987541186789127,
0.),(-0.013316300032087,0.999911334145911,0.),(-0.0355267572988654,0.864638686909687,
0.501136498984977),(0.,0.,1.),(-1.,0.,0.),(-0.159269121977642,0.987235203375807,
0.),(0.,0.,1.),(-0.0355267572988654,0.864638686909687,0.501136498984977),
(0.,0.,1.),(0.0623810368012812,-0.998052406563702,0.),(0.,0.,1.),(-1.,0.,
0.),(0.,0.,1.),(0.,-0.999999999999602,0.),(0.,0.,1.),(0.153960057012784,
-0.98807707232008,0.),(0.,0.,1.),(0.230060060635809,-0.959865889058096,
-0.160405247803673),(0.,0.,1.),(-0.0420938485042501,-0.999113661160782,
0.),(0.,0.,1.),(-0.0829847617542183,-0.996550816223937,0.),(0.,0.,1.),(-1.,
0.,0.),(-0.084723348879473,-0.996404513315073,0.),(-1.,0.,0.),(-0.084723348879473,
-0.996404513315073,0.),(0.,0.,1.),(0.,0.,1.),(0.,-0.999999999999602,0.),
(-0.0829847617542183,-0.996550816223937,0.),(0.,0.,1.),(0.,0.,1.),(-0.0420938485042501,
-0.999113661160782,0.),(0.0623810368012812,-0.998052406563702,0.),(0.,0.,
1.),(0.,0.,1.),(0.158580294903456,-0.987211175798303,-0.0163212881619464),
(0.,0.,1.),(-0.00867460073624314,0.999962374943211,0.),(-1.,0.,0.),(-1.,
0.,0.),(0.,0.,1.),(-0.0339541167460044,-0.999423392740033,0.),(0.,0.,1.),
(-0.0339541167460044,-0.999423392740033,0.),(-0.000200794354004274,-0.818034411778977,
-0.575169245376568),(0.0757209007934717,-0.997129051418634,0.),(-1.,0.,
0.),(0.,0.,1.),(-0.000200794354004274,-0.818034411778977,-0.575169245376568),
(-0.0339541167460044,-0.999423392740033,0.),(0.,0.,1.),(-0.106714355288326,
0.994289719536211,0.),(0.,0.,1.),(-0.106714355288326,0.994289719536211,
0.),(-1.,0.,0.),(-0.00867460073624314,0.999962374943211,0.),(0.,0.,1.),
(0.,0.,1.),(0.134094742567494,-0.990968516157682,0.),(0.136160520534947,
-0.990686788368378,0.),(-0.000200794354004274,-0.818034411778977,-0.575169245376568),
(0.,0.,1.),(0.,0.,1.),(0.,0.,1.),(1.,0.,0.),(0.,0.,1.),(-0.0732718617689167,
0.997312004476491,0.),(0.,0.,1.),(0.0346832497557072,-0.999398355104902,
0.),(0.,0.,1.),(-0.000873439388855335,0.999497527119163,0.031684860522226),
(0.,0.,1.),(0.,0.,1.),(-0.999306172271322,0.037244785681201,0.),(-0.127684255858308,
0.991814867203507,0.),(0.,0.,1.),(1.,0.,0.),(0.,0.,1.),(0.192006566591864,
-0.981393640893196,0.),(-0.999883393753255,0.0152708512033031,0.),(0.996022056959566,
-0.0881007193690606,-0.0133538495082452),(0.,0.,-1.),(0.,0.,1.),(-0.999655162380755,
0.0262594045154507,0.),(0.,0.,1.),(0.134084708925932,-0.990969873826772,
0.),(-0.999979061696461,-0.0064711798511943,0.),(0.,0.,1.),(1.,0.,0.),(0.,
0.,1.),(-0.999920141112947,0.0126376974430955,0.),(-0.127684255858308,0.991814867203507,
0.),(-0.999306172271322,0.037244785681201,0.),(0.,0.,1.),(0.,0.,1.),(-0.0736998176976314,
0.997270462163969,0.00446790404986701),(0.0799516516205363,0.853123004656129,
0.515547158201504),(0.,0.,1.),(-0.999951265528448,0.00987251579161872,0.),
(-0.203724959533507,0.979028161424926,0.),(0.,0.,1.),(-0.999992019858493,
0.00399502432163649,0.),(0.,0.,1.),(-0.677367448355914,-0.735644846313625,
0.),(-0.211651787101321,0.977345139148304,0.),(0.,0.,1.),(0.247961970819167,
-0.968769766780258,0.),(-0.999998227897331,-0.00188260516272071,0.),(0.,
0.,1.),(1.,0.,0.),(-0.999655162380755,0.0262594045154507,0.),(0.,0.,1.),
(-0.999883393753255,0.0152708512033031,0.),(0.192006566591864,-0.981393640893196,
0.),(0.,0.,1.),(0.,0.,1.),(-0.999951265528448,0.00987251579161872,0.),(-0.203724959533507,
0.979028161424926,0.),(0.,0.,1.),(0.00257709960481464,0.999280739406008,
0.0378333504967373),(0.0803400409978219,0.855271718669293,0.511913825811475),
(0.,0.,1.),(0.,0.,1.),(0.120696218243899,0.976140811756355,0.180503569286773),
(0.0452173592477118,0.998820787996819,0.0176755166283078),(0.,0.,1.),(0.,
0.,1.),(0.39893484634813,0.916979273685722,0.),(-0.0650633663428383,-0.99788113438432,
0.),(0.,0.,1.),(0.,0.,1.),(0.105375090907486,0.99443254684078,0.),(0.,0.,
1.),(0.669938625488577,-0.742416485591797,0.),(-0.903534085256893,-0.428516226972782,
0.),(0.,0.,1.),(-0.905901618573782,-0.423488202274163,0.),(0.,0.,1.),(0.911710642257922,
0.410832940249012,0.),(-0.521585503029074,-0.853199017246215,0.),(0.,0.,
1.),(0.,1.,0.),(0.,0.,1.),(0.,1.,0.),(-0.95810590271629,-0.286414174195697,
0.),(0.,0.,1.),(-0.974411565335661,-0.224771219999595,0.),(0.,0.,1.),(0.904903229448345,
-0.425617369633755,0.),(0.669938625488577,-0.742416485591797,0.),(-0.95810590271629,
-0.286414174195697,0.),(0.,1.,0.),(0.,0.,1.),(0.,0.,1.),(0.873636758420714,
0.486578682574717,0.),(0.999275105859659,0.0380691845088417,0.),(0.,0.,
1.),(-0.986755535145987,-0.162214407062863,0.),(0.,-1.,0.),(0.,0.,1.),(0.999275105859659,
0.0380691845088417,0.),(0.904903229448345,-0.425617369633755,0.),(-0.986755535145987,
-0.162214407062863,0.),(0.,0.,1.),(0.,-1.,0.),(-0.974411565335661,-0.224771219999595,
0.),(0.,0.,1.),(0.,0.,1.),(0.,-1.,0.),(0.,0.,1.),(0.903157720716401,0.429308899873221,
0.),(0.,0.,1.),(0.88943694044974,0.457057905481795,0.),(0.,0.,1.),(0.,-1.,
0.),(0.902069716254094,0.431590346297573,0.),(0.,-1.,0.),(0.902069716254094,
0.431590346297573,0.),(0.,0.,1.),(0.,0.,1.),(0.88943694044974,0.457057905481795,
0.),(0.903157720716401,0.429308899873221,0.),(0.,0.,1.),(0.,0.,1.),(0.873636758420714,
0.486578682574717,0.),(0.999275105859659,0.0380691845088417,0.),(0.999275105859659,
0.0380691845088417,0.),(0.,0.,1.),(0.904903229448345,-0.425617369633755,
0.),(0.669938625488577,-0.742416485591797,0.),(0.,0.,1.),(-0.903534085256893,
-0.428516226972782,0.),(0.669938625488577,-0.742416485591797,0.),(0.904903229448345,
-0.425617369633755,0.),(0.,0.,1.),(0.,0.,1.),(0.,-1.,0.),(0.,0.,1.),(0.,
-1.,0.),(0.896052919429984,0.44394725540429,0.),(0.,0.,1.),(0.892681403244332,
0.450688265103198,0.),(0.,-1.,0.),(0.,0.,1.),(0.896052919429984,0.44394725540429,
0.),(0.,0.,1.),(0.894386958709208,0.447294051034543,0.),(0.,0.,1.),(0.905650658668659,
0.424024627177507,0.),(0.,0.,1.),(-0.908241171990086,-0.41844709761459,
0.),(0.,-1.,0.),(-0.908241171990086,-0.41844709761459,0.),(0.,-1.,0.),(0.,
0.,1.),(0.,0.,1.),(0.892681403244332,0.450688265103198,0.),(0.894386958709208,
0.447294051034543,0.),(0.,0.,1.),(0.,0.,1.),(-0.905901618573782,-0.423488202274163,
0.),(0.911710642257922,0.410832940249012,0.),(0.,0.,1.),(-0.521585503029074,
-0.853199017246215,0.),(0.905650658668659,0.424024627177507,0.),(0.,0.,
1.),(0.,0.,1.),(-0.520057219727231,-0.85413142326552,0.),(0.,0.,1.),(0.784963275081511,
0.619542296193979,0.),(0.,0.,1.),(-1.,0.,0.),(0.,1.,0.),(0.,0.,1.),(-0.811753572402908,
-0.584000117886219,0.),(0.,0.,1.),(0.799085330304535,0.601217626897358,
0.),(-1.,0.,0.),(0.,0.,1.),(-0.79947820927408,-0.600695091453152,0.),(0.,
0.,1.),(0.765924728214758,0.6426613904732,0.0185916084350598),(0.784944621425971,
0.619565737993305,0.000487441535645142),(0.,0.,1.),(0.,0.,1.),(0.799085330304535,
0.601217626897358,0.),(-1.,0.,0.),(0.,0.,1.),(-0.819623738550909,-0.572567902773763,
-0.019568441866566),(0.,0.,1.),(0.,1.,0.),(0.,1.,0.),(-1.,0.,0.),(0.,0.,
-1.),(-0.811989267815032,-0.583669852606829,-0.00171234083389695),(0.,0.,
1.),(0.,0.,1.),(-0.79947820927408,-0.600695091453152,0.),(0.,0.,1.),(0.,
1.,0.),(-0.823101823699753,-0.567893817383268,0.),(0.,1.,0.),(0.,0.,1.),
(-0.82256566708711,-0.568658303465828,-0.00366840958786159),(0.,0.,1.),
(-0.775170394246056,-0.631752213992491,0.),(-0.775160473103211,-0.631764332084744,
-0.000263901350314219),(0.,0.,1.),(0.,0.,1.),(-0.969514906248365,-0.245032337788758,
0.),(0.754786249640181,0.655970820505082,0.),(0.761661378900368,0.647869590495611,
0.0117020341240166),(-0.969514906248365,-0.245032337788758,0.),(0.,0.,1.),
(0.,0.,1.),(0.769191535059151,0.639018295820509,0.),(0.726288785788015,
0.571250982754057,0.382330896398781),(0.80337326742047,0.595475770450955,
0.),(0.,0.,1.),(-0.815576354316321,-0.578649470992671,0.),(0.,0.,1.),(-0.803239935091123,
-0.595655610797723,0.),(0.,-1.,0.),(0.,0.,1.),(0.80337326742047,0.595475770450955,
0.),(0.,1.,0.),(0.,0.,1.),(0.,-1.,0.),(0.,0.,1.),(0.,-1.,0.),(-1.,0.,0.),
(0.,0.,1.),(0.745991222682321,0.665955776069955,0.),(0.745494186538493,
0.666512128799852,0.),(0.,0.,1.),(0.726288785788015,0.571250982754057,0.382330896398781),
(0.726288785788015,0.571250982754057,0.382330896398781),(0.80337326742047,
0.595475770450955,0.),(0.,0.,1.),(0.,1.,0.),(-0.815576354316321,-0.578649470992671,
0.),(0.,0.,1.),(0.,0.,1.),(0.,1.,0.),(-0.827552781376262,-0.561387917608148,
0.),(0.,1.,0.),(-0.827552781376262,-0.561387917608148,0.),(0.,0.,1.),(0.,
-1.,0.),(-0.803239935091123,-0.595655610797723,0.),(0.,0.,1.),(0.,-1.,0.),
(0.,0.,-1.),(-1.,0.,0.),(-1.,0.,0.),(0.,0.,1.),(-0.74995879728938,-0.661484544315487,
0.),(0.,0.,1.),(-0.735542462990733,-0.677478623380491,0.),(0.,0.,1.),(-0.970968248611662,
-0.239208403255406,0.),(0.721848065175905,0.692051566577088,0.),(-0.73519006893948,
-0.677844819947959,-0.00468642747532548),(0.,0.,1.),(0.,0.,1.),(-1.,0.,
0.),(-0.74995879728938,-0.661484544315487,0.),(0.,0.,1.),(-0.704796476611972,
-0.697533571986912,-0.1292626879905),(0.,0.,1.),(-0.704897565099543,-0.703779186754019,
-0.0883984106677651),(0.,0.,1.),(0.,0.,1.),(-0.76207123148967,0.64749319543592,
0.),(0.997042238477139,0.0768555443185181,0.),(0.,0.,1.),(-0.999677381627257,
0.0253994618618503,0.),(0.956477657144338,0.291805571200549,0.),(0.,0.,
1.),(0.999993541612124,-0.00359398581541175,0.),(0.,0.,1.),(-0.970443217744549,
-0.241329569538436,0.),(-0.970443217744549,-0.241329569538436,0.),(0.,0.,
1.),(0.,0.,1.),(-0.970968248611662,-0.239208403255406,0.),(0.721848065175905,
0.692051566577088,0.),(-0.698891442283983,-0.715138862667598,-0.0112764801560234),
(0.,0.,1.),(-0.966410973520026,-0.257001615286901,0.),(0.,0.,1.),(-0.701991926628831,
-0.710937382909816,-0.0421351697431461),(0.,0.,1.),(0.703981732647744,0.710218079253324,
0.),(0.,0.,1.),(0.719227743476976,0.69477439000946,0.),(-1.,0.,0.),(-1.,
0.,0.),(0.,0.,1.),(-0.717566329936635,-0.69649017375787,0.),(0.719227743476976,
0.69477439000946,0.),(0.,0.,1.),(-1.,0.,0.),(0.,0.,1.),(-0.691796274369397,
-0.72209273280419,0.),(0.,0.,1.),(0.682743936387711,0.730657019345348,0.0010185318772092),
(0.698375441867155,0.71565725320558,0.0103168857267828),(0.,0.,1.),(0.,
0.,1.),(-1.,0.,0.),(-0.717566329936635,-0.69649017375787,0.),(-0.691796274369397,
-0.72209273280419,0.),(0.,0.,1.),(0.,0.,1.),(0.648971645611809,0.739661892009461,
0.178146256488552),(0.,0.,1.),(-0.641662850199508,-0.766986823011871,0.),
(0.,0.,1.),(0.638196360924835,0.736182489440529,0.225257069019914),(-0.641662850199508,
-0.766986823011871,0.),(0.,0.,1.),(0.,0.,1.),(-0.971906460967459,-0.235367438550256,
0.),(0.635494042345936,0.77210577134407,0.),(0.,0.,1.),(-0.634233335140472,
-0.773141692444919,0.),(0.,0.,1.),(-0.634233335140472,-0.773141692444919,
0.),(0.636820881368996,0.770829797079694,0.0167507906229164),(-0.971906460967459,
-0.235367438550256,0.),(0.,0.,1.),(0.,0.,1.),(0.622096671910464,0.782940438857212,
0.),(0.,0.,1.),(0.648865518444822,0.760903107480402,0.),(-1.,0.,0.),(-1.,
0.,0.),(0.,0.,1.),(-0.649678037087489,-0.760209476477469,0.),(0.621388123136768,
0.783456169262796,0.0085575270160575),(0.,0.,1.),(0.,0.,1.),(-0.612242690681883,
-0.79066989806531,0.),(0.,0.,1.),(0.556196193274004,0.795507020937601,0.240446198195124),
(-1.,0.,0.),(0.648865518444822,0.760903107480402,0.),(0.,0.,1.),(0.,0.,
1.),(-0.612242690681883,-0.79066989806531,0.),(-0.649678037087489,-0.760209476477469,
0.),(-1.,0.,0.),(0.,0.,1.),(0.,0.,1.),(-0.541380467222258,-0.840777729076008,
0.),(0.,0.,1.),(-0.98814700020492,-0.153510605451279,0.),(0.555884893722734,
0.831259276598382,0.),(0.,0.,1.),(-0.563224473403691,-0.826303934735358,
0.),(0.,0.,1.),(-0.563224473403691,-0.826303934735358,0.),(-0.541380467222258,
-0.840777729076008,0.),(0.,0.,1.),(0.556669233831683,0.83063358266118,0.0129311817209388),
(-0.98814700020492,-0.153510605451279,0.),(0.,0.,1.),(0.,0.,1.),(-0.6432267003838,
-0.697287348675283,-0.316306442063331),(0.,0.,1.),(-0.625533211402233,-0.780197540006894,
0.),(0.,0.,1.),(0.653366884536525,0.757041421714186,0.),(-0.625953237191921,
-0.779819872887844,-0.00796935995813074),(0.,0.,1.),(0.,0.,1.),(0.671516239543922,
0.740989838006426,0.),(0.,1.,0.),(0.,1.,0.),(0.,0.,1.),(-0.702772735355624,
-0.711414423835203,0.),(-0.701059345448641,-0.712762115553251,-0.0220445183929562),
(0.,1.,0.),(0.,0.,1.),(0.,0.,1.),(0.606590935881042,0.795014110885437,0.),
(0.,0.,1.),(-0.560625224162064,-0.828069657718018,0.),(-0.559343928889473,
-0.828915877779177,-0.00573033856460788),(0.,0.,1.),(0.,0.,1.),(0.653366884536525,
0.757041421714186,0.),(0.671516239543922,0.740989838006426,0.),(0.,0.,1.),
(0.,1.,0.),(0.,0.,1.),(0.532166516411533,0.846639710154451,0.),(0.,0.,1.),
(-0.514043279448616,-0.85563966040495,-0.060334719654714),(0.606590935881042,
0.795014110885437,0.),(0.,0.,1.),(0.,0.,1.),(-0.480466122151469,-0.877013286937393,
0.),(0.,0.,1.),(-0.980718759155757,-0.195424449442725,0.),(0.485187504586977,
0.874410135687289,0.),(0.532166516411533,0.846639710154451,0.),(0.,0.,1.),
(0.,0.,1.),(-0.480708909483538,-0.876876774437916,-0.00246308637769396),
(0.,0.,1.),(-0.453254872915911,-0.891380962427391,0.),(0.484975035468222,
-0.874527995533932,0.),(-0.453254872915911,-0.891380962427391,0.),(0.,0.,
1.),(0.553613183094186,-0.832773546614406,0.000814594124066268),(0.,0.,
1.),(0.484975035468222,-0.874527995533932,0.),(0.120534439362069,-0.992709146189191,
0.),(0.120534439362069,-0.992709146189191,0.),(0.,0.,1.),(-0.354602059955111,
-0.935017314853362,0.),(0.,0.,1.),(-0.905302100598473,0.424768297607052,
0.),(0.962408871770321,0.271604792921219,0.),(0.,0.,1.),(-0.983501534446532,
-0.18089978369616,0.),(-0.980718759155757,-0.195424449442725,0.),(0.,0.,
1.),(0.485187504586977,0.874410135687289,0.),(0.,0.,1.),(1.,0.,0.),(0.,
0.,1.),(-0.678949804578625,0.734184692609869,0.),(0.,0.,1.),(-0.637423711155194,
0.770513473248288,0.),(-1.,0.,0.),(0.,0.,1.),(1.,0.,0.),(-0.718409041221905,
0.695620909325347,0.),(0.,0.,1.),(-1.,0.,0.),(1.,0.,0.),(0.,0.,1.),(-0.718409041221905,
0.695620909325347,0.),(0.,0.,1.),(0.,1.,0.),(1.,0.,0.),(0.,1.,0.),(1.,0.,
0.),(0.,0.,-1.),(-0.637423711155194,0.770513473248288,0.),(0.,0.,1.),(-1.,
0.,0.),(-0.678949804578625,0.734184692609869,0.),(0.,0.,1.),(0.,0.,1.),
(-0.977942342704799,0.208875020873848,0.),(0.,0.,1.),(-0.975614517396918,
0.219491032719741,0.),(0.,-1.,0.),(0.,-1.,0.),(0.,0.,1.),(0.976566129548936,
-0.215217551834907,0.),(-0.975614517396918,0.219491032719741,0.),(0.,0.,
1.),(0.,-1.,0.),(0.,0.,1.),(0.977643946915755,-0.210267242001661,0.),(0.,
0.,1.),(0.989359577639999,-0.145490982992081,0.),(0.,0.,1.),(-0.990920384154028,
0.134449961948801,0.),(-0.977942342704799,0.208875020873848,0.),(0.,0.,
1.),(0.,0.,1.),(0.,-1.,0.),(0.976566129548936,-0.215217551834907,0.),(0.977643946915755,
-0.210267242001661,0.),(0.,0.,1.),(0.,0.,1.),(0.989359577639999,-0.145490982992081,
0.),(0.,0.,1.),(0.999876658266359,0.0157056758561868,0.),(0.,0.,1.),(-0.999506294742633,
-0.0314192102041474,0.),(0.,0.,1.),(-0.999506294742633,-0.0314192102041474,
0.),(-0.990920384154028,0.134449961948801,0.),(0.,0.,1.),(0.,0.,1.),(0.993204208818744,
0.116384705115115,0.),(-0.82152238412373,-0.570176264311014,0.),(0.999876658266359,
0.0157056758561868,0.),(0.,0.,1.),(0.,0.,1.),(-0.815935027237969,-0.578143607874527,
0.),(-0.991167294962921,-0.132617470176015,0.),(0.,0.,1.),(0.44137121334846,
0.89732460794704,0.),(0.,0.,1.),(0.556235812248237,0.831024500945997,0.),
(0.,0.,1.),(-0.486097330222584,-0.873904677611052,0.),(0.556235812248237,
0.831024500945997,0.),(0.,0.,1.),(0.,0.,1.),(-0.449527573021296,-0.893266455820201,
0.),(0.,-1.,0.),(0.,-1.,0.),(0.,0.,1.),(0.,0.,1.),(0.375309095563185,0.926899715604414,
0.),(0.44137121334846,0.89732460794704,0.),(0.,0.,1.),(0.,0.,1.),(-0.57639143357257,
-0.81717373630346,0.),(-0.52160780051786,-0.774543930620418,-0.357780661827878),
(-0.521834779132343,-0.8530465774434,0.),(0.,0.,1.),(0.623353371848371,
0.781940262299664,0.),(0.940285945004489,0.340385577877521,0.),(0.,0.,1.),
(0.78680983922328,0.617195493260795,0.),(-0.57639143357257,-0.81717373630346,
0.),(0.623353371848371,0.781940262299664,0.),(0.,0.,1.),(0.940285945004489,
0.340385577877521,0.),(-0.449527573021296,-0.893266455820201,0.),(0.,0.,
1.),(0.,-1.,0.),(-0.484740860609642,-0.874657817695254,0.),(-0.52160780051786,
-0.774543930620418,-0.357780661827878),(0.,0.,1.),(0.,0.,1.),(0.,-1.,0.),
(0.,0.,1.),(0.,-1.,0.),(0.354035648704199,0.935231928158249,0.),(0.375309095563185,
0.926899715604414,0.),(0.,0.,1.),(0.,0.,1.),(0.766724398881031,0.641976398445084,
0.),(0.,0.,1.),(0.984605588427505,-0.17479083281833,0.),(-0.998065108420101,
-0.0621774826956812,0.),(0.78680983922328,0.617195493260795,0.),(0.,0.,
1.),(-0.52160780051786,-0.774543930620418,-0.357780661827878),(-0.57639143357257,
-0.81717373630346,0.),(0.,0.,1.),(-0.999943849628018,-0.0105970557750826,
0.),(0.,0.,1.),(0.697623813043397,0.716464245775594,0.),(0.766724398881031,
0.641976398445084,0.),(0.,0.,1.),(0.,0.,1.),(-0.999943849628018,-0.0105970557750826,
0.),(0.,0.,1.),(0.98188709771685,-0.189466955792248,0.),(0.,0.,1.),(-0.992084068685204,
0.125575477944589,0.),(0.,0.,1.),(-0.905159543259234,-0.425071995368709,
0.),(-0.997304148464806,0.0733787125458593,0.),(0.98188709771685,-0.189466955792248,
0.),(0.,0.,1.),(-0.998065108420101,-0.0621774826956812,0.),(0.984605588427505,
-0.17479083281833,0.),(0.,0.,1.),(0.,0.,1.),(-0.999158670314625,0.0410116024450588,
0.),(0.,-1.,0.),(0.,-1.,0.),(0.,0.,1.),(0.,0.,1.),(0.576833610567673,0.816861668655998,
0.),(0.697623813043397,0.716464245775594,0.),(0.,0.,1.),(0.,-1.,0.),(-0.999158670314625,
0.0410116024450588,0.),(0.,0.,1.),(0.,0.,1.),(0.,-1.,0.),(0.,0.,1.),(0.,
-1.,0.),(0.503259138752084,0.864135544496643,0.),(0.,0.,1.),(-0.97902422184049,
0.203743890827733,0.),(0.,0.,1.),(-0.97902422184049,0.203743890827733,0.),
(-0.992084068685204,0.125575477944589,0.),(0.,0.,1.),(0.,0.,1.),(0.,-1.,
0.),(0.978949863399128,-0.204100869549418,0.),(0.,0.,1.),(-0.971961227955788,
0.235141173235734,0.),(0.,0.,1.),(-0.971961227955788,0.235141173235734,
0.),(0.,0.,1.),(0.,-1.,0.),(0.503259138752084,0.864135544496643,0.),(0.576833610567673,
0.816861668655998,0.),(0.,0.,1.),(0.,0.,1.),(-0.970683593751355,0.240360897031846,
0.),(0.,-1.,0.),(0.,-1.,0.),(0.,0.,1.),(0.978949863399128,-0.204100869549418,
0.),(-0.970683593751355,0.240360897031846,0.),(0.,0.,1.),(0.,-1.,0.),(0.,
0.,1.),(-0.866384113314676,-0.499378181537743,0.),(0.,0.,1.),(0.963314712299813,
0.268374300309713,0.),(0.,0.,1.),(0.963314712299813,0.268374300309713,0.),
(-0.866384113314676,-0.499378181537743,0.),(0.,0.,1.),(0.,0.,1.),(-0.905159543259234,
-0.425071995368709,0.),(-0.997304148464806,0.0733787125458593,0.),(0.,0.,
1.),(0.720045832562373,0.6939265083635,0.),(0.,0.,1.),(0.759410227338775,
0.650612101496176,0.),(0.,1.,0.),(0.,0.,1.),(-0.781353244231083,-0.624089022279323,
0.),(0.716882508570486,0.696584415747412,0.0291482528382522),(0.,0.,1.),
(0.,0.,1.),(-0.738754087161137,-0.673975072760644,0.),(0.,0.,1.),(-0.657078198805641,
-0.708451255040034,-0.257575347979063),(0.,0.,1.),(0.65532815144089,0.744502918434625,
0.127516345506735),(0.,0.,1.),(0.98083722257998,0.194829009137732,0.),(-0.80252686308736,
-0.596615985390235,0.),(0.,1.,0.),(0.759410227338775,0.650612101496176,
0.),(0.,0.,1.),(0.,0.,1.),(-0.781353244231083,-0.624089022279323,0.),(-0.73640761940696,
-0.676313172264627,-0.0174445149181786),(0.,0.,1.),(-0.80252686308736,-0.596615985390235,
0.),(0.98083722257998,0.194829009137732,0.),(0.,0.,1.),(0.,0.,1.),(-0.794753686871227,
-0.606932102631416,0.),(0.,0.,1.),(-1.,0.,0.),(-0.772557106996401,-0.63494528616988,
0.),(-1.,0.,0.),(-0.772557106996401,-0.63494528616988,0.),(0.,0.,1.),(0.,
0.,1.),(-0.794753686871227,-0.606932102631416,0.),(-0.991167294962921,-0.132617470176015,
0.),(-0.815935027237969,-0.578143607874527,0.),(0.,0.,1.),(-0.82152238412373,
-0.570176264311014,0.),(0.993204208818744,0.116384705115115,0.),(0.,0.,
1.),(0.,0.,1.),(0.570841657516775,0.714770563276876,0.404033221302851),
(0.,0.,1.),(-0.611254083930874,-0.791434422348326,0.),(-0.611634181992109,
-0.791111372729453,-0.00681346879082197),(0.,0.,1.),(0.,0.,1.),(0.547824636046402,
0.836593191545704,0.),(0.481280587534269,0.628294967773926,0.611240075201741),
(0.,0.,1.),(-0.492248743753221,-0.870454579098402,0.),(0.,0.,1.),(0.490760280304399,
0.871294638612879,0.),(0.,0.,1.),(0.363283463914868,0.931678659649353,0.),
(0.,0.,1.),(-0.36623700834966,-0.930521603035142,0.),(-0.36623700834966,
-0.930521603035142,0.),(0.,0.,1.),(0.,0.,1.),(-0.492248743753221,-0.870454579098402,
0.),(0.488964138009464,0.872303887266738,0.),(0.,0.,1.),(0.479252128326992,
0.626199627705375,0.61497270163455),(0.,0.,1.),(-0.299388472220178,-0.954131302652663,
0.),(0.,0.,1.),(-0.988449085268209,-0.151553310199551,0.),(0.293051547704449,
0.956096642807633,0.),(0.363283463914868,0.931678659649353,0.),(0.,0.,1.),
(0.,0.,1.),(-0.299388472220178,-0.954131302652663,0.),(0.,0.,1.),(-0.354603861976361,
0.935016631441094,0.),(0.0606946624908129,0.998156379504297,0.),(0.,0.,
1.),(-0.988982011036083,-0.14803574516658,0.),(0.,0.,1.),(0.0606946624908129,
0.998156379504297,0.),(-0.989502418988023,-0.144516306404675,0.),(0.,0.,
1.),(0.0837571597254095,-0.996486195686991,0.),(0.,0.,1.),(-0.747900405909266,
0.663810954143388,0.),(-0.354603861976361,0.935016631441094,0.),(0.140613933690641,
0.990064304033916,0.000628911664805925),(0.,0.,1.),(-0.989502418988023,
-0.144516306404675,0.),(-0.354603861976361,0.935016631441094,0.),(-0.748416405927384,
0.663229103671233,0.000198449465665397),(0.,0.,-1.),(0.,0.,-1.),(-0.354603861976361,
0.935016631441094,0.),(0.113280955188289,0.993510654475493,0.010198266289244),
(-0.988449085268209,-0.151553310199551,0.),(0.,0.,1.),(0.293051547704449,
0.956096642807633,0.),(-0.988982011036083,-0.14803574516658,0.),(0.,0.,
1.),(0.,0.,1.),(-0.370206989840117,-0.928949290690035,0.),(-0.99981253449787,
-0.0193622276855105,0.),(0.,0.,1.),(-0.33109871680123,-0.943596121088137,
0.),(0.,0.,1.),(-0.865796278178312,0.500396647363453,0.),(0.,0.,1.),(-0.84035597917629,
0.542034895797917,0.),(0.999999149544896,-0.00130418920607009,0.),(0.,0.,
1.),(0.829228749946148,-0.558909366769559,0.),(-0.84035597917629,0.542034895797917,
0.),(0.,0.,1.),(0.999999149544896,-0.00130418920607009,0.),(0.,0.,1.),(0.844941309763676,
-0.534859031011765,0.),(-0.999724948943733,0.0234526429096992,0.),(0.,0.,
1.),(-0.9066145888598,0.421959698628407,0.),(0.,0.,1.),(-0.9066145888598,
0.421959698628407,0.),(-0.865796278178312,0.500396647363453,0.),(0.,0.,
1.),(0.,0.,1.),(0.996160604607779,0.0875445590968588,0.),(0.812831824999298,
-0.582498432846227,0.),(0.,0.,1.),(0.998384200921298,0.0568241792790892,
0.),(0.,0.,1.),(0.998384200921298,0.0568241792790892,0.),(0.829228749946148,
-0.558909366769559,0.),(0.,0.,1.),(0.,0.,1.),(0.844941309763676,-0.534859031011765,
0.),(-0.999724948943733,0.0234526429096992,0.),(0.,0.,1.),(0.994865128637126,
0.101209563885208,0.),(0.,0.,1.),(-0.997502779772451,-0.0706272210003513,
0.),(0.,0.,1.),(-0.992566166806488,-0.121706222154314,0.),(0.,-1.,0.),(0.,
0.,1.),(0.166925706912642,-0.985969476389464,0.),(0.993382209516883,0.114855499717497,
0.),(0.230650975428384,-0.973034065477083,-0.00219885312715983),(0.,0.,
1.),(0.993382209516883,0.114855499717497,0.),(0.,-1.,0.),(-0.992566166806488,
-0.121706222154314,0.),(0.,0.,1.),(0.0932513153714115,-0.995627161626723,
-0.00554501691763917),(0.,0.,-1.),(0.996160604607779,0.0875445590968588,
0.),(0.,0.,1.),(0.812831824999298,-0.582498432846227,0.),(0.,0.,1.),(-0.950394825983011,
0.311046097459401,0.),(0.,0.,1.),(-0.916205238887688,0.400709321372432,
0.),(0.,0.,1.),(-0.994828904570753,0.101565006919484,0.),(0.,0.,1.),(1.,
0.,0.),(0.,0.,1.),(0.999228905780504,-0.0392631360527431,0.),(0.,0.,1.),
(-0.999934787280729,0.0114202095359101,0.),(0.,0.,1.),(-0.999934787280729,
0.0114202095359101,0.),(-0.950394825983011,0.311046097459401,0.),(0.,0.,
1.),(0.,0.,1.),(-0.916205238887688,0.400709321372432,0.),(-0.997502779772451,
-0.0706272210003513,0.),(0.,0.,1.),(0.,0.,1.),(-0.370206989840117,-0.928949290690035,
0.),(-0.99981253449787,-0.0193622276855105,0.),(-0.33109871680123,-0.943596121088137,
0.),(0.,0.,1.),(0.,0.,1.),(0.993393200865173,0.11476039593364,0.),(-0.747900405909266,
0.663810954143388,0.),(-0.799122051220146,0.601168817466338,1.26424504361925E-5),
(0.993393200865173,0.11476039593364,0.),(0.,0.,1.),(0.,0.,1.),(-0.999998176721778,
0.00190959501424563,0.),(0.,0.,1.),(0.886063911774507,-0.463563096299585,
0.),(-0.999990762973349,0.00429813540726182,0.),(0.,0.,1.),(1.,0.,0.),(-0.994828904570753,
0.101565006919484,0.),(0.,0.,1.),(0.,0.,1.),(0.994865128637126,0.101209563885208,
0.),(0.,0.,1.),(-0.999999811577035,-0.000613877752423759,0.),(0.996916812294608,
-0.0784657209509871,0.),(0.989628985787863,-0.143578762625914,-0.00442825149438198),
(-0.999999811577035,-0.000613877752423759,0.),(0.,0.,1.),(0.,0.,1.),(-0.344581365874569,
0.938756455259838,0.),(0.,0.,1.),(1.,0.,0.),(0.,0.,1.),(0.999286223849089,
0.0377762203698044,0.),(0.,0.,1.),(-0.355672876297404,0.93457336727124,
-0.0083322418128217),(0.,0.,1.),(-0.998787345878262,0.0492324863627297,
0.),(-0.339312854706123,0.940673581340085,0.),(-0.345941946696102,0.938253529879155,
-0.0021173533990726),(0.,0.,1.),(0.996012682600989,0.0882194374023504,-0.0132690226616133),
(0.,0.,-1.),(0.,0.,1.),(0.323480235062808,-0.946234927237264,0.),(-0.999999995896502,
-9.05924744318017E-5,0.),(0.,0.,1.),(1.,0.,0.),(0.,0.,1.),(-0.999350187822686,
0.0360444461569646,0.),(0.,0.,1.),(0.997145914349144,0.0754985132092657,
0.),(-0.999738901795637,0.0228501255238092,0.),(0.990048840199732,0.140656543513162,
-0.00436242892147749),(0.,0.,1.),(-0.999738901795637,0.0228501255238092,
0.),(-0.998787345878262,0.0492324863627297,0.),(0.,0.,1.),(-0.339312854706123,
0.940673581340085,0.),(-0.999350187822686,0.0360444461569646,0.),(0.,0.,
1.),(0.,0.,1.),(0.00442811469987249,-0.999990195852042,0.),(0.,0.,1.),(0.0113961278639595,
-0.999935062026384,0.),(-0.605440807798851,-0.795890336825291,0.),(0.,0.,
1.),(0.642209285577386,0.766529342894442,0.),(-0.00254011347684646,-0.999996773906559,
0.),(0.,0.,1.),(1.,0.,0.),(0.,0.,1.),(0.,0.,1.),(0.141487938476853,0.989939979627841,
0.),(0.534291446641014,0.845300331270639,0.),(0.,0.,1.),(-0.608295126088498,
-0.78396814344756,0.123979795274727),(0.,0.,1.),(-0.381159527787468,0.924509283012796,
0.),(0.,0.,1.),(0.,0.,1.),(-0.596368682520655,-0.801709738242331,0.0400735588136507),
(0.,0.,1.),(-0.661234033528421,0.750179680412457,0.),(-0.0974079872865998,
0.995244534781666,0.),(-0.0974079872865998,0.995244534781666,0.),(0.,0.,
1.),(0.677920098662169,-0.735135592819362,0.),(0.,0.,1.),(0.0299762666123512,
0.999550610744641,0.),(0.,0.,1.),(0.534291446641014,0.845300331270639,0.),
(0.963322583988707,0.268346043714681,0.),(0.00442811469987249,-0.999990195852042,
0.),(0.,0.,1.),(-0.00254011347684646,-0.999996773906559,0.),(0.642209285577386,
0.766529342894442,0.),(0.,0.,1.),(0.,0.,1.),(1.,0.,0.),(0.,0.,1.),(-0.631532496951145,
-0.775349408521508,0.),(-0.631532496951145,-0.775349408521508,0.),(0.,0.,
1.),(-0.605440807798851,-0.795890336825291,0.),(0.0113961278639595,-0.999935062026384,
0.),(0.,0.,1.),(0.,0.,1.),(0.655100380163876,0.755541853181639,0.),(1.,
0.,0.),(0.,0.,1.),(-0.777688509081568,0.62864980938714,0.),(0.,0.,1.),(-0.306750657911405,
0.95178991057424,0.),(0.141487938476853,0.989939979627841,0.),(0.,0.,1.),
(1.,0.,0.),(-0.777688509081568,0.62864980938714,0.),(0.,0.,1.),(-0.682162210486276,
0.731200874305055,0.),(0.,0.,1.),(-0.444946034180939,0.895557383234963,
0.),(0.,0.,1.),(-0.580925466216424,-0.687221225316121,0.436179538924328),
(0.,0.,1.),(-0.656927791443496,-0.753953497789599,0.),(-0.999998258985903,
0.00186601853222255,0.),(0.,0.,1.),(1.,0.,0.),(0.,0.,1.),(-0.999999706024731,
-0.00076677927181261,0.),(-0.999999706024731,-0.00076677927181261,0.),(0.,
0.,1.),(-0.999998258985903,0.00186601853222255,0.),(-0.656927791443496,
-0.753953497789599,0.),(0.,0.,1.),(0.,0.,1.),(-0.999994221439226,-0.00339957176082035,
0.),(0.751078724135991,0.660212655248482,0.),(0.,0.,1.),(1.,0.,0.),(0.,
0.,1.),(-0.175343156651727,0.984507378040108,0.),(0.201005828063897,0.979590045419178,
0.),(0.258996889038233,0.965878155601687,0.),(0.,0.,1.),(0.,0.,1.),(0.,
0.,1.),(0.402293149412992,-0.915510907600437,0.),(-0.594024056495125,-0.804447276274261,
0.),(0.,0.,1.),(0.291645846261188,-0.956526372014173,0.),(-0.159110935815777,
-0.987260710300895,0.),(0.,0.,1.),(-0.303741203108846,-0.952754575708766,
0.),(0.,0.,1.),(0.631788998177999,0.775140414235537,0.),(0.408559971056368,
-0.912731477517029,0.),(0.,0.,1.),(0.405428942049802,-0.91412656287211,
0.),(0.,0.,1.),(0.21800628001275,-0.975947366344621,0.),(-0.567143471115821,
-0.823619015789885,0.),(0.,0.,1.),(0.233108391927196,-0.972450758451613,
0.),(0.,0.,1.),(0.56624074107315,0.824239906306974,0.),(0.248154487883165,
-0.96872047059172,0.),(0.,0.,1.),(0.101965172811102,-0.994787969133927,
0.),(-0.443814160535984,-0.896118848651082,0.),(0.,0.,1.),(-0.108278478143546,
-0.994120601924594,0.),(-0.531681226259023,-0.846944551693735,0.),(0.,0.,
1.),(0.545290132794164,0.838247380596756,0.),(0.0109449297987411,-0.999940102461993,
0.),(0.,0.,1.),(0.0565137942214009,-0.9984018184392,0.),(0.,0.,1.),(0.0255874698781469,
-0.999672587093012,0.),(0.,0.,1.),(0.524647508477065,0.851319559183746,
0.),(0.158994099362588,-0.987279533044152,0.),(0.,0.,1.),(-0.162132783498176,
0.986768949914383,0.),(0.,0.,1.),(-0.162132783498176,0.986768949914383,
0.),(-0.175343156651727,0.984507378040108,0.),(0.,0.,1.),(0.201005828063897,
0.979590045419178,0.),(0.497993764613514,0.867180610026574,0.),(0.,0.,1.),
(0.,0.,1.),(0.354499299287111,0.935056280020057,0.),(0.799154327344945,
0.601125911174895,0.),(0.,0.,1.),(-0.249604122436843,-0.967947939740865,
-0.0278310620341544),(0.70515373326418,0.709054449576046,0.),(0.,0.,1.),
(0.,0.,1.),(-0.210762706474042,-0.95392897529743,-0.213538267408286),(0.,
0.,1.),(-0.205191143803858,-0.967960533005823,-0.144737697396176),(0.,0.,
1.),(0.191496786645076,0.981493240274537,0.),(0.,0.,1.),(0.,0.,1.),(-0.11598953065992,
-0.993250436082105,0.),(-0.148893286648978,0.988853269798338,0.),(0.,0.,
1.),(0.575402623514372,0.817870295861623,0.),(0.551276652266835,-0.834322511182259,
0.),(0.,0.,1.),(0.587101948367058,0.808636597351789,-0.0376584073869997),
(0.,0.,1.),(-0.635260874700152,-0.752738508323606,0.17270888559061),(0.,
0.,1.),(-0.100200519483655,-0.994967263730423,0.),(0.,0.,1.),(-0.102707200426256,
-0.994711632072633,0.),(0.,0.,1.),(0.,0.,1.),(-0.00279654387683305,0.999996089663527,
0.),(0.,0.,1.),(0.,0.,1.),(0.533295725767109,-0.845928879326467,0.),(0.,
0.,1.),(-0.231490843919725,0.972837082548426,0.),(0.,0.,1.),(-0.144817668622204,
0.989458358322789,0.),(-0.100200519483655,-0.994967263730423,0.),(0.,0.,
1.),(-0.148893286648978,0.988853269798338,0.),(-0.11598953065992,-0.993250436082105,
0.),(0.,0.,1.),(0.,0.,1.),(-0.148314585237539,-0.988940232676281,0.),(-0.102707200426256,
-0.994711632072633,0.),(0.,0.,1.),(0.,0.,1.),(0.0961127619803609,0.995370452135539,
0.),(-0.150786033883863,-0.988489120731369,-0.0123624504568997),(0.,0.,
1.),(0.,0.,1.),(0.134084708925932,-0.990969873826772,0.),(-0.999979061696461,
-0.0064711798511943,0.),(0.0346832497557072,-0.999398355104902,0.),(0.,
0.,1.),(0.,0.,1.),(-0.231452296647526,0.972846254233723,0.),(0.,0.,1.),
(-0.23311154745802,0.972450002026699,0.),(0.232074024875683,0.972698127364292,
0.),(0.,0.,1.),(-0.999496097027036,0.0317419600485087,0.),(-0.229792372280977,
0.973239675332588,0.),(0.,0.,1.),(0.,0.,1.),(0.992310664517112,0.123772149878748,
0.),(-0.63212027785857,-0.774870282253749,0.),(0.,0.,1.),(-0.662808449260306,
-0.748788995371292,0.),(0.,0.,1.),(-0.692421547087652,-0.72149317469311,
0.),(-0.995907976997709,-0.0903731229532953,0.),(0.,0.,1.),(1.,0.,0.),(-0.231452296647526,
0.972846254233723,0.),(0.,0.,1.),(0.,0.,1.),(0.316732057983718,0.948515051775879,
0.),(0.,0.,1.),(0.316732057983718,0.948515051775879,0.),(0.232074024875683,
0.972698127364292,0.),(-0.23311154745802,0.972450002026699,0.),(0.,0.,1.),
(0.,0.,1.),(-0.999496097027036,0.0317419600485087,0.),(-0.229792372280977,
0.973239675332588,0.),(-0.999920141112947,0.0126376974430955,0.),(0.,0.,
1.),(0.,0.,1.),(0.,0.,1.),(-0.518527269625963,-0.855061091767275,0.),(-0.947446925481132,
-0.319912993478461,0.),(0.,0.,1.),(-0.553412957620368,-0.83290701662183,
0.),(0.,0.,1.),(0.963718215145407,0.266921714734771,0.),(-0.537565002959691,
-0.84322231208202,0.),(0.,0.,1.),(0.963551397770642,0.267523277219464,0.),
(-0.504604575678833,-0.863350578967771,0.),(0.,0.,1.),(-0.569853905795352,
-0.821746022837824,0.),(0.,0.,1.),(-0.601285859907861,-0.799033988435326,
0.),(-0.973270260699569,-0.229662795502,0.),(0.,0.,1.),(-0.600390058101051,
-0.79970730779043,0.),(-0.988580682642146,-0.150692514435151,0.),(0.,0.,
1.),(-0.0650633663428383,-0.99788113438432,0.),(0.39893484634813,0.916979273685722,
0.),(0.,0.,1.),(0.,0.,1.),(-0.518527269625963,-0.855061091767275,0.),(-0.947446925481132,
-0.319912993478461,0.),(-0.520057219727231,-0.85413142326552,0.),(0.,0.,
1.),(0.,0.,1.),(-0.957732909944817,-0.287658952943645,0.),(0.,0.,1.),(-0.957732909944817,
-0.287658952943645,0.),(0.,0.,1.),(-0.703943676112455,-0.710255799597077,
0.),(0.290558812030971,0.956857134974261,0.),(-0.733278204042367,-0.679928728232894,
0.),(0.,0.,1.),(0.,0.,1.),(-0.703821833783596,-0.710366403814089,0.0037945515855665),
(0.,0.,1.),(0.717992423913852,0.670432649717271,-0.1871014200785),(0.,0.,
1.),(0.655493434306733,0.632835779453039,-0.412125264725216),(0.70367394437294,
0.710523032709446,0.),(0.,0.,1.),(-0.077642665431462,-0.996981251832099,
0.),(-0.430026826087594,-0.902816110204636,0.),(0.,0.,1.),(0.61431158768346,
0.789063541951994,0.),(0.,0.,1.),(0.689923316143146,0.723191528413128,-0.0316201055268378),
(0.,0.,1.),(-0.541041842252575,-0.840995674740328,0.),(0.00753770811895099,
0.999971591074623,0.),(0.,0.,1.),(-0.0355569028220125,-0.999367653399741,
0.),(0.,0.,1.),(-0.478672042375502,-0.877993778934717,0.),(-0.478672042375502,
-0.877993778934717,0.),(0.,0.,1.),(0.,0.,1.),(-0.0355569028220125,-0.999367653399741,
0.),(-0.430026826087594,-0.902816110204636,0.),(-0.077642665431462,-0.996981251832099,
0.),(0.,0.,1.),(0.,0.,1.),(0.606243943862683,0.795209038496,-0.0105292746230619),
(0.,0.,1.),(-0.490821648839489,-0.871260069686707,0.),(0.,0.,1.),(-1.,0.,
0.),(0.,0.,1.),(-0.684634502900659,-0.728886546341725,0.),(0.318792503074986,
0.94782453016536,0.),(0.,0.,1.),(0.66641551414453,0.745580554003041,0.),
(0.665270697173635,0.746561298603327,-0.00781837002319258),(0.,0.,1.),(0.,
0.,1.),(-0.490821648839489,-0.871260069686707,0.),(0.,0.,1.),(-1.,0.,0.),
(-0.438914009896838,-0.898529071269415,0.),(-1.,0.,0.),(-0.438914009896838,
-0.898529071269415,0.),(0.,0.,1.),(0.,0.,1.),(-1.,0.,0.),(-0.0147896807868292,
-0.999890626689851,0.),(0.,0.,1.),(-0.00409905411721766,-0.999991598842382,
0.),(0.,0.,1.),(0.0088079899612261,0.999961208904047,0.),(0.0088079899612261,
0.999961208904047,0.),(0.,0.,1.),(0.,0.,1.),(-0.541041842252575,-0.840995674740328,
0.),(0.00753770811895099,0.999971591074623,0.),(0.,0.,1.),(0.370204683980746,
0.928950209623054,0.),(0.,0.,1.),(0.,-1.,0.),(-1.,0.,0.),(0.400785338117869,
0.916171988629725,0.),(0.,0.,1.),(-0.0147896807868292,-0.999890626689851,
0.),(-1.,0.,0.),(0.,0.,1.),(0.,0.,1.),(0.0100782575898386,0.99994921307232,
0.),(-1.,0.,0.),(0.0100782575898386,0.99994921307232,0.),(-1.,0.,0.),(0.,
0.,1.),(0.,0.,1.),(-0.00409905411721766,-0.999991598842382,0.),(-0.52588961680919,
-0.850552826655866,0.),(0.,0.,1.),(-0.0773208250874795,0.997006263775605,
0.),(-0.0682935547219058,0.997665269708957,0.),(0.,0.,1.),(0.,0.,1.),(-0.381159527787468,
0.924509283012796,0.),(-0.515548135761087,0.856860618603322,0.),(0.,0.,
1.),(0.,0.,1.),(-0.107322759741208,0.994224232877841,0.),(0.,0.,1.),(-0.107322759741208,
0.994224232877841,0.),(0.,0.,1.),(0.0881281575815666,-0.996109144542544,
0.),(-0.585860203750827,-0.810412130746473,0.),(0.,0.,1.),(0.0439051005815967,
0.999035706140136,0.),(0.591071232431329,-0.806619363883678,0.),(0.,0.,
1.),(-0.535904024551009,0.844278909170442,0.),(0.,0.,1.),(0.124150007059908,
-0.992263460854538,0.),(-0.592658926329476,-0.803654009018759,0.0538110660558744),
(0.0881281575815666,-0.996109144542544,0.),(0.,0.,1.),(0.,0.,1.),(-0.551427050473153,
-0.639628055515679,0.535540996193298),(-0.693064468551222,-0.720875608154286,
0.),(0.,0.,1.),(0.693899777918543,0.720071592416058,0.),(0.655100380163876,
0.755541853181639,0.),(0.,0.,1.),(0.,0.,1.),(-0.731239613441848,-0.682120684141316,
0.),(-0.732266591249828,-0.681018090317252,0.),(-0.550752689203488,-0.638600831117351,
0.537457397224519),(0.,0.,1.),(0.,0.,1.),(0.735301271738672,0.677740392613198,
0.),(0.693899777918543,0.720071592416058,0.),(0.,0.,1.),(0.,0.,1.),(-0.920472538223949,
-0.388215675766518,-0.0449321206344212),(-0.945780167169316,-0.324344866398493,
-0.0173286765254342),(0.,0.,1.),(0.,0.,1.),(0.948136003517955,0.317864938036583,
0.),(0.,0.,1.),(-0.948121543016583,-0.317908067950238,0.),(0.948136003517955,
0.317864938036583,0.),(0.,0.,1.),(0.,0.,1.),(-0.993443280104747,-0.114326065333854,
0.),(0.915835163237113,0.401554421938609,0.),(0.721644338826073,-0.692264001837651,
0.),(0.,0.,1.),(0.,0.,1.),(-0.192003586169154,0.981394223998789,0.),(-0.0920385990088349,
0.995755440001455,0.),(0.,0.,1.),(0.738749321294655,-0.673980296660582,
0.),(0.,0.,1.),(0.309669113468594,-0.950844382726794,0.),(0.20852567024752,
-0.978016893948046,0.),(0.,0.,1.),(0.,0.,1.),(-0.290009178562846,0.957023864018263,
-6.98975097820307E-6),(-0.192003532161627,0.981394234564973,0.),(0.,0.,
1.),(0.,0.,1.),(0.309670235101769,-0.950844017278404,-1.7259228803253E-5),
(0.,0.,1.),(-0.29001419656379,0.957022341485372,6.07397344764102E-5),(0.,
0.,1.),(0.,0.,1.),(0.309669810805917,-0.950844155612164,-3.69040144111178E-6),
(0.,0.,1.),(-0.290007639774939,0.957024329294817,-4.48327530802314E-5),
(0.,0.,1.),(0.309669500010963,-0.95084425678639,-9.96480605211288E-6),(0.309672812908648,
-0.950843177889677,-2.42998633692767E-6),(0.,0.,1.),(-0.963993291439944,
0.26592576517328,-0.000649211667131464),(0.,0.,1.),(-0.911945849262407,
0.410310575068528,0.),(0.,0.,1.),(0.96612456780312,-0.258076189307025,0.),
(0.,0.,1.),(0.0600985498097579,0.998192448534231,0.),(0.,0.,1.),(-0.91537549583,
0.402601169439412,0.),(0.,0.,1.),(0.,1.,0.),(-0.909554275219912,0.41558515424541,
0.),(0.,1.,0.),(-0.909554275219912,0.41558515424541,0.),(0.,0.,1.),(0.,
0.,1.),(-0.91537549583,0.402601169439412,0.),(-0.911945849262407,0.410310575068528,
0.),(0.,0.,1.),(0.,0.,1.),(0.965020488431359,-0.262174477986897,0.),(0.119979837175917,
0.992776328621528,0.),(0.965020488431359,-0.262174477986897,0.),(0.,0.,
1.),(0.184358524699944,0.982849325548728,-0.00437465871475158),(0.,0.,1.),
(-0.928844759080342,0.370469180268725,0.),(0.,0.,1.),(-0.364461614658609,
0.931218412318206,0.),(0.96721124247812,-0.253973251394573,0.),(-0.364461614658609,
0.931218412318206,0.),(0.96721124247812,-0.253973251394573,0.),(0.,0.,1.),
(0.,0.,1.),(0.96612456780312,-0.258076189307025,0.),(0.0885009914076055,
0.996005013002523,-0.0118991005422754),(0.,0.,-1.),(0.,0.,1.),(-0.509125044529859,
0.860692563597751,0.),(0.,0.,1.),(1.,0.,0.),(0.885455129505622,-0.46472487950634,
0.),(0.,0.,1.),(0.885455129505634,0.464724879506318,0.),(1.,0.,0.),(0.,
0.,1.),(-0.964923961743202,0.262491756958554,-0.00445259279693534),(-0.509125044529859,
0.860692563597751,0.),(0.,0.,1.),(0.,0.,1.),(-0.940289020594901,0.340377081703045,
0.),(-0.590537972800227,0.807009852902056,0.),(0.,0.,1.),(0.885455129505622,
-0.46472487950634,0.),(0.56807071908113,-0.822979743446124,0.),(-0.940289020594901,
0.340377081703045,0.),(0.,0.,1.),(-0.590537972800227,0.807009852902056,
0.),(-0.928844759080342,0.370469180268725,0.),(0.,0.,1.),(0.,0.,1.),(0.56807071908113,
-0.822979743446124,0.),(0.120539178960817,-0.992708570697086,0.),(0.885455129505622,
-0.46472487950634,0.),(1.,0.,0.),(0.,0.,-1.),(0.56807071908113,-0.822979743446124,
0.),(0.885455129505622,-0.46472487950634,0.),(0.,0.,-1.),(0.,0.,1.),(-0.470090799652194,
-0.882618060138337,0.),(0.,0.,1.),(-0.343389235580931,0.939193181878544,
0.),(0.,0.,1.),(0.120539178960817,-0.992708570697086,0.),(-0.354603861976435,
-0.935016631441066,0.),(0.,0.,1.),(0.317720173771344,-0.94818452380257,
0.),(0.,0.,1.),(0.285863682693452,-0.958270293245563,0.),(0.83554530687574,
0.549421550503733,0.),(0.83554530687574,0.549421550503733,0.),(0.,0.,1.),
(-0.32214253766731,0.946691177430774,0.),(0.285863682693452,-0.958270293245563,
0.),(0.,0.,1.),(0.86148918624164,0.507740350015215,-0.00600990475334232),
(0.,0.,1.),(-0.5780173407787,-0.816024481102816,0.),(0.349221911603106,
-0.937040050614846,0.),(0.317720173771344,-0.94818452380257,0.),(0.,0.,
1.),(0.,0.,1.),(0.806144358694097,0.591681658555718,-0.00663987006179589),
(-0.32214253766731,0.946691177430774,0.),(-0.343389235580931,0.939193181878544,
0.),(0.,0.,1.),(0.,0.,1.),(-0.641662067641428,-0.76698746145357,0.000157870629830801),
(0.349221911603106,-0.937040050614846,0.),(-0.354603861976435,-0.935016631441066,
0.),(0.120539178960817,-0.992708570697086,0.),(0.,0.,-1.),(0.,0.,-1.),(-0.567295242186952,
-0.823513117647886,0.00150108424385663),(1.,0.,0.),(0.885455129505634,0.464724879506318,
0.),(0.,0.,-1.),(0.,0.,1.),(0.568070719081225,0.822979743446059,0.),(0.885455129505634,
0.464724879506318,0.),(0.568070719081225,0.822979743446059,0.),(0.885455129505634,
0.464724879506318,0.),(0.,0.,-1.),(0.120539178960817,-0.992708570697086,
0.),(0.56807071908113,-0.822979743446124,0.),(0.,0.,-1.),(0.,0.,1.),(0.897935608912478,
-0.440126847905212,0.),(0.37102445543744,-0.928623095484573,0.),(0.,0.,
1.),(-0.188672986936606,0.982039970673505,0.),(0.,0.,1.),(-0.0171301754572829,
0.999853267779229,0.),(-0.378753091116772,0.925497755788468,0.),(0.,0.,
1.),(0.347363981201466,-0.937730379460891,0.),(0.,0.,1.),(-0.379774644972072,
0.925079033940526,0.),(0.347363981201466,-0.937730379460891,0.),(0.,0.,
1.),(0.,0.,1.),(0.45820705344831,0.888845484980499,0.),(0.,0.,1.),(-0.380795735919955,
0.924659184513505,0.),(0.956391162440292,-0.292088932358122,0.),(0.,0.,
1.),(-0.964559080900569,0.263866973022867,0.),(0.,0.,1.),(0.890476599056894,
-0.455029039218451,0.),(0.897935608912478,-0.440126847905212,0.),(0.,0.,
1.),(0.37102445543744,-0.928623095484573,0.),(0.0587969609639578,0.998268854193506,
0.001487322623642),(0.,0.,1.),(-0.378753091116772,0.925497755788468,0.),
(0.,0.,1.),(-0.664114530544817,0.747630851636847,0.),(-0.354603861976361,
0.935016631441094,0.),(-0.354603861976361,0.935016631441094,0.),(-0.741875020724638,
0.670386297804362,0.0142711366393728),(0.,0.,-1.),(0.,0.,-1.),(-0.125332364531482,
0.992088022274626,0.00729071053938478),(-0.379774644972072,0.925079033940526,
0.),(0.,0.,1.),(0.,0.,1.),(-0.358786319375356,0.933419721791373,0.),(-0.664114530544817,
0.747630851636847,0.),(-0.358577614523137,0.933499082333965,-0.00124805630544746),
(0.,0.,1.),(-0.721996947706739,0.691895723480291,0.000845772922854014),
(0.323480235062808,-0.946234927237264,0.),(0.,0.,1.),(-0.999999995896502,
-9.05924744318017E-5,0.),(0.,0.,1.),(-0.99991323525214,-0.0131727737245627,
0.),(-0.99991323525214,-0.0131727737245627,0.),(0.,0.,1.),(0.,0.,1.),(0.955914858002772,
-0.293643975333295,0.),(0.359109474783632,0.933267643891237,0.00720347043604065),
(0.,0.,-1.),(0.,0.,1.),(0.955436025146964,-0.295198241612938,0.),(0.340824979428109,
0.940126764536479,0.),(0.296827931780302,0.954930701039087,0.000731524453241208),
(0.955436025146964,-0.295198241612938,0.),(0.,0.,1.),(0.,0.,1.),(-0.380795735919955,
0.924659184513505,0.),(0.956391162440292,-0.292088932358122,0.),(0.955914858002772,
-0.293643975333295,0.),(0.,0.,1.),(0.,0.,1.),(-0.99965533846398,-0.0262527004413813,
0.),(-0.344514016788597,0.938781173775969,0.),(0.,0.,1.),(0.326135591897413,
-0.945323000723945,0.),(-0.99999775849374,0.00211731138377479,0.),(0.,0.,
1.),(1.,0.,0.),(-0.963847082894034,0.266448466021346,-0.00200393401427778),
(0.,0.,1.),(0.,0.,1.),(-0.99965533846398,-0.0262527004413813,0.),(-0.344514016788597,
0.938781173775969,0.),(0.,0.,1.),(-0.362670283451468,0.931917520760948,
0.),(0.,0.,1.),(-0.362670283451468,0.931917520760948,0.),(0.,0.,1.),(0.899723161459315,
-0.436461032319789,0.),(0.,0.,1.),(-0.962456421433441,0.271436248208552,
0.),(-0.387611057271584,0.921823013533946,0.),(0.,0.,1.),(-0.380689910548344,
0.924702758732066,0.),(0.915417127489867,-0.402506500193725,0.),(0.,0.,
1.),(0.897522543790661,-0.440968574149611,0.),(0.38260112167908,-0.923913622418195,
0.),(0.,0.,1.),(0.,0.,1.),(-0.37684939991513,0.92619127867898,0.0124195443798149),
(-0.377955712315579,0.925453521323564,0.026177459728521),(-0.962456421433441,
0.271436248208552,0.),(0.,0.,1.),(-0.139104452820249,0.507903548231838,
0.850108191290431),(0.915417127489867,-0.402506500193725,0.),(-0.380689910548344,
0.924702758732066,0.),(0.,0.,1.),(0.,0.,1.),(0.354530002485913,-0.935044639221753,
0.),(0.890476599056894,-0.455029039218451,0.),(0.,0.,1.),(0.,0.,1.),(0.899723161459315,
-0.436461032319789,0.),(0.326135591897413,-0.945323000723945,0.),(0.,0.,
1.),(-0.99999775849374,0.00211731138377479,0.),(0.,0.,1.),(-0.99999775849374,
0.00211731138377479,0.),(-0.367524098920143,0.930013998127414,0.),(0.354530002485913,
-0.935044639221753,0.),(0.,0.,1.),(0.,0.,1.),(0.907034215345945,-0.421056922745329,
0.),(0.,0.,1.),(0.907034215345945,-0.421056922745329,0.),(0.897522543790661,
-0.440968574149611,0.),(0.,0.,1.),(0.38260112167908,-0.923913622418195,
0.),(0.,0.,1.),(-0.326246326650078,0.915086341768273,0.237023883725859),
(0.,0.,1.),(0.,0.,1.),(0.301897886719703,-0.953340267687344,0.),(-0.94644936162224,
0.322852297320082,0.),(0.,0.,1.),(0.909712660530925,-0.415238335501126,
0.),(0.,0.,1.),(-0.418692450351092,0.908128092297006,0.),(0.91610421043823,
-0.400940239458883,0.),(0.,0.,1.),(-0.393260554601522,0.919427069535428,
0.),(0.,0.,1.),(1.,0.,0.),(0.,0.,1.),(0.554396918390868,-0.832252399743437,
0.),(-0.999812851865478,0.0193458327455731,0.),(0.,0.,1.),(0.356777345511917,
-0.934189448521803,0.),(-0.999592349098337,0.0285505801003832,0.),(0.,0.,
1.),(0.392244651244142,-0.919860931646932,0.),(-0.939839015864894,0.341617658001027,
0.),(-0.393260554601522,0.919427069535428,0.),(0.,0.,1.),(-0.367524098920143,
0.930013998127414,0.),(-0.99999775849374,0.00211731138377479,0.),(0.,0.,
1.),(0.,0.,1.),(-0.322932141512462,0.912887447026374,0.249702505073226),
(-0.16036822337443,0.567750623041874,0.807428797459747),(0.0417658914726555,
-0.999127424460711,0.),(0.,0.,1.),(0.,0.,1.),(0.116196940936785,-0.993226193229384,
0.),(-0.0392084219935568,-0.999231054183553,0.),(0.,0.,1.),(0.,0.,1.),(0.697164813055852,
-0.716910889467303,0.),(0.285591661020002,-0.958351398577702,0.),(0.,0.,
1.),(-0.724910026813434,0.68884356208456,0.),(0.,0.,1.),(0.744950210495179,
-0.667120067066783,0.),(0.721051332235907,-0.692881646661841,0.),(0.,0.,
1.),(0.,0.,1.),(0.245249122242826,-0.969460090998657,0.),(0.,0.,1.),(-0.286349188569901,
0.958125326982519,0.),(0.,0.,1.),(-0.13311245220831,0.991100940907176,0.),
(0.,0.,1.),(0.320324808080491,-0.947307773286062,0.),(0.231893192738017,
-0.590185849080251,-0.773243952906967),(0.42164441745035,-0.90676126143156,
0.),(0.,0.,1.),(0.109851983630385,-0.993947957235423,0.),(0.244278448771667,
-0.969705130163653,0.),(0.,0.,1.),(0.231893192738017,-0.590185849080251,
-0.773243952906967),(-0.286349188569901,0.958125326982519,0.),(0.,0.,1.),
(0.,0.,1.),(-0.0315681196759054,0.999501602710135,0.),(0.,0.,1.),(-0.0315681196759054,
0.999501602710135,0.),(-0.13311245220831,0.991100940907176,0.),(0.,0.,1.),
(0.,0.,1.),(0.42164441745035,-0.90676126143156,0.),(-0.873938866376038,
0.486035860649567,0.),(0.42164441745035,-0.90676126143156,0.),(0.231893192738017,
-0.590185849080251,-0.773243952906967),(0.,0.,1.),(-0.873938866376038,0.486035860649567,
0.),(0.,0.,1.),(0.0210664968479998,-0.999778076730308,0.),(0.109851983630385,
-0.993947957235423,0.),(0.,0.,1.),(0.,0.,1.),(0.0108812052603603,0.999940797933599,
0.),(0.79641242344233,-0.604753877033223,0.),(0.,0.,1.),(-1.,0.,0.),(-0.00853108186094078,
-0.999963609659013,0.),(0.,0.,1.),(-0.775567976714615,0.631264060037318,
0.),(-1.,0.,0.),(0.,0.,1.),(0.787895162097245,-0.615809397089519,0.),(0.,
0.,1.),(0.787895162097245,-0.615809397089519,0.),(0.79641242344233,-0.604753877033223,
0.),(0.0108812052603603,0.999940797933599,0.),(0.,0.,1.),(-0.00853108186094078,
-0.999963609659013,0.),(-1.,0.,0.),(0.,0.,1.),(-1.,0.,0.),(0.,0.,1.),(-0.775567976714615,
0.631264060037318,0.),(0.0210664968479998,-0.999778076730308,0.),(0.,0.,
1.),(0.,0.,1.),(0.779224443778801,-0.626744977018258,0.),(0.083784189073449,
-0.996483923433441,0.),(0.779224443778801,-0.626744977018258,0.),(0.,0.,
1.),(0.101121771355955,-0.598492166482815,-0.794721029051416),(0.083784189073449,
-0.996483923433441,0.),(0.,0.,1.),(0.083784189073449,-0.996483923433441,
0.),(0.,0.,1.),(0.101121771355955,-0.598492166482815,-0.794721029051416),
(0.198025845472696,-0.980196798875014,0.),(0.,0.,1.),(0.96730200435618,
0.253627349409554,0.),(0.,0.,1.),(-0.960137566796445,-0.279527910638995,
0.),(0.,0.,1.),(-0.893246052009295,-0.449568115606309,0.),(0.,0.,1.),(-0.749728667759671,
-0.661689501049997,-0.00859819396820165),(0.,0.,1.),(0.993207255137313,
0.116358705486971,0.),(0.,0.,1.),(0.993207255137313,0.116358705486971,0.),
(0.96730200435618,0.253627349409554,0.),(0.,0.,1.),(0.,0.,1.),(-0.960137566796445,
-0.279527910638995,0.),(0.,0.,1.),(0.996576868342803,0.0826713099209808,
0.),(0.,0.,1.),(0.,0.,1.),(-0.998896345448548,-0.0469690435237412,0.),(0.937547680414412,
0.347856790863072,0.),(0.,0.,1.),(-0.951883554374675,-0.306459946666828,
0.),(0.809427234944118,0.587220189818708,0.),(0.,0.,1.),(-0.813706204436142,
-0.581276365304945,0.),(-0.893246052009295,-0.449568115606309,0.),(0.,0.,
1.),(0.,0.,1.),(-0.73650969212067,-0.67642699045227,0.),(-0.969913553007371,
-0.243449583471852,0.),(-0.751723330223282,-0.659399269544849,-0.0102292776743101),
(0.,0.,1.),(-0.969913553007371,-0.243449583471852,0.),(0.,0.,1.),(0.988915788148987,
0.148477486339404,0.),(0.818020068942449,0.150563327792268,-0.555134083921632),
(0.963551397770642,0.267523277219464,0.),(0.996663923019259,0.0816151000235858,
0.),(0.,0.,1.),(0.818020068942449,0.150563327792268,-0.555134083921632),
(0.,0.,1.),(-0.990305272304666,-0.13890812663621,0.),(-0.553412957620368,
-0.83290701662183,0.),(0.,0.,1.),(0.,0.,1.),(-0.998020354783471,-0.0628917437973816,
0.),(0.,0.,1.),(-0.998020354783471,-0.0628917437973816,0.),(-0.988580682642146,
-0.150692514435151,0.),(-0.600390058101051,-0.79970730779043,0.),(0.,0.,
1.),(0.,0.,1.),(-0.662808449260306,-0.748788995371292,0.),(0.,0.,1.),(0.990508791174593,
0.13744938925236,0.),(-0.845293805258948,-0.534301771278037,0.),(0.,0.,
1.),(-0.999966701939221,0.00816057674414975,0.),(0.,0.,1.),(-0.999966701939221,
0.00816057674414975,0.),(-0.995907976997709,-0.0903731229532953,0.),(-0.692421547087652,
-0.72149317469311,0.),(0.,0.,1.),(0.,0.,1.),(0.999043619729372,0.0437246598389714,
0.),(0.992310664517112,0.123772149878748,0.),(0.,0.,1.),(-0.63212027785857,
-0.774870282253749,0.),(0.,0.,1.),(0.808144451341462,-0.588984334058222,
0.),(-0.961968125558242,-0.273161720250042,0.),(0.,0.,1.),(-0.86924001598686,
0.494390326166647,0.),(0.,0.,1.),(-0.807746162246239,0.589530438040712,
0.),(0.,0.,1.),(-0.868808590595775,0.49514809189472,0.),(0.,0.,1.),(0.810159095947352,
-0.586210064101402,0.),(0.,0.,1.),(0.972806933590516,0.231617507883617,
0.),(0.892584787522949,-0.450879581576513,0.),(-0.961968125558242,-0.273161720250042,
0.),(0.808144451341462,-0.588984334058222,0.),(0.,0.,1.),(0.,0.,1.),(-0.807746162246239,
0.589530438040712,0.),(-0.868808590595775,0.49514809189472,0.),(0.,0.,1.),
(0.,0.,1.),(-0.86924001598686,0.494390326166647,0.),(0.,0.,1.),(0.968969215432707,
0.247181430418478,0.),(0.812164216835998,-0.583428903030326,0.),(0.,0.,
1.),(0.8750224837197,-0.48408227914788,0.),(-0.971004822043462,-0.239059899540563,
0.),(0.,0.,1.),(0.395278841285112,-0.9185611779475,0.),(-0.921644721587802,
0.388034801492524,0.),(0.,0.,1.),(-0.728168277271295,0.685398395078187,
0.),(-0.419171736212575,0.907906964154662,0.),(-0.728168277271295,0.685398395078187,
0.),(-0.419171736212575,0.907906964154662,0.),(0.,0.,1.),(0.,0.,1.),(0.813690603427793,
-0.58129820393092,0.),(-0.978427799422726,-0.206589063884811,0.),(0.,0.,
1.),(-0.967072556853022,-0.254500824717247,0.),(0.,0.,1.),(-0.967072556853022,
-0.254500824717247,0.),(0.,0.,1.),(0.982202442419786,0.187825350005282,
0.),(0.,0.,1.),(0.855626192741452,-0.517594260299288,0.),(0.,0.,1.),(0.999715771299629,
-0.0238406504690785,0.),(0.889000298599754,-0.457906616123362,0.),(0.,0.,
1.),(0.998238450954272,0.0593295460661451,0.),(0.855626192741452,-0.517594260299288,
0.),(0.,0.,1.),(-0.978427799422726,-0.206589063884811,0.),(0.813690603427793,
-0.58129820393092,0.),(0.,0.,1.),(0.,0.,1.),(-0.981053513723992,-0.193736943327309,
0.),(0.982202442419786,0.187825350005282,0.),(0.,0.,1.),(0.,0.,1.),(-0.99923326431426,
-0.0391520559851895,0.),(0.972438961826887,0.233157598034132,0.),(0.,0.,
1.),(0.969319486635759,0.245804257140083,0.),(0.911662772087329,-0.410939156068203,
0.),(0.,0.,1.),(-0.351619597103305,0.936142969280285,0.),(0.,0.,1.),(0.964247217091012,
0.265004347761012,0.),(0.,0.,1.),(-0.255876812938849,0.966709396147703,
0.),(0.,0.,1.),(-0.204961508450965,0.978770034305048,0.),(0.,0.,1.),(1.,
0.,0.),(0.,-1.,0.),(0.,0.,1.),(-0.323109173546459,0.946361697222645,0.),
(0.,0.,1.),(-0.323109173546459,0.946361697222645,0.),(0.,0.,1.),(-0.571664301755954,
0.820487614835153,0.),(0.,0.,1.),(0.894090895794728,-0.447885554642009,
0.),(0.911662772087329,-0.410939156068203,0.),(0.969319486635759,0.245804257140083,
0.),(0.,0.,1.),(0.,0.,1.),(0.964247217091012,0.265004347761012,0.),(-0.255876812938849,
0.966709396147703,0.),(0.,0.,1.),(0.,0.,1.),(-0.351619597103305,0.936142969280285,
0.),(0.972806933590516,0.231617507883617,0.),(0.,0.,1.),(0.892584787522949,
-0.450879581576513,0.),(0.810159095947352,-0.586210064101402,0.),(0.,0.,
1.),(0.,0.,1.),(0.959925375060377,0.280255730209383,0.),(0.,0.,1.),(0.959925375060377,
0.280255730209383,0.),(0.812164216835998,-0.583428903030326,0.),(0.968969215432707,
0.247181430418478,0.),(0.,0.,1.),(0.,0.,1.),(-0.963978799066576,-0.265979087430124,
0.),(0.,0.,1.),(0.,-1.,0.),(0.94975295008349,0.313000533238696,0.),(-0.963978799066576,
-0.265979087430124,0.),(0.,0.,1.),(0.,0.,1.),(-0.713628333823489,0.700524518603247,
0.),(0.894090895794728,-0.447885554642009,0.),(0.,0.,1.),(0.,0.,1.),(-0.808679225220438,
0.588249870970553,0.),(0.,0.,1.),(-0.892133764946177,0.451771341989462,
0.),(-0.971004822043462,-0.239059899540563,0.),(0.8750224837197,-0.48408227914788,
0.),(0.,0.,1.),(0.,0.,1.),(-0.956206649100188,-0.292692405464491,0.),(0.,
-1.,0.),(-0.956206649100188,-0.292692405464491,0.),(0.,-1.,0.),(0.,0.,1.),
(0.,-1.,0.),(0.,0.,1.),(0.94975295008349,0.313000533238696,0.),(-0.571664301755954,
0.820487614835153,0.),(0.,0.,1.),(0.,0.,1.),(-0.713628333823489,0.700524518603247,
0.),(0.,0.,1.),(-0.358342383891525,0.93359023983059,0.),(0.,0.,1.),(0.306440152078995,
-0.951889927036631,0.),(0.395278841285112,-0.9185611779475,0.),(0.,0.,1.),
(-0.921644721587802,0.388034801492524,0.),(-0.892133764946177,0.451771341989462,
0.),(0.,0.,1.),(0.,0.,1.),(0.124737086404184,-0.99218983026203,0.),(0.,
0.,1.),(-0.205430416995488,0.978671724212496,0.),(0.306440152078995,-0.951889927036631,
0.),(0.,0.,1.),(0.,0.,1.),(-0.00879961387177343,0.999961282648337,0.),(0.,
0.,1.),(-0.0373754584536782,-0.999301293457272,0.),(-0.0373754584536782,
-0.999301293457272,0.),(0.,0.,1.),(0.,0.,1.),(0.124737086404184,-0.99218983026203,
0.),(-0.205430416995488,0.978671724212496,0.),(0.,0.,1.),(0.,0.,1.),(-0.00879961387177343,
0.999961282648337,0.),(-0.358342383891525,0.93359023983059,0.),(0.,0.,1.),
(0.,0.,1.),(-0.995106426370275,-0.0988089074758986,0.),(-0.204961508450965,
0.978770034305048,0.),(0.,0.,1.),(0.,0.,1.),(-0.808679225220438,0.588249870970553,
0.),(0.,0.,1.),(-1.,0.,0.),(-0.108151456270838,-0.994134428790441,0.),(0.,
0.,1.),(0.0956105743876309,0.995418815406494,0.),(-1.,0.,0.),(0.0956105743876309,
0.995418815406494,0.),(-1.,0.,0.),(0.,0.,1.),(0.,0.,1.),(0.,-1.,0.),(0.958794676023063,
0.284099928246789,0.),(0.999715771299629,-0.0238406504690785,0.),(0.,0.,
1.),(0.889000298599754,-0.457906616123362,0.),(0.998238450954272,0.0593295460661451,
0.),(0.,0.,1.),(0.,0.,1.),(0.,-1.,0.),(0.958794676023063,0.284099928246789,
0.),(0.,0.,1.),(1.,0.,0.),(1.,0.,0.),(0.,0.,-1.),(0.,-1.,0.),(0.,0.,1.),
(0.84624336860359,-0.532796547562434,0.),(0.,0.,1.),(0.84624336860359,-0.532796547562434,
0.),(0.,0.,1.),(-0.19428454120452,0.980945216130314,0.),(0.,0.,1.),(0.337325135287019,
-0.941388205313618,0.),(1.,0.,0.),(0.337325135287019,-0.941388205313618,
0.),(1.,0.,0.),(0.,0.,1.),(0.,0.,1.),(0.725156196529187,-0.688584410682759,
0.),(0.373910441025972,-0.927464814476411,0.),(0.,0.,1.),(0.185907474839674,
-0.982567255102029,0.),(-0.777973044629011,0.628297653847814,0.),(0.,0.,
1.),(0.148926114985279,-0.988848326223689,0.),(0.,0.,1.),(0.355685923894128,
-0.934605544357394,0.),(0.,0.,1.),(-0.00734252214415555,-0.99997304332095,
0.),(-0.757826743754932,0.65245584252867,0.),(0.,0.,1.),(0.785835216972425,
-0.618435939904775,0.),(0.111735205240645,-0.993738015731426,0.),(0.,0.,
1.),(-0.187965728610288,0.982175587595214,0.),(0.,0.,1.),(-0.187965728610288,
0.982175587595214,0.),(-0.19428454120452,0.980945216130314,0.),(0.,0.,1.),
(0.,0.,1.),(-0.999786828686954,-0.0206469654933467,0.),(0.797193217026598,
-0.603724253883164,0.),(0.,0.,1.),(-0.999997721315382,-0.00213479836128775,
0.),(-0.961772584192841,0.273849404408745,0.),(0.,0.,1.),(0.,0.,1.),(-0.95580769542727,
0.293992600862694,0.),(-0.378189060755219,0.925728380425428,0.),(0.,0.,
1.),(0.,0.,1.),(0.775891815494502,-0.630865984697737,0.),(0.500671199153778,
-0.86563753981555,0.),(0.,0.,1.),(0.492103890379004,-0.870536478887501,
0.),(0.,0.,1.),(0.870763175580181,-0.491702645969614,0.),(0.,0.,1.),(0.,
0.,1.),(-0.478689045078789,0.877984509044184,0.),(0.940933588121585,-0.338591173459438,
0.),(0.,0.,1.),(0.342891531291954,-0.939375003802134,0.),(-0.713163878444669,
0.700997348412786,0.),(0.,0.,1.),(-0.479187564192886,0.877712526014576,
0.),(0.957134539338335,-0.289643701132258,0.),(0.,0.,1.),(-0.904097228403579,
0.427326808886322,0.),(0.,0.,1.),(-0.79786611255102,0.60283469246778,0.),
(0.,0.,1.),(-0.622370275453472,0.782722965187537,0.),(0.,0.,1.),(-0.438542692476856,
0.898710357609808,0.),(0.,0.,1.),(-0.376752725791508,0.926313868841803,
0.),(-0.250715435933009,0.704366331980032,0.6640857177789),(0.491653057859993,
-0.870782594130253,0.00386580608739545),(0.,0.,1.),(0.,0.,1.),(0.775891815494502,
-0.630865984697737,0.),(0.500671199153778,-0.86563753981555,0.),(0.,0.,
1.),(0.471199144130578,-0.877973401257595,0.0844634433040739),(0.870763175580181,
-0.491702645969614,0.),(0.,0.,1.),(0.,0.,1.),(0.551492757305476,-0.834179680068751,
0.),(0.,0.,1.),(0.503801768913317,-0.863819296867009,0.),(0.,0.,1.),(0.479164285819347,
-0.877725234452807,0.),(0.,0.,1.),(-0.467022242652536,0.877347871071824,
-0.110231293168199),(-0.478355957318991,0.878149654436354,-0.00536306915339259),
(0.,0.,1.),(0.940933588121585,-0.338591173459438,0.),(0.551492757305476,
-0.834179680068751,0.),(0.,0.,1.),(0.,0.,1.),(-0.689891005296709,0.723913255031773,
0.),(0.,0.,1.),(-0.649927816499791,0.759995942975891,0.),(0.0439051005815967,
0.999035706140136,0.),(0.,0.,1.),(0.591071232431329,-0.806619363883678,
0.),(0.503801768913317,-0.863819296867009,0.),(0.,0.,1.),(0.,0.,1.),(-0.302203221975246,
0.953243522206042,0.),(0.,0.,1.),(0.296751915753331,-0.954954606511078,
0.),(0.297516619070342,-0.954716639310823,0.),(0.101121771355955,-0.598492166482815,
-0.794721029051416),(0.,0.,1.),(-0.967313015535999,0.253585350473273,0.),
(0.392396512589248,-0.919796160520252,0.),(0.,0.,1.),(-0.397858494860659,
0.917446793044268,0.),(-0.973698534254151,0.227840216799662,0.),(0.,0.,
1.),(0.,0.,1.),(-0.977381814030973,0.211482362388746,0.),(0.,0.,1.),(-0.154198417047993,
0.988039902119288,0.),(-0.154198417047993,0.988039902119288,0.),(0.,0.,
1.),(0.,0.,1.),(-0.302203221975246,0.953243522206042,0.),(0.,0.,1.),(-0.0771628372603746,
0.99701850361261,0.),(-0.0496513154022976,0.99876661281744,0.),(0.,0.,1.),
(0.775311177273851,-0.631579431579461,0.),(-0.0771628372603746,0.99701850361261,
0.),(0.,0.,1.),(0.,0.,1.),(0.762630334015044,-0.646834579811641,0.),(0.188827041939124,
-0.982010360552535,0.),(0.749649377925089,-0.661835183543854,0.),(0.,0.,
1.),(0.19231299678538,-0.740573468487734,-0.64386850290993),(0.,0.,1.),
(-0.862389446562897,-0.506245436973944,0.),(0.,0.,1.),(-0.853193243956438,
-0.521594946742287,0.),(0.,0.,1.),(0.987010063264477,0.160658442089589,
0.),(-0.853193243956438,-0.521594946742287,0.),(0.,0.,1.),(0.,0.,1.),(0.990360884415356,
0.138511077607659,0.),(0.,0.,1.),(0.977623886415335,0.172258689684031,-0.120741378733712),
(0.,0.,1.),(-0.866923376246294,-0.498441430579087,0.),(-0.862389446562897,
-0.506245436973944,0.),(0.,0.,1.),(0.,0.,1.),(0.961960469328174,0.273188681042825,
0.),(0.,0.,1.),(-0.89385437710711,-0.448357393745726,0.),(-0.89385437710711,
-0.448357393745726,0.),(0.,0.,1.),(0.,0.,1.),(0.987010063264477,0.160658442089589,
0.),(0.990104063951661,0.14009182620078,-0.00825970811438591),(0.,0.,1.),
(0.,0.,1.),(-1.,0.,0.),(-0.866528899187798,-0.499126904576765,0.),(0.,0.,
1.),(-1.,0.,0.),(0.,0.,1.),(-0.937595908619647,-0.347726778002067,0.),(0.866493596304587,
0.499188188525273,0.),(0.,0.,1.),(0.973345593324443,0.2293433146091,0.),
(0.973490858359863,0.228660339728679,-0.00547701788768419),(0.,0.,1.),(0.,
0.,1.),(-0.866923376246294,-0.498441430579087,0.),(-1.,0.,0.),(0.,0.,1.),
(-0.866528899187798,-0.499126904576765,0.),(0.,0.,1.),(0.869325056268076,
0.494240777905371,0.),(0.,0.,1.),(0.872128268350703,0.489277307407164,0.),
(-1.,0.,0.),(0.872128268350703,0.489277307407164,0.),(-1.,0.,0.),(0.,0.,
1.),(0.,0.,1.),(-0.824579533522023,-0.565746049828546,0.),(0.,0.,1.),(0.829146569916468,
0.559031274255524,0.),(0.,0.,1.),(-1.,0.,0.),(-0.838868833365516,-0.544333611315688,
0.),(-1.,0.,0.),(-0.838868833365516,-0.544333611315688,0.),(0.,0.,1.),(0.,
0.,1.),(-0.824579533522023,-0.565746049828546,0.),(0.809427234944118,0.587220189818708,
0.),(-0.951883554374675,-0.306459946666828,0.),(0.,0.,1.),(0.,0.,1.),(-0.941997100668117,
-0.335621009969371,0.),(0.,0.,1.),(0.847884637175397,0.530180763553285,
0.),(-1.,0.,0.),(0.847884637175397,0.530180763553285,0.),(-1.,0.,0.),(0.,
0.,1.),(0.,0.,1.),(0.829146569916468,0.559031274255524,0.),(0.,0.,1.),(0.936801874601152,
0.349860326049937,0.),(0.936801874601152,0.349860326049937,0.),(0.,0.,1.),
(0.,0.,1.),(-0.990305272304666,-0.13890812663621,0.),(0.937547680414412,
0.347856790863072,0.),(-0.998896345448548,-0.0469690435237412,0.),(0.,0.,
1.),(0.,0.,1.),(0.961960469328174,0.273188681042825,0.),(-0.941997100668117,
-0.335621009969371,0.),(0.,0.,1.),(0.,0.,1.),(-0.813706204436142,-0.581276365304945,
0.),(0.,0.,1.),(-0.966921213153279,-0.255075219404376,0.),(0.890990009586718,
0.454022910012987,0.),(-0.569853905795352,-0.821746022837824,0.),(0.,0.,
1.),(0.,0.,1.),(0.963718215145407,0.266921714734771,0.),(-0.537565002959691,
-0.84322231208202,0.),(-0.966921213153279,-0.255075219404376,0.),(0.,0.,
1.),(0.890990009586718,0.454022910012987,0.),(0.,0.,1.),(-0.930455008350489,
-0.366406164570809,0.),(0.,0.,1.),(0.902831418588052,0.429994685560515,
0.),(0.,0.,1.),(-1.,0.,0.),(-0.922942008014568,-0.384939020939729,0.),(-0.601285859907861,
-0.799033988435326,0.),(0.,0.,1.),(-0.973270260699569,-0.229662795502,0.),
(0.963551397770642,0.267523277219464,0.),(0.818020068942449,0.150563327792268,
-0.555134083921632),(0.,0.,1.),(-0.504604575678833,-0.863350578967771,0.),
(0.869325056268076,0.494240777905371,0.),(0.,0.,1.),(0.,0.,1.),(-0.937595908619647,
-0.347726778002067,0.),(0.866493596304587,0.499188188525273,0.),(0.,0.,
1.),(0.914024978751774,0.405657907870435,0.),(-1.,0.,0.),(0.914024978751774,
0.405657907870435,0.),(-1.,0.,0.),(0.,0.,1.),(0.,0.,1.),(0.902831418588052,
0.429994685560515,0.),(-0.922942008014568,-0.384939020939729,0.),(-1.,0.,
0.),(0.,0.,1.),(0.,0.,1.),(-0.930455008350489,-0.366406164570809,0.),(0.,
0.,1.),(-0.929717949556864,0.368272364252031,0.),(0.,0.,1.),(0.908151314260029,
-0.41864207911745,0.),(0.,0.,1.),(0.916974762453696,-0.398945215565983,
0.),(0.,0.,1.),(-0.987222080497806,0.159350443292713,0.),(0.,0.,1.),(0.890275053582928,
-0.455423241576354,0.),(-0.929717949556864,0.368272364252031,0.),(0.,0.,
1.),(0.,0.,1.),(0.886063911774507,-0.463563096299585,0.),(-0.999990762973349,
0.00429813540726182,0.),(0.908151314260029,-0.41864207911745,0.),(0.,0.,
1.),(0.,0.,1.),(-0.999998176721778,0.00190959501424563,0.),(0.916974762453696,
-0.398945215565983,0.),(0.,0.,1.),(0.,0.,1.),(-0.999999425646657,0.00107177719528451,
0.),(-0.987222080497806,0.159350443292713,0.),(0.,0.,1.),(0.120534439362069,
-0.992709146189191,0.),(0.560202319685424,-0.828245213855142,0.0135361274048036),
(0.,0.,-1.),(0.,0.,1.),(-0.510198165264964,-0.860056877282116,0.),(-0.354602059955111,
-0.935017314853362,0.),(0.120534439362069,-0.992709146189191,0.),(0.,0.,
-1.),(0.,0.,1.),(0.979938926868859,0.199298017067678,0.),(0.,0.,1.),(0.979938926868859,
0.199298017067678,0.),(-0.905302100598473,0.424768297607052,0.),(0.,0.,
1.),(0.962408871770321,0.271604792921219,0.),(0.,0.,1.),(-0.615512899518609,
-0.788126811196139,0.),(-0.98606920835927,-0.166335553402518,0.),(0.,0.,
1.),(0.992044458829383,0.12588801255845,0.),(0.915218724290874,-0.40295742542778,
0.),(0.992044458829383,0.12588801255845,0.),(0.915218724290874,-0.40295742542778,
0.),(0.,0.,1.),(-0.98606920835927,-0.166335553402518,0.),(-0.615512899518609,
-0.788126811196139,0.),(0.,0.,1.),(0.,0.,1.),(-0.983501534446532,-0.18089978369616,
0.),(0.,0.,1.),(0.939905870635865,-0.341433674883186,0.),(0.,0.,1.),(0.879610694336628,
-0.475694257279437,0.),(0.,0.,1.),(-0.650575459714367,-0.7594416180441,
0.),(0.977564298438066,-0.2106372294237,0.),(-0.709458632123557,-0.704746593607693,
0.000829520177291572),(0.,0.,1.),(0.977564298438066,-0.2106372294237,0.),
(-0.56405935421385,-0.825702007780904,0.00729652454525227),(0.,0.,-1.),
(0.879610694336628,-0.475694257279437,0.),(0.,0.,1.),(0.,0.,1.),(0.939905870635865,
-0.341433674883186,0.),(0.890275053582928,-0.455423241576354,0.),(0.,0.,
1.),(0.,0.,1.),(-0.878489791543941,0.477761118293529,0.),(0.987950196385673,
0.154772121073244,0.),(0.,0.,1.),(0.918264149365278,-0.395968372462324,
0.),(0.,0.,1.),(0.918264149365278,-0.395968372462324,0.),(0.759944216419838,
0.64983444604292,-0.0141414520516907),(0.,0.,1.),(0.,0.,1.),(0.668512654502909,
0.743700766955013,0.),(0.66795286086127,0.744203584825581,0.),(0.653816070700213,
0.631680718220758,-0.41653813261482),(0.,0.,1.),(0.,0.,1.),(-0.642201117754713,
-0.724800535822273,0.249483281256169),(0.,0.,1.),(0.215165049866527,-0.976577698555489,
0.),(-0.241813251160006,-0.970322807916741,0.),(0.,0.,1.),(-0.99994148001847,
-0.0108183426859866,0.),(0.28332549815477,0.959023806844935,0.),(0.,0.,
1.),(0.351268352523837,0.936274823177036,0.),(-0.273374867822428,-0.961907574376598,
0.),(0.,0.,1.),(-0.217725044580005,0.976010145932221,0.),(0.,0.,1.),(-0.307412615605372,
-0.951576315261505,0.),(-0.307412615605372,-0.951576315261505,0.),(0.,0.,
1.),(-0.241813251160006,-0.970322807916741,0.),(0.215165049866527,-0.976577698555489,
0.),(0.,0.,1.),(0.,0.,1.),(-0.371581064211773,-0.928400513097255,0.),(-0.677367448355914,
-0.735644846313625,0.),(0.,0.,1.),(-0.999873736295444,-0.0158906093837842,
0.),(-0.99994148001847,-0.0108183426859866,0.),(0.,0.,1.),(0.28332549815477,
0.959023806844935,0.),(0.351268352523837,0.936274823177036,0.),(0.,0.,1.),
(0.,0.,1.),(-0.371581064211773,-0.928400513097255,0.),(-0.677367448355914,
-0.735644846313625,0.),(-0.677367448355914,-0.735644846313625,0.),(0.,0.,
1.),(-0.211651787101321,0.977345139148304,0.),(0.247565286410529,-0.968847045355486,
-0.00684336689195465),(0.,0.,1.),(-0.999998227897331,-0.00188260516272071,
0.),(0.,0.,1.),(-0.91032725252913,-0.413889228299995,0.),(-0.999780263342831,
-0.0209624671768148,0.),(1.,0.,0.),(0.,0.,-1.),(-0.999873736295444,-0.0158906093837842,
0.),(0.,0.,1.),(0.,0.,1.),(0.731692833252834,0.681634504530428,0.),(0.,
0.,1.),(-0.604679081311676,-0.507233926953318,0.614065918262512),(-0.802939530484034,
-0.596060492220445,0.),(0.,0.,1.),(0.741982733988456,0.670418990231494,
0.),(0.74030791882636,0.672267773988942,-0.00047474091428118),(0.,0.,1.),
(0.587033900077068,0.690369538448093,-0.422825141806012),(-0.999992019858493,
0.00399502432163649,0.),(0.,0.,1.),(0.,0.,1.),(0.561117434984852,0.827736204449232,
0.),(0.691542296280887,0.722335969237694,0.),(0.305371143543517,0.952233408724418,
0.),(0.,0.,1.),(0.,0.,1.),(0.733504107928291,0.679685017969591,0.),(0.288002317430631,
0.95762971192136,0.),(0.,0.,1.),(-0.802939530484034,-0.596060492220445,
0.),(-0.604141020903351,-0.506715087464967,0.615023127205171),(0.,0.,1.),
(0.270538221243032,0.962709234840227,0.),(0.,0.,1.),(-0.727055200741225,
-0.68084252674573,0.0885674254431403),(-0.642590989252178,-0.544112884673363,
0.539460832002046),(0.,0.,1.),(0.707003822742325,0.707209494139595,-0.000570987352171679),
(-0.628330284788032,-0.530159859286381,0.569325545553363),(-0.685536111297185,
-0.728015434019387,0.00581101859370893),(0.,0.,1.),(0.,0.,1.),(-0.726387111271215,
-0.682376756307491,0.0819983355338776),(0.,0.,1.),(0.703185429251289,0.711005689760644,
-0.00107759763901273),(0.594245255934407,0.697722542196272,-0.400069781301491),
(0.,0.,1.),(-0.685744652971095,-0.727842201937723,0.),(0.,0.,1.),(0.546245235807154,
0.647944443903907,-0.530833439010809),(0.588619927688256,0.807277213439767,
-0.0427794505481099),(0.577832887030984,0.816119918611831,-0.00757846359467355),
(0.545718787477122,0.647389726596296,-0.532050323646244),(0.,0.,1.),(0.551276652266835,
-0.834322511182259,0.),(-0.606508049229906,-0.793823108614619,0.0446414431751163),
(0.402293149412992,-0.915510907600437,0.),(0.,0.,1.),(0.,0.,1.),(0.515070538359504,
-0.857147793857075,0.),(-0.59938969314962,-0.800457366601123,0.),(0.515070538359504,
-0.857147793857075,0.),(-0.59938969314962,-0.800457366601123,0.),(0.,0.,
1.),(0.,0.,1.),(0.533295725767109,-0.845928879326467,0.),(0.,0.,1.),(0.592059714280903,
0.804856875014623,-0.0408742641194995),(0.,0.,1.),(-0.635533904470579,-0.772072960456706,
0.),(0.,0.,1.),(-0.635533904470579,-0.772072960456706,0.),(0.,0.,1.),(0.568779856139923,
0.822489802520036,0.),(0.160008926672109,-0.987115567390789,0.),(0.,0.,
1.),(-0.330602706015161,0.94377002006604,0.),(0.,0.,1.),(0.49905673323093,
0.598805406545873,-0.626398006149688),(0.59755619035099,0.800209145648093,
-0.0509109280445954),(0.,0.,1.),(0.468563843006029,0.553528672360619,-0.688515747025522),
(0.,0.,1.),(-0.708865407261049,-0.705343770362103,0.),(-0.708865407261049,
-0.705343770362103,0.),(0.,0.,1.),(0.579588913973973,0.814695212413842,
-0.0186655208455376),(0.477457639911391,0.567752938963288,-0.670589891355957),
(0.,0.,1.),(0.160008926672109,-0.987115567390789,0.),(0.,0.,1.),(0.696453352410118,
0.717602067943445,0.),(0.600350689403435,0.671560236507095,-0.43426477922502),
(0.,0.,1.),(0.735524459109001,0.677498169777905,0.),(0.,0.,1.),(-0.784654752256448,
-0.619932996186985,0.),(-0.784654752256448,-0.619932996186985,0.),(0.,0.,
1.),(0.507875563735088,0.589765730326292,-0.627884380354745),(0.736576641362042,
0.67635408729438,0.),(0.,0.,1.),(0.,0.,1.),(-0.998343587260147,-0.0575333101476094,
0.),(0.,0.,1.),(-0.999999885089121,0.000479397273244646,0.),(0.,0.,1.),
(-0.999996833775685,-0.00251643370769776,0.),(0.772289789284986,0.63527040019676,
0.),(0.,0.,1.),(-0.869217918893923,-0.494429175386847,0.),(0.,0.,1.),(-0.936305973078377,
-0.351185314012067,0.),(0.,0.,1.),(-0.819270299031104,-0.573407514012056,
0.),(0.735301271738672,0.677740392613198,0.),(0.,0.,1.),(0.,0.,1.),(-0.999994221439226,
-0.00339957176082035,0.),(0.751078724135991,0.660212655248482,0.),(0.,0.,
1.),(-0.999180932560906,0.040465590403684,0.),(-0.936305973078377,-0.351185314012067,
0.),(0.,0.,1.),(0.,0.,1.),(-0.998343587260147,-0.0575333101476094,0.),(-0.819270299031104,
-0.573407514012056,0.),(0.,0.,1.),(0.,0.,1.),(-0.999996833775685,-0.00251643370769776,
0.),(0.772289789284986,0.63527040019676,0.),(-0.999999885089121,0.000479397273244646,
0.),(0.,0.,1.),(0.,0.,1.),(-0.869217918893923,-0.494429175386847,0.),(-0.91032725252913,
-0.413889228299995,0.),(0.,0.,1.),(-0.999780263342831,-0.0209624671768148,
0.),(-0.999180932560906,0.040465590403684,0.),(0.,0.,1.),(0.,0.,1.),(0.22086022341641,
-0.975305470974327,0.),(0.,0.,1.),(0.22086022341641,-0.975305470974327,
0.),(0.,0.,1.),(-0.944961705151868,0.327180952679821,0.),(-0.944961705151868,
0.327180952679821,0.),(0.,0.,1.),(-0.94644936162224,0.322852297320082,0.),
(0.301897886719703,-0.953340267687344,0.),(0.,0.,1.),(0.,0.,1.),(-0.12543971172361,
0.469099377505197,0.874191427976124),(-0.168618481653693,0.757781948879665,
0.630344608604643),(0.,0.,1.),(-0.0890683967995105,0.996025512068624,0.),
(0.,0.,1.),(0.0766724684374279,-0.997056333706231,0.),(0.,0.,1.),(-0.168618481653693,
0.757781948879665,0.630344608604643),(-0.162484340343992,0.986711122438061,
0.),(0.909712660530925,-0.415238335501126,0.),(0.,0.,1.),(0.,0.,1.),(-0.447449974049775,
0.89430896267613,0.),(0.,0.,1.),(-0.447449974049775,0.89430896267613,0.),
(0.957134539338335,-0.289643701132258,0.),(-0.479187564192886,0.877712526014576,
0.),(0.,0.,1.),(0.,0.,1.),(0.845895169836331,-0.53334919297545,0.),(0.547977846570062,
-0.836492844959499,0.),(-0.904097228403579,0.427326808886322,0.),(0.,0.,
1.),(0.,0.,1.),(-0.622370275453472,0.782722965187537,0.),(-0.439500663680108,
0.898242264995778,0.),(0.,0.,1.),(-0.249990948340914,0.700959702020821,
0.667952110476861),(-0.79786611255102,0.60283469246778,0.),(0.,0.,1.),(0.,
0.,1.),(0.75644538147777,-0.654056866672119,0.),(0.,0.,1.),(-0.738887381364432,
0.673828937980859,0.),(0.75644538147777,-0.654056866672119,0.),(0.,0.,1.),
(0.,0.,1.),(0.186798060858985,0.982398332887085,0.),(0.,0.,1.),(0.186798060858985,
0.982398332887085,0.),(0.2591343146886,0.965841294908677,0.),(0.,0.,1.),
(0.7673831121133,-0.641188863942058,0.),(0.,0.,1.),(-0.75461257892189,0.656170599564514,
0.),(0.,0.,1.),(0.745291897909821,-0.666738319665201,0.),(-0.0809253007669209,
-0.996720169202863,0.),(0.,0.,1.),(-0.986761141268507,0.162180301154223,
0.),(-0.8160467491894,0.577985902196076,0.),(0.,0.,1.),(-0.783413425372247,
0.621500929159823,0.),(-0.738887381364432,0.673828937980859,0.),(0.,0.,
1.),(0.,0.,1.),(-0.0151646560518637,0.999885009992064,0.),(0.745789135382408,
-0.666182081375325,0.),(0.744950210495179,-0.667120067066783,0.),(0.,0.,
1.),(0.,0.,1.),(-0.710713115483785,0.703481959597638,0.),(0.991907954158986,
-0.126959089773576,0.),(-0.724910026813434,0.68884356208456,0.),(0.,0.,
1.),(0.,0.,1.),(-0.991379041344949,0.131025174611482,0.),(0.998976069539735,
-0.0452417118038558,0.),(-0.716274517187175,0.697818612555068,0.),(0.,0.,
1.),(0.,0.,1.),(-0.75461257892189,0.656170599564514,0.),(-0.783413425372247,
0.621500929159823,0.),(0.,0.,1.),(0.,0.,1.),(-0.0331080886405132,-0.999451776959035,
0.),(0.,0.,1.),(-0.0331080886405132,-0.999451776959035,0.),(-0.0809253007669209,
-0.996720169202863,0.),(0.745291897909821,-0.666738319665201,0.),(0.,0.,
1.),(-0.0874217267186471,0.996171391728115,0.),(-0.168618481653693,0.757781948879665,
0.630344608604643),(-0.124779899527468,0.46721927038544,0.875292025585982),
(0.,0.,1.),(0.745789135382408,-0.666182081375325,0.),(-0.0151646560518637,
0.999885009992064,0.),(0.,0.,1.),(0.,0.,1.),(-0.730960427188951,0.682419851619035,
0.),(-0.991379041344949,0.131025174611482,0.),(0.,0.,1.),(-0.8160467491894,
0.577985902196076,0.),(-0.986761141268507,0.162180301154223,0.),(0.,0.,
1.),(0.,0.,1.),(0.0766724684374279,-0.997056333706231,0.),(0.,0.,1.),(-0.969219081843885,
-0.246199860661406,0.),(0.,0.,1.),(-0.975393337483949,0.220471851246194,
0.),(0.94927093841757,0.314459354250793,0.),(0.,0.,1.),(0.966152149887291,
0.257972911888372,0.),(0.,0.,1.),(-0.697799985560335,-0.716292663756929,
0.),(-0.966410973520026,-0.257001615286901,0.),(-0.969219081843885,-0.246199860661406,
0.),(0.,0.,1.),(0.,0.,1.),(0.972929866552991,0.231100572844767,0.),(0.971076212711841,
-0.238769740765506,0.),(0.,0.,1.),(-0.650581508668888,-0.759436436167052,
0.),(-0.964063090339264,-0.265673404475324,0.),(0.,0.,1.),(0.981182533194025,
0.193082460505754,0.),(0.,0.,1.),(0.994722777599346,-0.102599199436657,
0.),(0.966152149887291,0.257972911888372,0.),(0.,0.,1.),(0.,0.,1.),(-0.98787917151285,
0.155224812742953,0.),(-0.975393337483949,0.220471851246194,0.),(0.,0.,
1.),(0.94927093841757,0.314459354250793,0.),(0.,0.,1.),(-0.977714775779143,
-0.209937650799329,0.),(0.,0.,1.),(-0.903885655415522,0.42777414827693,
0.),(-0.878489791543941,0.477761118293529,0.),(0.,0.,1.),(0.987950196385673,
0.154772121073244,0.),(0.981182533194025,0.193082460505754,0.),(0.,0.,1.),
(-0.964063090339264,-0.265673404475324,0.),(-0.650581508668888,-0.759436436167052,
0.),(0.,0.,1.),(0.,0.,1.),(-0.977714775779143,-0.209937650799329,0.),(0.,
0.,1.),(0.944373634193707,-0.328874503480841,0.),(0.944373634193707,-0.328874503480841,
0.),(0.,0.,1.),(0.,0.,1.),(-0.950348326001724,0.311188141267821,0.),(-0.903885655415522,
0.42777414827693,0.),(0.,0.,1.),(0.,0.,1.),(0.984607556166604,-0.17477974808206,
0.),(0.,0.,1.),(0.984607556166604,-0.17477974808206,0.),(0.,0.,1.),(-0.992830855150513,
0.119527792002958,0.),(-0.992830855150513,0.119527792002958,0.),(0.,0.,
1.),(0.,0.,1.),(-0.950348326001724,0.311188141267821,0.),(0.972929866552991,
0.231100572844767,0.),(0.,0.,1.),(0.971076212711841,-0.238769740765506,
0.),(0.994722777599346,-0.102599199436657,0.),(0.,0.,1.),(0.,0.,1.),(0.999992792221303,
-0.00379677566400034,0.),(0.,0.,1.),(0.999992792221303,-0.00379677566400034,
0.),(0.,0.,1.),(0.979675312637223,0.20058983476029,0.),(0.976769112069304,
-0.214294427616174,0.),(0.,0.,1.),(0.978311851316614,-0.206250196670514,
-0.0191514476432934),(0.979675312637223,0.20058983476029,0.),(0.,0.,1.),
(0.977252188298403,-0.212005867062838,-0.00562785899933563),(0.,0.,1.),
(-0.995240201310104,-0.0974522534178879,0.),(0.,0.,1.),(-0.851177380367381,
0.524878145049803,0.),(0.,0.,1.),(0.986007229173334,-0.166702561521784,
0.),(0.986001859748729,-0.166733641629259,-0.000474679990797076),(0.,0.,
1.),(0.,0.,1.),(0.995677334728287,0.0928797346484945,0.),(0.,0.,1.),(0.995677334728287,
0.0928797346484945,0.),(0.,0.,1.),(0.993624356524875,0.112741465843447,
0.),(-0.743541084304259,-0.66869025411744,0.),(0.,0.,1.),(-0.944105141473487,
-0.329644477950604,0.),(-0.995240201310104,-0.0974522534178879,0.),(0.,
0.,1.),(0.,0.,1.),(0.999368569396717,0.0355311483343746,0.),(-0.746782106905169,
-0.665068782011513,0.),(0.,0.,1.),(-0.917877217487923,-0.396864477645239,
0.),(0.,0.,1.),(-0.971482859605976,-0.237109792062234,0.),(0.,0.,1.),(-0.97894412652911,
-0.20412838395029,0.),(0.,0.,1.),(-0.822066807164281,-0.569391047136083,
0.),(0.,0.,1.),(-0.999945085184554,0.0104798194285805,0.),(0.999368569396717,
0.0355311483343746,0.),(0.,0.,1.),(-0.746782106905169,-0.665068782011513,
0.),(0.,0.,1.),(-0.991988462144414,-0.126328504195852,0.),(-0.822066807164281,
-0.569391047136083,0.),(0.,0.,1.),(0.,0.,1.),(-0.917877217487923,-0.396864477645239,
0.),(-0.97894412652911,-0.20412838395029,0.),(0.,0.,1.),(0.,0.,1.),(-0.971482859605976,
-0.237109792062234,0.),(0.,0.,1.),(-0.990967756739593,0.134100354594979,
0.),(0.,0.,1.),(0.997127242141215,-0.0757447224554586,0.),(0.,0.,1.),(-0.960633333223548,
0.277819364155589,0.),(-0.990967756739593,0.134100354594979,0.),(0.,0.,
1.),(0.,0.,1.),(0.998316415428127,0.0580028851587225,0.),(0.997127242141215,
-0.0757447224554586,0.),(0.,0.,1.),(0.,0.,1.),(-0.889089040663898,-0.457734287301432,
0.),(-0.998428906641274,-0.056033190013682,0.),(0.,0.,1.),(-0.99957385568648,
-0.0291908723416129,0.),(0.,0.,1.),(-0.823101382711877,-0.567894456547865,
0.),(-0.99957385568648,-0.0291908723416129,0.),(0.,0.,1.),(0.,0.,1.),(-0.889089040663898,
-0.457734287301432,0.),(-0.998428906641274,-0.056033190013682,0.),(-0.999999425646657,
0.00107177719528451,0.),(0.,0.,1.),(0.,0.,1.),(0.990508791174593,0.13744938925236,
0.),(-0.845293805258948,-0.534301771278037,0.),(0.993624356524875,0.112741465843447,
0.),(0.,0.,1.),(-0.743541084304259,-0.66869025411744,0.),(-0.823101382711877,
-0.567894456547865,0.),(0.,0.,1.),(0.,0.,1.),(-0.98787917151285,0.155224812742953,
0.),(-0.999945085184554,0.0104798194285805,0.),(0.,0.,1.),(0.,0.,1.),(-0.991988462144414,
-0.126328504195852,0.),(0.,0.,1.),(0.99817850945776,-0.0603296217183888,
0.),(0.999043619729372,0.0437246598389714,0.),(0.,0.,1.),(0.,0.,1.),(-0.999677381627257,
0.0253994618618503,0.),(0.956477657144338,0.291805571200549,0.),(0.999993541612124,
-0.00359398581541175,0.),(0.,0.,1.),(0.,0.,1.),(0.99817850945776,-0.0603296217183888,
0.),(0.998316415428127,0.0580028851587225,0.),(0.,0.,1.),(0.,0.,1.),(-0.944105141473487,
-0.329644477950604,0.),(-0.851177380367381,0.524878145049803,0.),(0.,0.,
1.),(0.,0.,1.),(-0.960633333223548,0.277819364155589,0.),(-0.76207123148967,
0.64749319543592,0.),(0.,0.,1.),(0.997042238477139,0.0768555443185181,0.),
(0.,0.,1.),(0.99762639747929,-0.0688590665961556,0.),(0.99762639747929,
-0.0688590665961556,0.),(0.,0.,1.),(0.,0.,1.),(0.998953129779026,0.0457454315171332,
0.),(0.,0.,1.),(-0.998579927109547,0.0532740947730911,0.),(0.,0.,1.),(-0.999735461897144,
0.0230001353322905,0.),(0.,0.,1.),(-0.999481743851768,0.0321907394607211,
0.),(0.999284543727396,-0.0378206381163743,0.),(0.,0.,1.),(-0.696351442920807,
-0.717700959970175,0.),(-0.996739991543043,0.0806807861809404,0.),(0.,0.,
1.),(0.997866766410029,0.0652833554161553,0.),(-0.999481743851768,0.0321907394607211,
0.),(0.,0.,1.),(0.,0.,1.),(-0.999735461897144,0.0230001353322905,0.),(-0.998579927109547,
0.0532740947730911,0.),(0.,0.,1.),(-0.219472556015147,-0.975618674050563,
0.),(0.999728849518576,0.0232857776392407,0.),(0.,0.,1.),(-0.999972309906608,
0.00744173501564857,0.),(-0.219472556015147,-0.975618674050563,0.),(0.,
0.,1.),(0.,0.,1.),(0.999018523516495,0.0442943525849729,0.),(0.656508119262027,
-0.754318957300582,0.),(0.,0.,1.),(0.291645846261188,-0.956526372014173,
0.),(0.,0.,1.),(0.291645846261188,-0.956526372014173,0.),(-0.159110935815777,
-0.987260710300895,0.),(0.,0.,1.),(-0.99292198102839,0.11876842842548,0.),
(0.,0.,1.),(0.995732204474115,-0.0922896363256418,0.),(0.,0.,1.),(0.990493653019159,
-0.137558436050871,0.),(0.,0.,1.),(0.,-1.,0.),(0.,0.,1.),(-0.98891095955116,
0.148509643052575,0.),(0.,-1.,0.),(-0.98891095955116,0.148509643052575,
0.),(0.,-1.,0.),(0.,0.,1.),(0.,0.,1.),(-0.99292198102839,0.11876842842548,
0.),(0.997966470849459,-0.063741062591364,0.),(0.,0.,1.),(-0.646600868278045,
-0.762828497856548,0.),(0.990493653019159,-0.137558436050871,0.),(0.,0.,
1.),(0.,0.,1.),(0.995732204474115,-0.0922896363256418,0.),(-0.722941366974616,
-0.690909386183799,0.),(0.,0.,1.),(0.,0.,1.),(0.987814663184545,-0.155634800727872,
0.),(0.,0.,1.),(0.,-1.,0.),(0.987605843244375,-0.156954446861394,0.),(0.,
-1.,0.),(0.987605843244375,-0.156954446861394,0.),(0.,0.,1.),(0.908012901412049,
-0.418942204688515,0.),(0.999903430004426,0.0138971459438359,0.),(0.,0.,
1.),(0.656508119262027,-0.754318957300582,0.),(0.908012901412049,-0.418942204688515,
0.),(0.,0.,1.),(0.,0.,1.),(-0.988947891753521,0.148263506623394,0.),(0.,
-1.,0.),(0.,-1.,0.),(0.,0.,1.),(0.988995514883886,-0.147945501924046,0.),
(0.,0.,1.),(0.990553394808096,-0.137127575761242,0.),(0.,-1.,0.),(0.,0.,
1.),(0.988995514883886,-0.147945501924046,0.),(0.,0.,1.),(-0.993056796437686,
0.117635874838075,0.),(-0.988947891753521,0.148263506623394,0.),(0.,0.,
1.),(0.,-1.,0.),(0.990553394808096,-0.137127575761242,0.),(0.,0.,1.),(0.,
0.,1.),(0.995620233059681,-0.0934898471609951,0.),(0.,0.,1.),(-0.79132934409405,
-0.611390112101661,0.),(-0.996217396502954,0.0868959084472662,0.),(0.,0.,
1.),(0.996059641147689,-0.0886859136319668,0.),(-0.993056796437686,0.117635874838075,
0.),(0.,0.,1.),(0.,0.,1.),(-0.79132934409405,-0.611390112101661,0.),(-0.996217396502954,
0.0868959084472662,0.),(0.993165236490687,-0.116716806957685,0.),(0.,0.,
1.),(-0.708372701556861,-0.705838590393749,0.),(0.996059641147689,-0.0886859136319668,
0.),(0.,0.,1.),(0.,0.,1.),(0.499895015631017,0.861960395233798,0.0844348884979409),
(0.,0.,1.),(-0.723024482902904,-0.690822406355634,0.),(-0.723024482902904,
-0.690822406355634,0.),(0.,0.,1.),(0.,0.,1.),(0.524899404447894,0.850805976725572,
0.0246942337053163),(0.999903430004426,0.0138971459438359,0.),(0.,0.,1.),
(0.,-1.,0.),(0.,0.,1.),(-0.737358017445733,-0.675502149595764,0.),(-0.993899222260134,
0.110292048628632,0.),(0.,0.,1.),(-0.992338293427825,0.123550440698329,
0.),(0.,0.,1.),(-0.990600508616947,0.136786813428214,0.),(0.,-1.,0.),(0.,
0.,1.),(0.99582220290903,-0.0913134173788655,0.),(-0.762046190888712,-0.647522665975489,
0.),(0.,-1.,0.),(-0.990600508616947,0.136786813428214,0.),(0.,0.,1.),(0.,
0.,1.),(0.994799038281653,-0.101857122646865,0.),(0.,0.,1.),(0.,-1.,0.),
(0.993664240701814,-0.112389397856237,0.),(0.,-1.,0.),(0.993664240701814,
-0.112389397856237,0.),(0.,0.,1.),(-0.993899222260134,0.110292048628632,
0.),(-0.737358017445733,-0.675502149595764,0.),(0.,0.,1.),(0.,0.,1.),(-0.992338293427825,
0.123550440698329,0.),(0.,0.,1.),(0.893986320948752,0.448094251197797,0.),
(-0.46902206341827,-0.883186449186619,0.),(0.,0.,1.),(0.474861111004446,
0.880060750889178,0.),(0.475852623321551,0.879504027493437,0.00607836333414598),
(0.,0.,1.),(0.,0.,1.),(0.995620233059681,-0.0934898471609951,0.),(0.987814663184545,
-0.155634800727872,0.),(0.,0.,1.),(0.,0.,1.),(-0.303741203108846,-0.952754575708766,
0.),(0.,0.,1.),(-0.446177939208139,0.825434672898879,0.345807529328526),
(0.,0.,1.),(-0.445994435604454,0.894874942067825,0.0169647124635795),(0.,
0.,1.),(0.46942860112378,-0.879328475542455,-0.0801137974830398),(-0.418222639663426,
0.908237560692963,0.0139411986375571),(0.,0.,1.),(0.,0.,1.),(0.48939391975002,
-0.872062836790854,0.),(0.,0.,1.),(0.507406124526409,-0.860041934823261,
-0.0535433949105938),(0.,0.,1.),(-0.481846847778789,0.865810885706368,0.134889308241979),
(-0.509960137757475,0.85974278324732,0.0279822185062115),(-0.950022261562091,
0.312182162425162,0.),(0.,0.,1.),(0.,0.,1.),(0.444679674768184,-0.895689671062507,
0.),(0.,0.,1.),(-0.414968274406254,0.909835881484291,0.),(0.489874141199217,
-0.871741764942856,-0.00946683889395311),(0.,0.,1.),(0.,0.,1.),(0.444957322096045,
-0.895546914594692,-0.00295046997001884),(0.,0.,1.),(0.511504497590537,
-0.858501349002628,-0.0365866465437939),(0.,0.,1.),(0.522052595353695,-0.852897777806209,
-0.00514473494973508),(0.,0.,1.),(-0.510354200202423,0.859771998415147,
0.0181851883952028),(0.520940367045971,-0.853525119172571,-0.0107705581776524),
(0.,0.,1.),(-0.979973500584442,0.199127944177294,0.),(0.,0.,1.),(-0.979973500584442,
0.199127944177294,0.),(0.524435828940821,-0.851449975819575,0.),(0.,0.,
1.),(0.,1.,0.),(0.,0.,1.),(-0.947312015616064,0.320312261815608,0.),(0.,
0.,1.),(-0.950022261562091,0.312182162425162,0.),(-0.514992853085323,0.857194471092202,
0.),(0.,0.,1.),(0.,1.,0.),(-0.944532195334498,0.328418836208573,0.),(0.,
0.,1.),(0.966790552081634,-0.255543764532016,-0.00366235095194367),(0.,
0.,1.),(0.967077742938094,-0.254481117401196,0.),(0.,1.,0.),(0.,1.,0.),
(0.,0.,1.),(-0.944532195334498,0.328418836208573,0.),(0.,1.,0.),(0.967023797393232,
-0.254684961560834,-0.000738667671485581),(0.,0.,1.),(0.,0.,1.),(-0.947312015616064,
0.320312261815608,0.),(0.,0.,1.),(0.966505760707895,-0.256644919136251,
0.),(0.,0.,1.),(0.966322836146465,-0.257332056249185,-0.000623833647176588),
(0.,0.,1.),(-0.973711509531369,0.227784758502719,0.),(-0.973711509531369,
0.227784758502719,0.),(0.,0.,1.),(0.,0.,1.),(0.966508252780609,-0.256635474271714,
-0.000175077999714239),(-0.500275152958339,0.864591961881362,0.0469628659969544),
(-0.966611712227653,0.256245581004482,0.),(0.,0.,1.),(0.,0.,1.),(-0.4365297234834,
0.854811858874284,0.280603789075268),(0.,0.,1.),(0.397364361207778,-0.917660920188898,
0.),(0.397364361207778,-0.917660920188898,0.),(0.,0.,1.),(0.,0.,1.),(0.66098445214351,
-0.750399596231597,0.),(0.,0.,1.),(-0.642688170939753,0.766127871137785,
0.),(0.777494928688759,-0.628889207939889,0.),(-0.642676181142521,0.766137914498889,
-0.000148860197928667),(0.,0.,1.),(0.777494928688759,-0.628889207939889,
0.),(0.66098445214351,-0.750399596231597,0.),(0.,0.,1.),(0.,0.,1.),(-0.500353890639552,
0.865820988496966,0.),(0.669820392829124,-0.742523158797245,0.),(0.,0.,
1.),(0.569456655390673,-0.822021360812034,0.),(1.,0.,0.),(0.,0.,1.),(-0.599746588028491,
0.800189996280998,0.),(0.,0.,1.),(-0.577441915343559,0.816431769595207,
0.),(0.,0.,1.),(1.,0.,0.),(-0.602764772614518,0.79791893629301,0.),(0.,
0.,1.),(0.557686299880184,-0.830051800146201,0.),(1.,0.,0.),(0.569456655390673,
-0.822021360812034,0.),(0.,0.,1.),(0.,0.,1.),(-0.577441915343559,0.816431769595207,
0.),(-0.599746588028491,0.800189996280998,0.),(0.,0.,1.),(0.,0.,1.),(-0.529399082988523,
0.848372919729827,0.),(0.,0.,1.),(-0.529399082988523,0.848372919729827,
0.),(0.,0.,1.),(0.57722213946437,-0.816587167246813,0.),(0.,0.,1.),(-0.803447466406564,
0.59537565345324,0.),(0.,0.,1.),(-0.765370494467797,0.643589936371071,0.),
(0.557686299880184,-0.830051800146201,0.),(0.,0.,1.),(0.,0.,1.),(-0.691780975731507,
0.72210738925451,0.),(0.57722213946437,-0.816587167246813,0.),(0.,0.,1.),
(0.,0.,1.),(0.751918200562613,-0.65925641419912,0.),(-0.803447466406564,
0.59537565345324,0.),(0.,0.,1.),(0.,0.,1.),(-0.765370494467797,0.643589936371071,
0.),(-0.500353890639552,0.865820988496966,0.),(0.,0.,1.),(0.669820392829124,
-0.742523158797245,0.),(1.,0.,0.),(0.,0.,1.),(-0.602764772614518,0.79791893629301,
0.),(0.148926114985279,-0.988848326223689,0.),(0.,0.,1.),(-0.777973044629011,
0.628297653847814,0.),(0.185907474839674,-0.982567255102029,0.),(0.,0.,
1.),(0.,0.,1.),(-0.688460736964618,0.725273612961437,0.),(0.823407173575331,
-0.444842169976712,0.352301107456527),(0.892173728182445,-0.451692416076511,
0.),(-0.691780975731507,0.72210738925451,0.),(0.,0.,1.),(0.,0.,1.),(-0.865283536949471,
0.501282755223251,0.),(0.,0.,1.),(0.892173728182445,-0.451692416076511,
0.),(0.823407173575331,-0.444842169976712,0.352301107456527),(0.857064152864586,
-0.515209702814795,0.),(-0.864286971930441,0.502960370712356,-0.0062366372508405),
(-0.700213761571139,0.506021734333634,-0.503629519079627),(0.,0.,1.),(-0.822762197212132,
0.424562106538099,-0.377901289400548),(0.,0.,1.),(-0.839119896958419,0.539600131383539,
-0.0686257731421668),(0.,0.,1.),(0.,0.,1.),(0.823069558943016,-0.567940578882465,
0.),(0.821632953410335,-0.570016920687633,0.),(0.823407173575331,-0.444842169976712,
0.352301107456527),(0.,0.,1.),(0.,0.,1.),(-0.702273151816462,0.507932071847678,
-0.498816028838586),(-0.836992780245129,0.541773964398717,-0.0769678979654994),
(0.,0.,1.),(-0.780296092161574,0.595014391629394,-0.192602913558645),(-0.76511679218607,
0.641718044050877,-0.0528606304768971),(-0.00734252214415555,-0.99997304332095,
0.),(0.,0.,1.),(0.,0.,1.),(0.785835216972425,-0.618435939904775,0.),(0.111735205240645,
-0.993738015731426,0.),(0.355685923894128,-0.934605544357394,0.),(0.,0.,
1.),(0.,0.,1.),(0.751918200562613,-0.65925641419912,0.),(0.725156196529187,
-0.688584410682759,0.),(0.,0.,1.),(0.373910441025972,-0.927464814476411,
0.),(0.,0.,1.),(-0.00233547348734627,-0.999997272778076,0.),(-0.00233547348734627,
-0.999997272778076,0.),(0.,0.,1.),(0.,0.,1.),(-0.763808284704486,0.645443184344517,
0.),(0.,0.,1.),(-0.696778793131219,0.71728607503743,0.),(0.,0.,1.),(0.521685004211816,
-0.853138181293346,0.),(-0.696778793131219,0.71728607503743,0.),(0.,0.,
1.),(0.,0.,1.),(0.416647040999797,-0.909068338039618,0.),(-0.0168075586221618,
-0.999858743009813,0.),(-0.0168075586221618,-0.999858743009813,0.),(0.,
0.,1.),(-0.467632501616703,-0.883922985011536,0.),(0.,0.,1.),(-0.989069527243621,
0.147449890736077,0.),(-0.795028663152528,0.606571862820808,0.),(-0.763808284704486,
0.645443184344517,0.),(0.,0.,1.),(0.,0.,1.),(0.712477819501267,-0.701694632100546,
0.),(0.,0.,1.),(0.979336067844337,-0.202239625739347,0.),(0.794479730814884,
-0.6072906695515,0.),(-0.661234033528421,0.750179680412457,0.),(0.,0.,1.),
(-0.0974079872865998,0.995244534781666,0.),(0.521685004211816,-0.853138181293346,
0.),(0.,0.,1.),(0.,0.,1.),(0.416647040999797,-0.909068338039618,0.),(-0.0168075586221618,
-0.999858743009813,0.),(0.794479730814884,-0.6072906695515,0.),(0.979336067844337,
-0.202239625739347,0.),(0.,0.,1.),(0.,0.,1.),(0.712477819501267,-0.701694632100546,
0.),(0.,0.,1.),(-0.715771315504727,0.698334750603629,0.),(0.,0.,1.),(0.70191341576992,
-0.712262280878472,0.),(0.,0.,1.),(0.725135422921468,-0.68860628694814,
0.),(-0.986536427603086,-0.163541667510579,0.),(0.,0.,1.),(-0.592825670357098,
0.805330816848366,0.),(-0.715771315504727,0.698334750603629,0.),(0.,0.,
1.),(0.,0.,1.),(-0.789091631142898,0.614275506316376,0.),(0.725135422921468,
-0.68860628694814,0.),(0.,0.,1.),(-0.986536427603086,-0.163541667510579,
0.),(0.70191341576992,-0.712262280878472,0.),(0.,0.,1.),(0.,0.,1.),(-0.999966829215656,
-0.00814496583094841,0.),(0.,0.,1.),(-0.999966829215656,-0.00814496583094841,
0.),(0.,0.,1.),(-0.773588144928121,-0.633688710666893,0.),(0.,0.,1.),(-0.860727841397041,
-0.509065401538929,0.),(0.,0.,1.),(-0.58086199329663,-0.814002054508136,
0.),(0.,0.,1.),(-0.871077203919623,-0.491146113505514,0.),(1.,0.,0.),(-0.989069527243621,
0.147449890736077,0.),(0.,0.,1.),(-0.795028663152528,0.606571862820808,
0.),(-0.860727841397041,-0.509065401538929,0.),(0.,0.,1.),(0.,0.,1.),(-0.773588144928121,
-0.633688710666893,0.),(-0.871077203919623,-0.491146113505514,0.),(0.,0.,
1.),(1.,0.,0.),(-0.58086199329663,-0.814002054508136,0.),(0.,0.,1.),(-0.467632501616703,
-0.883922985011536,0.),(-0.0168075586221618,-0.999858743009813,0.),(0.,
0.,1.),(0.,0.,1.),(0.963322583988707,0.268346043714681,0.),(0.979336067844337,
-0.202239625739347,0.),(0.,0.,1.),(-0.508666715359283,0.860963514143078,
0.),(-0.0544221878319502,0.998518014595422,0.),(-0.508666715359283,0.860963514143078,
0.),(-0.0544221878319502,0.998518014595422,0.),(0.,0.,1.),(0.,0.,1.),(-0.592825670357098,
0.805330816848366,0.),(0.677920098662169,-0.735135592819362,0.),(-0.0974079872865998,
0.995244534781666,0.),(0.,0.,1.),(0.,0.,1.),(-0.902879516138379,0.429893683761145,
0.),(0.,0.,1.),(-0.989068491484063,0.147456838272898,0.),(0.963322583988707,
0.268346043714681,0.),(0.,0.,1.),(0.979336067844337,-0.202239625739347,
0.),(0.714562877436557,-0.699571221670523,0.),(0.,0.,1.),(0.,0.,1.),(0.114161165176209,
0.993462243049836,0.),(0.6890951441105,-0.724670878649977,0.),(0.693518371959674,
-0.720438941031371,0.),(0.,0.,1.),(0.,0.,1.),(0.0299762666123512,0.999550610744641,
0.),(-0.789091631142898,0.614275506316376,0.),(0.,0.,1.),(0.,0.,1.),(-0.4366047482674,
0.899653429821929,0.),(0.,0.,1.),(-0.461042933317352,0.887377830260668,
0.),(0.,0.,1.),(0.600639835291013,-0.799519723497541,0.),(0.,0.,1.),(0.600639835291013,
-0.799519723497541,0.),(0.534291446641014,0.845300331270639,0.),(0.,0.,
1.),(0.963322583988707,0.268346043714681,0.),(0.141487938476853,0.989939979627841,
0.),(0.,0.,1.),(0.534291446641014,0.845300331270639,0.),(-0.682162210486276,
0.731200874305055,0.),(0.,0.,1.),(0.,0.,1.),(0.479164285819347,-0.877725234452807,
0.),(0.461189409339582,-0.887301712335216,0.),(0.,0.,1.),(-0.555455460862306,
0.831546289149464,0.),(-0.306750657911405,0.95178991057424,0.),(0.,0.,1.),
(0.141487938476853,0.989939979627841,0.),(-0.444946034180939,0.895557383234963,
0.),(0.,0.,1.),(0.,0.,1.),(-0.543450228352179,0.839441391226311,0.),(-0.43815141462654,
0.898864279836698,-0.00814520069835436),(0.,0.,1.),(0.,0.,1.),(-0.593437026174891,
0.804880423395116,0.),(-0.461042933317352,0.887377830260668,0.),(0.,0.,
1.),(0.,0.,1.),(0.38750206634285,-0.921868834802447,0.),(0.,0.,1.),(-0.999592349098337,
0.0285505801003832,0.),(-0.415138432514534,0.909758254620081,0.),(-0.999592349098337,
0.0285505801003832,0.),(0.356777345511917,-0.934189448521803,0.),(0.,0.,
1.),(0.,0.,1.),(-0.418692450351092,0.908128092297006,0.),(0.91610421043823,
-0.400940239458883,0.),(0.,0.,1.),(-0.939839015864894,0.341617658001027,
0.),(-0.68251161929516,0.730874742707052,0.),(0.554396918390868,-0.832252399743437,
0.),(0.,0.,1.),(-0.999812851865478,0.0193458327455731,0.),(-0.989068491484063,
0.147456838272898,0.),(0.,0.,1.),(0.,0.,1.),(-0.593437026174891,0.804880423395116,
0.),(0.,0.,1.),(0.404872369141072,-0.91437320865503,0.),(0.,0.,1.),(0.388807122739958,
-0.921319174502884,0.),(-0.415138432514534,0.909758254620081,0.),(-0.999592349098337,
0.0285505801003832,0.),(0.,0.,1.),(0.,0.,1.),(0.388807122739958,-0.921319174502884,
0.),(0.,0.,1.),(0.444022054354754,-0.896015856582117,0.),(0.404872369141072,
-0.91437320865503,0.),(0.,0.,1.),(0.,0.,1.),(0.444349360186617,-0.895847596478647,
0.00327566560797485),(0.,0.,1.),(0.484231744671436,-0.874939779329101,0.),
(0.484231744671436,-0.874939779329101,0.),(0.,0.,1.),(0.,0.,1.),(0.38750206634285,
-0.921868834802447,0.),(-0.902879516138379,0.429893683761145,0.),(0.,0.,
1.),(-0.939839015864894,0.341617658001027,0.),(0.392244651244142,-0.919860931646932,
0.),(0.,0.,1.),(-0.68251161929516,0.730874742707052,0.),(-0.939839015864894,
0.341617658001027,0.),(0.,0.,1.),(0.547977846570062,-0.836492844959499,
0.),(0.845895169836331,-0.53334919297545,0.),(0.,0.,1.),(0.,0.,1.),(-0.743292706433387,
0.668966331412076,0.),(0.,0.,1.),(-0.743292706433387,0.668966331412076,
0.),(0.,0.,1.),(0.512006333113157,-0.858981673175871,0.),(0.,0.,1.),(-0.952330845673041,
0.305067140773421,0.),(-0.765360664530331,0.643601626155257,0.),(-0.394137226544825,
0.919051601734937,0.),(0.,0.,1.),(0.709154811930084,-0.705052801367675,
0.),(0.,0.,1.),(0.704860986110961,-0.709345466087353,0.),(0.,0.,1.),(-0.317784251630204,
0.948163050016099,0.),(0.761544202581567,-0.648112974345064,0.),(0.,0.,
1.),(0.737026135240799,-0.675864243744268,0.),(0.315920547836518,-0.948785648845235,
0.),(-0.748642706823076,0.662973677848991,0.),(0.,0.,1.),(-0.765360664530331,
0.643601626155257,0.),(-0.952330845673041,0.305067140773421,0.),(0.,0.,
1.),(0.,0.,1.),(0.512006333113157,-0.858981673175871,0.),(0.704860986110961,
-0.709345466087353,0.),(0.,0.,1.),(0.,0.,1.),(0.36525635173803,-0.930906975758064,
0.),(0.364662914646179,-0.931139602144465,0.),(0.,0.,1.),(0.327565304042017,
-0.659452325094761,-0.676626634500131),(0.737026135240799,-0.675864243744268,
0.),(0.,0.,1.),(0.315920547836518,-0.948785648845235,0.),(0.,0.,1.),(-0.354719154333424,
0.934972898831287,0.),(-0.317784251630204,0.948163050016099,0.),(0.,0.,
1.),(0.761544202581567,-0.648112974345064,0.),(0.,0.,1.),(-0.387229074571626,
0.780844515573708,0.490240233258004),(-0.391108439694496,0.920344603069816,
0.),(0.,0.,1.),(0.413586360730078,-0.910464893457211,0.),(0.327565304042017,
-0.659452325094761,-0.676626634500131),(0.485352391377169,-0.874318623949224,
0.),(-0.353475902764288,0.935443630672085,0.),(-0.386668437890364,0.779892463783602,
0.492194335677453),(0.,0.,1.),(0.485352391377169,-0.874318623949224,0.),
(0.327565304042017,-0.659452325094761,-0.676626634500131),(0.,0.,1.),(-0.999342835833368,
0.0362477098383151,0.),(-0.998819455055859,0.0485767043130352,0.),(0.,0.,
1.),(0.,0.,1.),(0.45502279303672,-0.890479790796547,0.),(0.,0.,1.),(-0.446095997702801,
0.894985117660368,0.),(0.,0.,1.),(-0.339542927359164,0.940590559425497,
0.),(0.,0.,1.),(0.475540786604166,-0.879693674113831,0.),(0.,0.,1.),(0.347027558062566,
-0.937854932249723,0.),(0.45502279303672,-0.890479790796547,0.),(0.,0.,
1.),(0.,0.,1.),(-0.339542927359164,0.940590559425497,0.),(0.,0.,1.),(-0.484618788639424,
0.874725459614419,0.),(-0.446095997702801,0.894985117660368,0.),(0.,0.,
1.),(0.,0.,1.),(-0.26217237980663,0.965021058457549,0.),(0.753698056019142,
-0.657220845951319,0.),(0.460568306852586,-0.887624264383834,0.),(0.,0.,
1.),(-0.980790306868352,0.195065050567968,0.),(0.475540786604166,-0.879693674113831,
0.),(0.,0.,1.),(0.,0.,1.),(-0.484618788639424,0.874725459614419,0.),(0.3476542481194,
-0.93762280463123,0.),(0.19231299678538,-0.740573468487734,-0.64386850290993),
(0.,0.,1.),(0.,0.,1.),(-0.802311378561132,0.596905731109475,0.),(-0.492227457336773,
0.870466616386737,0.),(-0.998143976017216,0.0608983016228119,0.),(0.,0.,
1.),(-0.802311378561132,0.596905731109475,0.),(0.745420383188049,-0.666594668691389,
0.),(0.,0.,1.),(0.,0.,1.),(0.63716382101402,0.76813063194295,-0.0632265566177522),
(0.,0.,1.),(0.625878649888613,0.765846840116736,-0.147494179874386),(0.,
0.,1.),(-0.655814420870865,-0.747601288675068,0.104879733739123),(0.,0.,
1.),(-0.643864089368206,-0.715984167371915,0.269825325895839),(0.,0.,1.),
(-0.627029789131357,-0.778995278253909,0.),(0.,0.,1.),(0.607437096482805,
0.794367782463853,0.),(0.607800403892615,0.794075320300743,-0.00480153280174732),
(0.,0.,1.),(0.,0.,1.),(-0.628176164625288,-0.778004272028899,0.010200926499354),
(0.318792503074986,0.94782453016536,0.),(-0.683794803591925,-0.729540089180814,
0.0139973161259951),(0.,0.,1.),(0.,0.,1.),(0.548223921034388,0.836331592375704,
0.),(0.370204683980746,0.928950209623054,0.),(0.,0.,1.),(0.,0.,1.),(0.,
-1.,0.),(0.,-1.,0.),(0.,0.,-1.),(-1.,0.,0.),(0.,0.,1.),(0.631773651753095,
0.758879520519729,-0.15799976672864),(0.,0.,1.),(0.,-1.,0.),(0.546023406140095,
0.83760170351969,-0.0167876802471774),(0.,0.,1.),(0.,0.,1.),(0.566554995602789,
0.708984381265609,-0.419948311199063),(0.599386308570832,0.800459900993068,
0.),(0.,0.,1.),(-0.105216341364155,-0.994449355930176,0.),(0.,0.,1.),(-0.960961755762181,
0.276681231677297,0.),(0.741146191650971,0.671343669517529,0.),(-0.0525347101839966,
-0.998619098668698,0.),(0.,0.,1.),(0.,0.,1.),(-0.407346392325416,-0.913273735886162,
0.),(-0.960961755762181,0.276681231677297,0.),(0.,0.,1.),(-0.602462957677307,
-0.798146844024777,0.),(0.38419494631348,0.923251993351318,0.),(0.,0.,1.),
(0.838878973679931,0.544317983827198,0.),(0.,0.,1.),(0.874674800428176,
0.484710216001201,0.),(-0.324216037298761,-0.945983065999751,0.),(0.,0.,
1.),(0.303649570317974,0.952783783681119,0.),(0.799027647605675,0.601294285987936,
0.),(0.,0.,1.),(0.863412701868308,0.504498271803252,0.),(0.,0.,1.),(0.786525427705531,
0.617557893296354,0.),(-0.285894745143398,-0.958261026390718,0.),(0.,0.,
1.),(0.765975835047248,0.642869364741913,0.),(0.99582220290903,-0.0913134173788655,
0.),(0.,0.,1.),(-0.762046190888712,-0.647522665975489,0.),(0.,0.,1.),(0.467398126809616,
0.884046939395676,0.),(0.744612043514862,0.66749749411711,0.),(0.,0.,1.),
(-0.785811666897482,-0.618465863381158,0.),(0.,0.,1.),(-0.785811666897482,
-0.618465863381158,0.),(0.874674800428176,0.484710216001201,0.),(0.,0.,
1.),(-0.324216037298761,-0.945983065999751,0.),(0.838878973679931,0.544317983827198,
0.),(0.,0.,1.),(0.,0.,1.),(0.469281208444653,0.883048779740239,0.),(0.829285138199126,
0.558825696941414,0.),(0.,0.,1.),(-0.480231613261687,-0.877141720375948,
0.),(0.308121629738159,0.951346972080902,0.),(0.,0.,1.),(0.333135267754049,
0.942879044935477,0.),(0.,0.,1.),(-0.280623788144492,-0.959817841846793,
0.),(0.,0.,1.),(0.414375179818883,0.910106153341504,0.),(-0.280623788144492,
-0.959817841846793,0.),(0.,0.,1.),(0.,0.,1.),(0.217917688143621,0.975967151698324,
0.),(0.,0.,1.),(0.217917688143621,0.975967151698324,0.),(0.,0.,1.),(-0.247773538085186,
-0.968817977653568,0.),(0.,0.,1.),(0.741146191650971,0.671343669517529,
0.),(0.13046699672791,0.99145265281041,0.),(0.303649570317974,0.952783783681119,
0.),(0.,0.,1.),(0.799027647605675,0.601294285987936,0.),(-0.247773538085186,
-0.968817977653568,0.),(0.,0.,1.),(0.,0.,1.),(0.765975835047248,0.642869364741913,
0.),(-0.285894745143398,-0.958261026390718,0.),(0.786525427705531,0.617557893296354,
0.),(0.,0.,1.),(0.741146191650971,0.671343669517529,0.),(-0.960961755762181,
0.276681231677297,0.),(0.,0.,1.),(-0.960961755762181,0.276681231677297,
0.),(0.,0.,1.),(-0.407346392325416,-0.913273735886162,0.),(0.13046699672791,
0.99145265281041,0.),(0.741146191650971,0.671343669517529,0.),(0.,0.,1.),
(0.,0.,1.),(0.579897409291878,0.814689508154222,0.),(0.,0.,1.),(-0.57612868573681,
-0.817359001584479,0.),(0.579897409291878,0.814689508154222,0.),(0.,0.,
1.),(0.,0.,1.),(0.56624074107315,0.824239906306974,0.),(0.248154487883165,
-0.96872047059172,0.),(0.863412701868308,0.504498271803252,0.),(0.,0.,1.),
(0.,0.,1.),(0.460451025154588,0.887685109390762,0.),(0.,0.,1.),(0.444701588435623,
0.895678791332492,0.),(0.,0.,1.),(-0.532612697232669,-0.846359093261567,
0.),(0.436594190281447,0.899658553570457,0.),(0.,0.,1.),(-0.474636461261883,
-0.880181929853594,0.),(0.,0.,1.),(-0.474636461261883,-0.880181929853594,
0.),(-0.46902206341827,-0.883186449186619,0.),(0.893986320948752,0.448094251197797,
0.),(0.,0.,1.),(0.,0.,1.),(-0.622685960781815,-0.782471848851591,0.),(0.,
0.,1.),(-0.589520838098384,-0.807753168639888,0.),(0.405428942049802,-0.91412656287211,
0.),(0.,0.,1.),(0.,0.,1.),(0.631788998177999,0.775140414235537,0.),(0.408559971056368,
-0.912731477517029,0.),(-0.624100683076596,-0.781239699161509,0.0127620467543705),
(0.,0.,1.),(0.,0.,1.),(-0.589520838098384,-0.807753168639888,0.),(0.,0.,
1.),(-0.493451434607883,-0.869773350754909,0.),(-0.493451434607883,-0.869773350754909,
0.),(0.,0.,1.),(0.,0.,1.),(-0.57612868573681,-0.817359001584479,0.),(0.333135267754049,
0.942879044935477,0.),(0.,0.,1.),(0.,0.,1.),(-0.205082966592842,-0.97874459222694,
0.),(0.,0.,1.),(-0.408114006910799,-0.912930970754751,0.),(0.,0.,1.),(-0.230826748507567,
-0.972994867495931,0.),(0.,0.,1.),(-0.348851446731425,-0.937178034374148,
0.),(-0.480231613261687,-0.877141720375948,0.),(0.,0.,1.),(0.308121629738159,
0.951346972080902,0.),(0.994799038281653,-0.101857122646865,0.),(0.,0.,
1.),(0.,0.,1.),(-0.205082966592842,-0.97874459222694,0.),(0.233108391927196,
-0.972450758451613,0.),(0.,0.,1.),(-0.567143471115821,-0.823619015789885,
0.),(0.21800628001275,-0.975947366344621,0.),(0.,0.,1.),(0.,0.,1.),(0.572649991057109,
0.81979996812777,0.),(0.,0.,1.),(-0.56759674202517,-0.823306709824724,0.),
(-0.602462957677307,-0.798146844024777,0.),(0.,0.,1.),(0.38419494631348,
0.923251993351318,0.),(0.,0.,1.),(0.410523175254436,0.911850164544052,0.),
(0.410523175254436,0.911850164544052,0.),(0.,0.,1.),(0.572068366151576,
0.82020594026663,0.),(0.564850617264799,0.70743329539146,-0.424831628703837),
(0.,0.,1.),(0.,0.,1.),(0.545290132794164,0.838247380596756,0.),(0.0109449297987411,
-0.999940102461993,0.),(0.0565137942214009,-0.9984018184392,0.),(0.,0.,
1.),(0.,0.,1.),(-0.56759674202517,-0.823306709824724,0.),(-0.108278478143546,
-0.994120601924594,0.),(0.,0.,1.),(-0.531681226259023,-0.846944551693735,
0.),(0.0255874698781469,-0.999672587093012,0.),(0.,0.,1.),(0.,0.,1.),(-0.466245583891268,
-0.884655331472032,0.),(0.,0.,1.),(-0.466245583891268,-0.884655331472032,
0.),(0.,0.,1.),(0.547227950639549,0.836983613960775,0.),(0.524647508477065,
0.851319559183746,0.),(0.,0.,1.),(0.158994099362588,-0.987279533044152,
0.),(0.,0.,1.),(-0.511700135387665,-0.859164112055575,0.),(0.469281208444653,
0.883048779740239,0.),(0.,0.,1.),(0.829285138199126,0.558825696941414,0.),
(0.414375179818883,0.910106153341504,0.),(0.,0.,1.),(0.,0.,1.),(0.504461412783239,
0.863434237804327,0.),(-0.408114006910799,-0.912930970754751,0.),(0.,0.,
1.),(0.,0.,1.),(0.547227950639549,0.836983613960775,0.),(0.504461412783239,
0.863434237804327,0.),(0.,0.,1.),(0.,0.,1.),(-0.230826748507567,-0.972994867495931,
0.),(0.101965172811102,-0.994787969133927,0.),(0.,0.,1.),(-0.443814160535984,
-0.896118848651082,0.),(0.460451025154588,0.887685109390762,0.),(0.,0.,
1.),(0.,0.,1.),(0.373379249070937,0.927678789432648,0.),(0.,0.,1.),(0.262034474851029,
0.9650585132465,0.),(0.,0.,1.),(0.,-1.,0.),(0.248669831310719,0.968588310375413,
0.),(0.,-1.,0.),(0.248669831310719,0.968588310375413,0.),(0.,0.,1.),(0.,
0.,1.),(0.373379249070937,0.927678789432648,0.),(0.744612043514862,0.66749749411711,
0.),(0.467398126809616,0.884046939395676,0.),(0.,0.,1.),(0.,0.,1.),(0.262034474851029,
0.9650585132465,0.),(-0.348851446731425,-0.937178034374148,0.),(0.,0.,1.),
(0.,0.,1.),(-0.532612697232669,-0.846359093261567,0.),(0.436594190281447,
0.899658553570457,0.),(0.444701588435623,0.895678791332492,0.),(0.,0.,1.),
(0.,0.,1.),(-0.511700135387665,-0.859164112055575,0.),(-0.689891005296709,
0.723913255031773,0.),(0.,0.,1.),(-0.713163878444669,0.700997348412786,
0.),(0.342891531291954,-0.939375003802134,0.),(0.,0.,1.),(0.,0.,1.),(-0.649927816499791,
0.759995942975891,0.),(0.,0.,1.),(0.266531095374973,-0.963826320038116,
0.),(0.,0.,1.),(-0.273694260496488,0.822625986266481,0.49837529883651),
(-0.279096153798435,0.952774766558485,0.119689519776566),(0.,0.,1.),(-0.275727591168923,
0.955170453004944,0.107813269937024),(0.,0.,1.),(0.0859263859188747,-0.996301488608203,
0.),(0.,0.,1.),(-0.177534175010351,0.984114635956297,0.),(0.266531095374973,
-0.963826320038116,0.),(0.,0.,1.),(0.,0.,1.),(-0.254221977665078,0.72104585370128,
0.644565018390115),(-0.178739178419982,0.983853128302815,0.00923731706252815),
(-0.330602706015161,0.94377002006604,0.),(0.,0.,1.),(0.,0.,1.),(-0.535904024551009,
0.844278909170442,0.),(0.124150007059908,-0.992263460854538,0.),(0.,0.,
1.),(0.,0.,1.),(-0.231490843919725,0.972837082548426,0.),(-0.144817668622204,
0.989458358322789,0.),(0.,0.,1.),(0.,0.,1.),(0.0961127619803609,0.995370452135539,
0.),(-0.00279654387683305,0.999996089663527,0.),(0.,0.,1.),(0.,0.,1.),(0.191496786645076,
0.981493240274537,0.),(0.23743733646544,0.971402857341998,0.),(0.,0.,1.),
(0.783118635068912,-0.621872336905095,0.),(0.752687606684975,-0.658377829777738,
0.),(0.,0.,1.),(0.,0.,1.),(-0.122616262552577,-0.992454156199488,0.),(0.,
0.,1.),(-0.122616262552577,-0.992454156199488,0.),(-0.226346532904169,-0.974046840271176,
0.),(0.72055648393407,-0.693396245634897,0.),(0.,0.,1.),(0.,0.,1.),(0.0012900776786089,
0.999999167849445,0.),(0.0859263859188747,-0.996301488608203,0.),(0.,0.,
1.),(0.,0.,1.),(0.0012900776786089,0.999999167849445,0.),(0.,-1.,0.),(0.,
0.,1.),(0.354035648704199,0.935231928158249,0.),(-1.,0.,0.),(0.,0.,1.),
(0.966369637414554,-0.257157002399823,0.),(0.,0.,1.),(1.,0.,0.),(-0.570102545565394,
0.821573543597807,0.),(-0.539224792844043,0.842161874453065,0.),(0.,0.,
1.),(0.,0.,1.),(1.,0.,0.),(-0.570102545565394,0.821573543597807,0.),(-1.,
0.,0.),(0.,0.,1.),(-0.108151456270838,-0.994134428790441,0.),(0.854073837607363,
-0.520151785457507,0.),(0.,0.,1.),(0.,1.,0.),(0.,0.,1.),(0.983259660983948,
-0.182209876465935,0.),(0.,0.,1.),(0.976860328939131,-0.213878231115119,
0.),(0.,-1.,0.),(0.,-1.,0.),(1.,0.,0.),(0.,0.,-1.),(0.,0.,1.),(0.,1.,0.),
(0.988632631062766,-0.150351324563212,0.),(0.,1.,0.),(0.,0.,-1.),(1.,0.,
0.),(0.,1.,0.),(-1.,0.,0.),(0.,0.,-1.),(0.988632631062766,-0.150351324563212,
0.),(0.,1.,0.),(0.,0.,1.),(0.,0.,1.),(0.976860328939131,-0.213878231115119,
0.),(0.,-1.,0.),(0.983259660983948,-0.182209876465935,0.),(0.,0.,1.),(0.,
1.,0.),(-0.98315270995774,0.182786074148858,0.),(0.,0.,1.),(0.,0.,1.),(0.,
1.,0.),(-0.98315270995774,0.182786074148858,0.),(0.,-1.,0.),(-0.967359075457647,
0.253409587683116,0.),(0.,0.,1.),(0.,0.,1.),(-0.983092573956315,0.183109232514219,
0.),(0.,0.,1.),(-0.971885287352014,0.235454853907692,0.),(0.,0.,1.),(-0.967359075457647,
0.253409587683116,0.),(0.,-1.,0.),(0.,0.,1.),(-0.979702697880778,0.200456039482786,
0.),(0.,0.,-1.),(-0.970940645100805,-0.239320420547917,0.),(-0.754802716446912,
-0.655805748808937,0.0138448211801943),(0.920059795591732,-0.391585690401969,
-0.0122727180410037),(0.,0.,-1.),(0.,0.,-1.),(-0.885491068951891,0.464656380626607,
0.000121447184903574),(0.,0.,-1.),(-0.97094080250602,0.239319781942419,
0.),(-0.970940645100805,-0.239320420547917,0.),(0.,0.,-1.),(-0.754929186896708,
0.655650419423652,0.0142986111585767),(-0.970940959909973,0.239319143340225,
0.),(0.,0.,-1.),(0.,0.,-1.),(0.,0.,-1.),(0.,0.,-1.),(0.,0.,-1.),(0.,0.,
-1.),(0.,0.,-1.),(0.922514478551272,0.385369714851029,-0.0213826971851434),
(0.,0.,-1.),(-0.970940959909973,-0.239319143340225,0.),(-0.74972745910644,
-0.661742039145321,0.0024921255171896),(0.,0.,-1.),(-0.970940959909973,
0.239319143340225,0.),(-0.970940959909973,-0.239319143340225,0.),(0.908143454552733,
-0.418659128591541,0.),(0.,0.,1.),(0.,0.,1.),(0.831470436003129,-0.555569000262583,
0.),(0.555571159045337,-0.831468993551185,0.),(0.831470436003129,-0.555569000262583,
0.),(0.555571159045337,-0.831468993551185,0.),(0.,0.,-1.),(0.458718593440383,
-0.888581595596081,0.),(0.,0.,1.),(0.387533262497386,-0.921821709654241,
-0.00791871632681464),(0.,0.,-1.),(0.,0.,-1.),(0.885455723049513,0.464723748606485,
0.),(0.568068857674621,0.822981028299104,0.),(0.,0.,-1.),(0.358052968215731,
0.933683684044796,0.00573150071459908),(0.,0.,-1.),(0.,-1.,0.),(0.,-1.,
0.),(0.,0.,1.),(0.989041738475569,-0.147636172915803,0.),(0.,-1.,0.),(-0.624368287346518,
-0.781130105524026,0.),(0.,0.,1.),(0.,-1.,0.),(-0.985694930233626,0.168539326306142,
0.),(0.,0.,1.),(0.,0.,1.),(0.,-1.,0.),(0.994428832314358,-0.105410139274653,
0.),(0.,-1.,0.),(-0.992250815408161,0.124251033483991,0.),(0.,0.,1.),(0.,
0.,1.),(0.,-1.,0.),(0.995133073364025,-0.0985401760556116,0.),(0.,-1.,0.),
(-0.560564436715442,-0.828110809185521,0.),(0.,0.,1.),(0.,0.,1.),(0.,-1.,
0.),(0.610336659085432,0.792142135337108,0.),(0.,-1.,0.),(1.,0.,0.),(0.,
0.,-1.),(0.,0.,1.),(-0.93549077867158,0.353351104456235,0.),(0.,0.,1.),
(0.,-1.,0.),(-0.929216135429189,0.369536701368136,0.),(0.,0.,1.),(-0.941483516730397,
0.337059027063457,0.),(0.,1.,0.),(0.,-1.,0.),(1.,0.,0.),(0.,0.,-1.),(-0.929216135429189,
0.369536701368136,0.),(0.,-1.,0.),(0.,0.,1.),(0.,-1.,0.),(0.,0.,1.),(0.93707298521197,
-0.349133528017473,0.),(0.,-1.,0.),(0.,0.,1.),(0.93707298521197,-0.349133528017473,
0.),(0.,-1.,0.),(0.,0.,-1.),(-1.,0.,0.),(-0.941483516730397,0.337059027063457,
0.),(0.,0.,1.),(0.,1.,0.),(-0.93549077867158,0.353351104456235,0.),(0.,
0.,1.),(0.,0.,1.),(0.,1.,0.),(0.948602286980583,-0.316470695539425,0.),
(0.,1.,0.),(0.948602286980583,-0.316470695539425,0.),(0.,0.,1.),(0.,1.,
0.),(-1.,0.,0.),(0.,0.,-1.),(0.,0.,1.),(0.942979068270334,-0.332852034399691,
0.),(0.,0.,1.),(0.942979068270334,-0.332852034399691,0.),(0.,0.,1.),(-1.,
0.,0.),(0.,1.,0.),(0.,0.,1.),(-0.813417837651532,-0.581679827216233,0.),
(-0.970940645100805,-0.239320420547917,0.),(-0.970940645100805,-0.239320420547917,
0.),(0.,0.,1.),(-0.97094080250602,0.239319781942419,0.),(0.,0.,1.),(-0.935153440864571,
0.354242913887002,0.),(0.751640410167742,-0.659533811816979,0.00720033839729587),
(0.,0.,-1.),(0.794224715456334,-0.607624144811828,0.),(0.,0.,1.),(0.,0.,
1.),(0.885456019819842,-0.464723183158322,0.),(1.,0.,0.),(0.885456019819842,
-0.464723183158322,0.),(1.,0.,0.),(0.,0.,-1.),(1.,0.,0.),(0.,0.,-1.),(0.885455723049513,
0.464723748606485,0.),(1.,0.,0.),(0.,0.,1.),(0.885455723049513,0.464723748606485,
0.),(0.,0.,1.),(0.885455723049513,0.464723748606485,0.),(0.568068857674621,
0.822981028299104,0.),(0.437909117776633,0.899019245938646,0.),(0.,0.,1.),
(0.,0.,1.),(-0.51746541822445,0.85570411997477,0.),(0.,0.,1.),(-0.442680855958512,
0.896679240178916,0.),(0.,0.,1.),(-0.483222646760426,0.875497500657682,
0.),(1.,0.,0.),(0.,1.,0.),(0.,0.,-1.),(0.,0.,1.),(-0.534763896848593,0.845001523446737,
0.),(1.,0.,0.),(0.,0.,1.),(-1.,0.,0.),(-0.418735962788978,0.908108029623782,
0.),(-0.995615088032631,0.0932737579651753,-0.00711354741528708),(0.,0.,
-1.),(0.,0.,1.),(0.994195547553942,-0.107588164887772,0.),(0.,0.,1.),(-1.,
0.,0.),(0.,1.,0.),(0.,0.,1.),(0.998691359708339,0.0511426245308975,0.),
(0.,0.,1.),(0.999680855444004,-0.0252623684310028,0.),(-1.,0.,0.),(0.,0.,
-1.),(0.,1.,0.),(0.,0.,-1.),(0.,1.,0.),(1.,0.,0.),(0.,1.,0.),(0.,0.,-1.),
(0.,0.,1.),(-1.,0.,0.),(0.,1.,0.),(-1.,0.,0.),(0.,1.,0.),(0.,0.,-1.),(0.,
0.,-1.),(0.,0.,-1.),(1.,0.,0.),(0.,-1.,0.),(0.,0.,-1.),(0.,0.,-1.),(1.,
0.,0.),(0.,0.,1.),(-0.968988415423021,0.2471061528493,0.),(0.,0.,-1.),(0.,
0.,-1.),(1.,0.,0.),(0.,-1.,0.),(0.,0.,1.),(0.,0.,1.),(0.77183654053607,
-0.635821008376817,0.),(0.,-1.,0.),(-0.759540966795718,0.650459468190775,
0.),(0.,0.,1.),(0.,0.,1.),(0.,-1.,0.),(0.812661110793485,0.582736577712348,
0.),(0.,-1.,0.),(-0.834119949522734,-0.551583094200858,0.),(0.,0.,1.),(0.,
0.,1.),(0.,-1.,0.),(0.854854339152601,0.518868055320397,0.),(0.,0.,1.),
(-0.762359638559654,0.647153599615419,0.),(0.,0.,1.),(0.74629013489158,
-0.665620788860675,0.),(-1.,0.,0.),(-1.,0.,0.),(0.,-1.,0.),(0.,0.,-1.),
(0.,0.,-1.),(1.,0.,0.),(0.,-1.,0.),(0.,0.,1.),(0.,-1.,0.),(0.,0.,-1.),(-1.,
0.,0.),(0.,0.,-1.),(0.,0.,1.),(0.649048021533729,0.760747438867298,0.),
(0.,0.,1.),(0.437514628352711,0.899211293288396,0.),(0.70237958472673,0.711735863318898,
-0.00974575932438506),(0.,0.,-1.),(0.,0.,-1.),(0.391744561144655,0.919975440823245,
-0.0134680026603261),(0.940152480158049,0.340754037470826,0.),(0.,0.,1.),
(0.,0.,1.),(-0.756461326152207,-0.654038425504223,0.),(-0.970940959909973,
-0.239319143340225,0.),(-0.970940959909973,-0.239319143340225,0.),(0.,0.,
1.),(-0.970940959909973,0.239319143340225,0.),(0.,0.,1.),(-0.970940959909973,
0.239319143340225,0.),(-0.823733409539021,0.566977309959773,0.),(0.,0.,
1.),(0.822313764533595,0.569034333462039,0.),(0.,0.,1.),(0.839731795358367,
0.543001392138375,0.),(0.,0.,1.),(0.884630484337715,0.466292725849781,0.),
(0.,0.,1.),(0.,1.,0.),(0.916823079036299,0.399293678570547,0.),(0.,0.,1.),
(-0.970942237098905,-0.239313961601435,0.),(-0.984615673525384,0.174734013426565,
0.),(0.,0.,1.),(0.,1.,0.),(0.52103962253544,-0.853532490153788,0.),(0.,
0.,1.),(-0.748510558762741,-0.663122872038575,0.),(-0.970942237098905,-0.239313961601435,
0.),(0.,0.,1.),(-0.467142279422969,-0.884182159272348,0.),(-0.748510558762741,
-0.663122872038575,0.),(-0.972713679924312,0.231753190047303,0.010888332792588),
(-0.970942237098905,-0.239313961601435,0.),(0.,0.,-1.),(0.,0.,1.),(0.96866384901941,
-0.248375416663773,0.),(-1.,0.,0.),(0.,0.,1.),(-0.708595940800068,0.705614478792539,
0.),(-0.354604773196506,0.935016285861511,0.),(0.,0.,1.),(0.120539507820479,
0.992708530765399,0.),(0.481385165132869,0.876509168685645,0.),(0.,0.,1.),
(-0.354604773196506,0.935016285861511,0.),(0.120539507820479,0.992708530765399,
0.),(-0.743713349160746,0.66842419023368,0.00997778485218137),(0.,0.,-1.),
(-0.354604773196506,0.935016285861511,0.),(0.,0.,1.),(0.949024294342193,
-0.315202932645467,0.),(0.96866384901941,-0.248375416663773,0.),(0.,0.,
1.),(-1.,0.,0.),(0.,0.,1.),(-1.,0.,0.),(-0.935328750994833,0.353779772686972,
0.),(-1.,0.,0.),(-0.935328750994833,0.353779772686972,0.),(0.,0.,1.),(0.,
0.,1.),(0.615875058248919,0.787843406037203,0.000824736678626571),(0.924780425876648,
-0.38050120093819,0.),(0.560100508170696,0.828310654530859,0.0137433743159405),
(0.120539507820479,0.992708530765399,0.),(0.,0.,-1.),(0.120539507820479,
0.992708530765399,0.),(0.,0.,-1.),(-0.354604773196506,0.935016285861511,
0.),(0.949024294342193,-0.315202932645467,0.),(0.,0.,1.),(0.924780425876648,
-0.38050120093819,0.),(0.677148525570641,0.735846365974248,0.),(0.,0.,1.),
(0.,0.,1.),(0.792974943374969,0.609254248388524,0.),(0.751676654236794,
0.659491773475285,0.0072669246453814),(0.,0.,-1.),(0.,0.,1.),(-0.918565975188614,
0.395267693121751,0.),(0.885455129505634,0.464724879506318,0.),(1.,0.,0.),
(0.,0.,1.),(0.885455129505634,0.464724879506318,0.),(0.,0.,-1.),(1.,0.,
0.),(1.,0.,0.),(0.885455129505622,-0.46472487950634,0.),(0.,0.,1.),(0.,
0.,1.),(-0.880950222981302,0.473208943944632,0.),(0.,0.,-1.),(-1.,0.,0.),
(1.,0.,0.),(0.,0.,-1.),(0.885455129505622,-0.46472487950634,0.),(0.885455129505622,
-0.46472487950634,0.),(0.568068149383798,-0.822981517201733,0.),(0.,0.,
1.),(0.885455129505622,-0.46472487950634,0.),(0.,0.,-1.),(0.568068149383798,
-0.822981517201733,0.),(0.568068149383798,-0.822981517201733,0.),(0.120539507820617,
-0.992708530765382,0.),(0.,0.,1.),(0.,0.,1.),(-0.864257255768149,0.503050092786104,
0.),(0.,0.,-1.),(-0.979018220002675,0.203531846481091,-0.00990516889256966),
(-0.831470758118016,0.555568518181737,0.),(0.568068149383798,-0.822981517201733,
0.),(0.,0.,-1.),(0.120539507820617,-0.992708530765382,0.),(0.120539507820617,
-0.992708530765382,0.),(-0.241991330481841,-0.970278411576609,0.),(0.,0.,
1.),(0.,0.,1.),(0.453778997312278,-0.891114258441791,0.),(-0.868068329929618,
0.496444734661576,0.),(0.,0.,-1.),(-0.831470758118016,0.555568518181737,
0.),(-0.555569000262585,0.831470436003128,0.),(0.120539507820617,-0.992708530765382,
0.),(0.,0.,-1.),(-0.345354615909386,-0.938364075296485,0.0142496127334557),
(-0.31910658620838,-0.947718456070775,0.000845376401685238),(0.,0.,1.),
(0.846577233817062,-0.532265898947746,0.),(0.846577233817062,-0.532265898947746,
0.),(-0.241991330481841,-0.970278411576609,0.),(0.,0.,1.),(0.,0.,1.),(0.823446582015748,
-0.56739380201636,0.),(0.,0.,-1.),(-0.098016950837777,0.995184745335491,
0.),(0.,0.,-1.),(-0.555569000262585,0.831470436003128,0.),(-0.195089948516109,
0.98078535469693,0.),(-0.970942237098905,-0.239313961601435,0.),(-0.748510558762741,
-0.663122872038575,0.),(0.,0.,-1.),(-0.748510558762741,-0.663122872038575,
0.),(0.,0.,-1.),(-0.363752852668314,-0.931385622404372,0.0143068009731556),
(0.,0.,1.),(0.823446582015748,-0.56739380201636,0.),(0.,0.,1.),(0.526943532310059,
-0.849900296362225,0.),(0.,0.,1.),(0.532822122984186,-0.846227265726309,
0.),(0.79885925598854,-0.601517987363168,0.),(0.532822122984186,-0.846227265726309,
0.),(0.79885925598854,-0.601517987363168,0.),(0.,0.,1.),(0.52103962253544,
-0.853532490153788,0.),(0.,1.,0.),(0.,0.,1.),(0.,0.,1.),(0.526943532310059,
-0.849900296362225,0.),(-0.098016950837777,0.995184745335491,0.),(0.,0.,
1.),(0.,-1.,0.),(0.,0.,-1.),(-1.,0.,0.),(0.,0.,-1.),(0.,0.,-1.),(-1.,0.,
0.),(0.,-1.,0.),(0.,0.,1.),(-1.,0.,0.),(0.,0.,-1.),(0.,1.,0.),(0.,0.,1.),
(-0.949125521413616,0.314897990786433,0.),(-1.,0.,0.),(0.,1.,0.),(0.,0.,
1.),(0.,0.,1.),(-1.,0.,0.),(0.,-1.,0.),(0.,1.,0.),(0.948078307347473,-0.318036983914057,
0.),(0.,0.,1.),(0.,0.,1.),(0.,1.,0.),(-0.938360914936623,0.345657045811746,
0.),(0.,0.,1.),(0.941653832305865,-0.336582917129906,0.),(0.,0.,1.),(1.,
0.,0.),(0.,-1.,0.),(0.,0.,1.),(-1.,0.,0.),(0.835998431295962,0.548731831472069,
0.),(-1.,0.,0.),(0.,-1.,0.),(0.,0.,-1.),(-1.,0.,0.),(0.,0.,1.),(0.,-1.,
0.),(0.,0.,1.),(-0.931363517965708,0.364090644486425,0.),(0.,0.,1.),(0.,
-1.,0.),(-0.924004043066261,0.382382698872745,0.),(0.,-1.,0.),(-0.924004043066261,
0.382382698872745,0.),(0.,0.,1.),(0.,-1.,0.),(0.926624891717763,-0.375987114206118,
0.),(0.,0.,1.),(0.,0.,1.),(0.,-1.,0.),(0.926624891717763,-0.375987114206118,
0.),(-0.938360914936623,0.345657045811746,0.),(0.,0.,1.),(0.,1.,0.),(-0.931363517965708,
0.364090644486425,0.),(0.,0.,1.),(0.,0.,1.),(0.930970525430149,-0.365094345040172,
0.),(0.,0.,1.),(0.926795258027316,-0.375566970989303,0.),(0.,0.,1.),(0.941653832305865,
-0.336582917129906,0.),(0.,1.,0.),(0.,0.,1.),(0.948078307347473,-0.318036983914057,
0.),(0.926795258027316,-0.375566970989303,0.),(0.,0.,1.),(0.,0.,1.),(0.930970525430149,
-0.365094345040172,0.),(0.,0.,1.),(0.,-1.,0.),(-1.,0.,0.),(0.,0.,-1.),(0.,
0.,-1.),(-0.195089948516109,0.98078535469693,0.),(-0.555569000262585,0.831470436003128,
0.),(0.,0.,1.),(0.,0.,1.),(0.414329213872498,-0.910127080429869,0.),(-0.852116166173706,
0.523352691160965,0.),(0.,0.,1.),(0.791540374302507,-0.611116875768495,
0.),(0.524397097535264,-0.851473830541251,0.),(0.,0.,1.),(0.489489488154579,
-0.872009197764662,0.),(-1.,0.,0.),(-0.924526236829727,0.381118403404327,
0.),(0.,0.,1.),(0.,0.,1.),(-1.,0.,0.),(0.907176984439762,-0.42074923517789,
0.),(-1.,0.,0.),(0.,0.,-1.),(0.,1.,0.),(1.,0.,0.),(0.,0.,1.),(0.789152213284627,
0.614197675238172,0.),(1.,0.,0.),(-0.768512160817152,-0.639835180867817,
0.),(0.,0.,1.),(0.,0.,1.),(1.,0.,0.),(0.748299409007044,0.66336113428487,
0.),(1.,0.,0.),(0.,0.,1.),(0.690752531786366,0.723091238939268,0.),(1.,
0.,0.),(-0.673027446390123,-0.739617506827407,0.),(0.,0.,1.),(1.,0.,0.),
(0.,1.,0.),(0.,0.,-1.),(1.,0.,0.),(-0.720335724918416,-0.693625578685115,
0.),(0.,0.,1.),(0.,0.,-1.),(0.,0.,1.),(0.813234344190024,0.58193633795272,
0.),(-0.968988415423021,0.2471061528493,0.),(0.,0.,1.),(1.,0.,0.),(-0.949125521413616,
0.314897990786433,0.),(0.,0.,1.),(0.,0.,1.),(0.986654435044003,-0.162828209497005,
0.),(0.996702848731146,-0.0811383468602765,0.),(0.,0.,1.),(-0.924526236829727,
0.381118403404327,0.),(-1.,0.,0.),(0.,0.,1.),(0.835998431295962,0.548731831472069,
0.),(-1.,0.,0.),(0.,0.,1.),(-1.,0.,0.),(0.,0.,1.),(0.,1.,0.),(0.789152213284627,
0.614197675238172,0.),(0.,0.,1.),(1.,0.,0.),(0.813234344190024,0.58193633795272,
0.),(0.,0.,1.),(0.,0.,1.),(0.92840774629962,-0.371562991444062,0.),(0.,
0.,1.),(-1.,0.,0.),(0.907176984439762,-0.42074923517789,0.),(0.92840774629962,
-0.371562991444062,0.),(0.,0.,1.),(0.,0.,1.),(1.,0.,0.),(0.,1.,0.),(0.,
0.,1.),(1.,0.,0.),(0.,-1.,0.),(0.,0.,1.),(-0.983092573956315,0.183109232514219,
0.),(0.,0.,1.),(-0.971885287352014,0.235454853907692,0.),(0.,0.,1.),(-0.979702697880778,
0.200456039482786,0.),(0.,0.,1.),(-0.887559759072634,0.460692602583249,
0.),(1.,0.,0.),(-1.,0.,0.),(0.,1.,0.),(0.,0.,1.),(0.,0.,1.),(-0.834878796350161,
0.550433824728192,0.),(0.,0.,1.),(-0.876560446971288,0.481291785516328,
0.),(0.,1.,0.),(0.803657997140695,-0.595091441403594,0.),(0.,0.,1.),(0.,
0.,1.),(0.,1.,0.),(-0.796361289643258,0.604821210241281,0.),(0.,1.,0.),
(0.,0.,1.),(-0.622986777985359,-0.782232366023947,0.),(0.,1.,0.),(0.590181952478023,
0.807270253985137,0.),(0.,0.,1.),(0.,0.,1.),(0.,1.,0.),(-0.959252321901197,
-0.28255085016181,0.),(0.,1.,0.),(0.947972772715121,0.318351413049801,0.),
(0.,0.,1.),(0.,0.,1.),(-0.753428962970262,0.657529313230639,0.),(1.,0.,
0.),(0.836455827809401,-0.548034349401285,0.),(0.,0.,1.),(0.,0.,1.),(-0.802694303514079,
-0.596390689989413,0.),(0.,0.,1.),(-0.768512160817152,-0.639835180867817,
0.),(1.,0.,0.),(0.,1.,0.),(0.,0.,1.),(-0.83442353870974,-0.551123722994316,
0.),(0.,1.,0.),(0.870006163288186,0.493040846016403,0.),(0.,0.,1.),(0.,
0.,1.),(0.,1.,0.),(-0.83442353870974,-0.551123722994316,0.),(-0.802694303514079,
-0.596390689989413,0.),(0.,0.,1.),(0.,0.,1.),(0.770270076178757,0.637717813569272,
0.),(0.,0.,1.),(0.,-1.,0.),(-1.,0.,0.),(0.,0.,1.),(0.802548820982752,0.596586448001624,
0.),(0.,0.,1.),(0.814930843135393,0.579558211836083,0.),(0.,0.,1.),(-1.,
0.,0.),(0.816396515046168,0.577491757707823,0.),(0.,0.,1.),(0.85473086056246,
0.519071436318891,0.),(0.,0.,-1.),(-0.354602971171957,-0.93501696927704,
0.),(0.111865883614736,-0.99364672953098,0.0123369759455955),(0.,0.,-1.),
(0.358704906221565,-0.93342676177047,0.0067283477372436),(0.,0.,-1.),(0.970174509546591,
-0.242357846027305,0.00490871623112167),(0.,0.,-1.),(-0.995184695342042,
-0.0980174584294374,0.),(-1.,0.,0.),(0.,0.,1.),(0.,0.,-1.),(0.568066287977697,
-0.822982802045851,0.),(0.885456019819842,-0.464723183158322,0.),(-1.,0.,
0.),(0.,0.,1.),(0.963789741805769,-0.266663333793698,0.),(-0.998240889614235,
0.0592885005897542,0.),(0.,0.,1.),(0.,0.,-1.),(-0.743028062623326,-0.669161809555529,
0.011479145725935),(-0.354602971171957,-0.93501696927704,0.),(0.,0.,-1.),
(-0.97094207970156,0.239314600191481,0.),(-0.970941922302956,-0.239315238784833,
0.),(0.,0.,-1.),(-0.887346537918491,-0.46105950552377,0.00634460481384559),
(0.,0.,-1.),(0.,0.,-1.),(0.,0.,-1.),(0.,0.,-1.),(0.,0.,-1.),(0.120171971194388,
-0.992752805779524,0.000750970131686119),(-0.731107184650793,0.682262621394424,
0.),(0.,0.,1.),(-0.354602971171957,-0.93501696927704,0.),(-0.69917929495748,
-0.714946371067622,0.),(0.,0.,1.),(0.,0.,1.),(-0.354602971171957,-0.93501696927704,
0.),(0.0400969152106425,-0.999195795322714,0.),(0.,0.,-1.),(-0.748510558762794,
0.663122872038516,0.),(-0.97094207970156,0.239314600191481,0.),(0.,0.,-1.),
(-0.354604773196506,0.935016285861511,0.),(-0.748510558762794,0.663122872038516,
0.),(0.,0.,-1.),(-0.0895450186068141,-0.995911307720495,-0.0119313367716946),
(0.,0.,-1.),(0.120536799472308,0.992708859622484,0.),(-0.354604773196506,
0.935016285861511,0.),(0.,-1.,0.),(0.,0.,1.),(0.743069861412392,-0.669213853010059,
0.),(0.,-1.,0.),(-0.753013583964479,-0.658004971383173,0.),(0.,0.,1.),(0.,
0.,1.),(0.,-1.,0.),(0.927919277257285,0.372781189029594,0.),(0.,-1.,0.),
(0.,0.,1.),(0.74610869382362,0.665824163725538,0.),(0.,-1.,0.),(-0.969984581441037,
-0.243166428124149,0.),(0.,0.,1.),(0.,-1.,0.),(-0.692391636246529,-0.72152187912485,
0.),(0.,0.,1.),(0.,0.,1.),(0.,-1.,0.),(0.671442133771348,0.741056989034298,
0.),(0.,-1.,0.),(-0.750546195562787,0.660817984263614,0.),(0.,0.,1.),(0.,
0.,1.),(0.,-1.,0.),(0.775532821456594,-0.631307249161274,0.),(-0.97094207970156,
0.239314600191481,0.),(-0.748510558762794,0.663122872038516,0.),(0.,0.,
1.),(-0.748510558762794,0.663122872038516,0.),(0.,0.,1.),(-0.354604773196506,
0.935016285861511,0.),(-0.970941922302956,-0.239315238784833,0.),(-0.97094207970156,
0.239314600191481,0.),(0.,0.,1.),(0.,0.,-1.),(-0.383101972532913,-0.923476451291281,
-0.0205942358890261),(0.,0.,-1.),(0.350260650551219,0.936625789574956,0.00704322216940793),
(-0.185720772094464,-0.982595645360469,-0.00368680502339409),(0.,0.,1.),
(0.71377639255818,-0.700373658432862,0.),(-0.0277382862218689,-0.999615219710801,
0.),(0.,0.,1.),(0.,-1.,0.),(-0.719759234711453,0.694223770874769,0.),(0.,
0.,1.),(0.,0.,-1.),(0.885455723049513,0.464723748606485,0.),(0.575567721897176,
0.817649112663092,0.0131044294554933),(0.,0.,-1.),(-0.705646821126941,-0.708215232871031,
-0.0222204357039607),(-0.474384217690794,-0.880280557820366,-0.00810885499677867),
(-0.695338920470308,0.718681978123277,0.),(0.,0.,1.),(0.,0.,1.),(-0.338088801711834,
-0.941114213130934,0.),(0.576574735135583,0.817044029947635,0.00079242050706882),
(0.719869202031383,-0.694109740579039,0.),(0.,0.,1.),(0.,0.,1.),(0.283105688438624,
0.959088718093218,0.),(0.,0.,-1.),(-0.927435943442758,-0.373743636369491,
-0.0133515948017768),(-0.827420303540834,-0.561564145124376,-0.00462084398395095),
(-0.697307474366513,0.71677212989387,0.),(0.,0.,1.),(0.,0.,1.),(-0.736490018084825,
-0.676448411382135,0.),(-0.636520095869108,-0.771221553276129,-0.00771254284503519),
(0.,0.,1.),(0.70747948747251,-0.706733878348587,0.),(0.,0.,-1.),(0.999944052052394,
0.00618683859835395,0.00857996463839972),(0.885455723049513,0.464723748606485,
0.),(0.885455723049513,0.464723748606485,0.),(0.998856979039873,0.0477989060893475,
0.),(0.,0.,1.),(0.,0.,1.),(0.885455723049513,0.464723748606485,0.),(0.640302718010839,
0.768122665534569,0.),(-0.995184695342042,-0.0980174584294374,0.),(0.,0.,
1.),(0.,0.,1.),(-0.912248204422104,-0.409637651290469,-0.000456260752608725),
(0.809588691026812,-0.586997573556734,0.),(-0.956143882880429,-0.292897380033239,
0.),(0.,0.,1.),(0.,0.,1.),(0.999470716285777,-0.0325269610094179,0.000533005336137609),
(-0.715332325303473,0.698784419099286,0.),(0.885456019819842,-0.464723183158322,
0.),(0.568066287977697,-0.822982802045851,0.),(0.,0.,1.),(0.,0.,1.),(0.943227114042296,
-0.33214847784604,0.),(0.428614350704355,-0.903487541900985,0.),(0.,0.,
1.),(0.,0.,1.),(-0.754309951681626,-0.656518090199455,0.000702876180112846),
(0.753893583389584,-0.656922594029392,-0.00985750362444575),(-0.9217316378259,
-0.387828296841248,0.),(0.,0.,1.),(-0.354604773196506,0.935016285861511,
0.),(0.120536799472308,0.992708859622484,0.),(0.,0.,1.),(0.,0.,1.),(-0.987744932483201,
0.156064183948812,-0.00197960656405873),(0.60197285772585,-0.798516548708525,
0.),(-0.999919262491639,0.0127070255440101,0.),(0.,0.,1.),(-1.,0.,0.),(-0.854997890940324,
0.518631474640324,0.),(0.,0.,1.),(0.,0.,1.),(-1.,0.,0.),(0.884092601583678,
-0.46731175014652,0.),(-1.,0.,0.),(0.,0.,1.),(0.431619978725504,-0.902055538182098,
0.),(-1.,0.,0.),(-0.399685105523827,0.916652505817994,0.),(0.,0.,1.),(0.,
0.,1.),(-1.,0.,0.),(0.411582610527363,-0.911372456634213,0.),(-1.,0.,0.),
(-0.385388717014851,0.922754320931442,0.),(0.,0.,1.),(0.,0.,1.),(-1.,0.,
0.),(0.395455265493138,-0.918485238310204,0.),(-1.,0.,0.),(-0.344375609587908,
0.938831954889136,0.),(0.,0.,1.),(0.,0.,1.),(-1.,0.,0.),(0.336666123637502,
-0.941624086987423,0.),(-1.,0.,0.),(-0.313624268960809,0.949547164662608,
0.),(0.,0.,1.),(0.,0.,1.),(-1.,0.,0.),(0.300219835553912,-0.886024401654214,
-0.353311208445578),(0.304086897852874,-0.952644298022203,0.),(-1.,0.,0.),
(0.,0.,1.),(0.192854019485322,-0.981227459444728,0.),(-1.,0.,0.),(-0.20469983354516,
0.978824794407346,0.),(0.,0.,1.),(-1.,0.,0.),(-0.373740279936496,0.927533397324856,
0.),(0.,0.,1.),(0.,0.,1.),(-1.,0.,0.),(0.317698368546518,-0.948184025770004,
-0.00384706348650985),(-1.,0.,0.),(-0.336578070079043,0.941655564812244,
0.),(0.,0.,1.),(0.,0.,1.),(-0.831470758118016,0.555568518181737,0.),(-0.555569000262585,
0.831470436003128,0.),(-0.831470758118016,0.555568518181737,0.),(-0.97551174327207,
0.219947354469851,0.),(0.,0.,1.),(0.,0.,-1.),(0.,0.,-1.),(0.,0.,-1.),(-0.97551174327207,
0.219947354469851,0.),(0.60197285772585,-0.798516548708525,0.),(0.,0.,1.),
(0.,0.,1.),(0.51120612562992,-0.859458141574356,0.),(0.,0.,1.),(-0.853560292815007,
0.520994075330574,0.),(0.51120612562992,-0.859458141574356,0.),(0.,0.,1.),
(0.,0.,1.),(0.414329213872498,-0.910127080429869,0.),(-0.852116166173706,
0.523352691160965,0.),(-0.853560292815007,0.520994075330574,0.),(0.,0.,
1.),(0.,0.,1.),(0.865129140218108,-0.501549170815262,0.),(0.,0.,1.),(0.819074665872871,
-0.573686928320006,0.),(-0.854997890940324,0.518631474640324,0.),(-1.,0.,
0.),(0.,0.,1.),(-1.,0.,0.),(0.,0.,1.),(0.884092601583678,-0.46731175014652,
0.),(-0.442680855958512,0.896679240178916,0.),(0.,0.,1.),(-0.418735962788978,
0.908108029623782,0.),(-1.,0.,0.),(0.,0.,1.),(0.,0.,1.),(-0.483222646760426,
0.875497500657682,0.),(-0.51746541822445,0.85570411997477,0.),(0.,0.,1.),
(0.,0.,1.),(-0.534763896848593,0.845001523446737,0.),(1.,0.,0.),(1.,0.,
0.),(0.539077433518796,-0.842256208448942,0.),(0.,0.,1.),(0.539077433518796,
-0.842256208448942,0.),(0.,0.,1.),(1.,0.,0.),(0.,0.,1.),(0.517970025402877,
-0.855398768285379,0.),(0.,0.,1.),(0.478704349312486,-0.877976164795668,
0.),(0.,0.,1.),(0.446201984306279,-0.894932281908045,0.),(0.,0.,1.),(-1.,
0.,0.),(0.431619978725504,-0.902055538182098,0.),(1.,0.,0.),(0.,0.,1.),
(0.,1.,0.),(0.,0.,1.),(0.,1.,0.),(-0.994596666267542,0.103814601330895,
0.),(0.,1.,0.),(0.972181777103945,0.234227650517643,0.),(0.,0.,1.),(0.,
0.,1.),(0.,1.,0.),(-0.88805960435035,-0.459728331866875,0.),(0.,1.,0.),
(0.909645336279906,0.41538579920866,0.),(0.,0.,1.),(0.,0.,1.),(0.,1.,0.),
(-0.9283541514054,-0.371696878609923,0.),(0.,0.,1.),(0.517970025402877,
-0.855398768285379,0.),(0.,0.,1.),(-0.457469936388048,0.889225088096999,
0.),(0.,0.,1.),(-0.513383097664237,0.858159539382202,0.),(-0.997392102085757,
0.0721733655648375,0.),(0.,0.,1.),(-0.996120025529867,0.0880050835939424,
0.),(0.478704349312486,-0.877976164795668,0.),(0.,0.,1.),(0.,0.,1.),(0.446201984306279,
-0.894932281908045,0.),(-0.399685105523827,0.916652505817994,0.),(-1.,0.,
0.),(0.,0.,1.),(0.,0.,1.),(-0.513383097664237,0.858159539382202,0.),(-0.997392102085757,
0.0721733655648375,0.),(-0.457469936388048,0.889225088096999,0.),(0.,0.,
1.),(0.,0.,1.),(-0.996120025529867,0.0880050835939424,0.),(-0.994596666267542,
0.103814601330895,0.),(0.,0.,1.),(0.,1.,0.),(0.,0.,1.),(0.,1.,0.),(0.972181777103945,
0.234227650517643,0.),(0.,0.,1.),(0.516043199459893,-0.856562558305695,
0.),(-0.993737503426683,0.111739761424941,0.),(0.,0.,1.),(0.46462182694889,
-0.885509208265321,0.),(0.,0.,1.),(-1.,0.,0.),(0.411582610527363,-0.911372456634213,
0.),(0.822313764533595,0.569034333462039,0.),(0.,0.,1.),(0.,0.,1.),(0.839731795358367,
0.543001392138375,0.),(0.812661110793485,0.582736577712348,0.),(0.,0.,1.),
(0.,-1.,0.),(0.884630484337715,0.466292725849781,0.),(0.,0.,1.),(0.916823079036299,
0.399293678570547,0.),(0.,1.,0.),(0.,0.,1.),(0.,1.,0.),(0.,0.,1.),(-0.945107957753222,
0.326758241199107,0.),(0.,-1.,0.),(0.,0.,1.),(-0.834119949522734,-0.551583094200858,
0.),(0.,0.,1.),(0.79034771357428,-0.612658544091167,0.),(-0.851582584056623,
-0.524220471301384,0.),(0.,0.,1.),(-0.842962298215021,-0.537972642230114,
0.),(0.,1.,0.),(-0.945107957753222,0.326758241199107,0.),(0.,0.,1.),(0.,
1.,0.),(0.796193819488329,-0.605041652953403,0.),(0.,0.,1.),(0.,1.,0.),
(1.,0.,0.),(0.,0.,1.),(1.,0.,0.),(0.,0.,1.),(-0.790444730128726,0.612533369386294,
0.),(0.,0.,1.),(-0.945814910892672,0.324706258536985,0.),(0.,1.,0.),(0.,
0.,1.),(0.796193819488329,-0.605041652953403,0.),(0.77183654053607,-0.635821008376817,
0.),(0.,0.,1.),(0.,0.,1.),(-0.84305631423031,0.537825297876926,0.),(0.,
0.,1.),(-0.919424719526692,0.393266048780293,0.),(0.,0.,1.),(-1.,0.,0.),
(0.74629013489158,-0.665620788860675,0.),(0.,0.,1.),(-0.770786854244097,
0.637093105695305,0.),(0.,0.,1.),(1.,0.,0.),(-0.790444730128726,0.612533369386294,
0.),(-0.945814910892672,0.324706258536985,0.),(0.,0.,1.),(0.,0.,1.),(-0.779023237639673,
0.626995051987973,0.),(-1.,0.,0.),(0.,0.,1.),(-0.750366197874955,0.661022366555538,
0.),(-0.750366197874955,0.661022366555538,0.),(-1.,0.,0.),(0.,0.,1.),(0.,
0.,1.),(-0.770786854244097,0.637093105695305,0.),(0.,0.,1.),(0.,-1.,0.),
(-1.,0.,0.),(0.,0.,1.),(0.766235127441554,-0.642560292482057,0.),(0.,0.,
1.),(0.812734104074902,-0.582634770738553,0.),(-0.919424719526692,0.393266048780293,
0.),(0.,0.,1.),(0.,0.,1.),(-0.84305631423031,0.537825297876926,0.),(0.,
0.,1.),(0.854027917102375,-0.520227178076827,0.),(-0.779023237639673,0.626995051987973,
0.),(0.,0.,1.),(0.,0.,1.),(-0.762359638559654,0.647153599615419,0.),(-0.759540966795718,
0.650459468190775,0.),(0.,-1.,0.),(0.,0.,1.),(0.,0.,1.),(0.881706745187088,
0.471797854479639,0.),(0.906948457124617,-0.421241612520981,0.),(0.,0.,
1.),(0.868599447882945,0.495514882861699,0.),(0.,-1.,0.),(0.854854339152601,
0.518868055320397,0.),(0.,0.,1.),(0.,1.,0.),(0.996351864324718,0.0853402745288496,
0.),(0.,0.,1.),(0.,1.,0.),(0.,0.,-1.),(1.,0.,0.),(0.,-1.,0.),(0.,0.,1.),
(0.710235116088629,-0.70396454447264,0.),(0.,-1.,0.),(-0.700440171224282,
0.71371112260865,0.),(0.,0.,1.),(0.,0.,1.),(0.,-1.,0.),(0.950423982573565,
0.310956995980157,0.),(0.,-1.,0.),(-0.954537468235604,-0.298090962181619,
0.),(0.,0.,1.),(0.,-1.,0.),(1.,0.,0.),(0.,0.,-1.),(0.,-1.,0.),(-0.599406425265491,
-0.800444837168961,0.),(0.,0.,1.),(0.,0.,1.),(0.,-1.,0.),(0.599451993112186,
0.800410712043403,0.),(0.,0.,1.),(0.727341269497779,-0.686275948642643,
0.),(0.994195547553942,-0.107588164887772,0.),(0.,0.,1.),(0.,0.,1.),(0.989041738475569,
-0.147636172915803,0.),(0.,-1.,0.),(0.,-1.,0.),(0.,0.,1.),(-0.985694930233626,
0.168539326306142,0.),(0.999680855444004,-0.0252623684310028,0.),(0.,0.,
1.),(0.,0.,1.),(0.998691359708339,0.0511426245308975,0.),(0.996351864324718,
0.0853402745288496,0.),(0.,1.,0.),(0.,0.,1.),(0.,1.,0.),(0.,0.,1.),(-0.998117105437997,
-0.0613371325713368,0.),(0.,1.,0.),(0.,0.,1.),(-0.998117105437997,-0.0613371325713368,
0.),(0.,0.,1.),(-0.999684431367129,-0.025120463414897,0.),(0.,0.,1.),(-0.998576582497543,
0.0533367498778158,0.),(0.,0.,1.),(-0.991238520795295,0.132084044803132,
0.),(-0.991238520795295,0.132084044803132,0.),(0.,0.,1.),(0.,0.,1.),(-0.998576582497543,
0.0533367498778158,0.),(-0.999684431367129,-0.025120463414897,0.),(0.,0.,
1.),(0.,0.,1.),(0.99940913137434,-0.0343713270850521,0.),(0.,0.,1.),(0.,
1.,0.),(0.999321110699928,0.0368417929729624,0.),(0.99940913137434,-0.0343713270850521,
0.),(0.,0.,1.),(0.,0.,1.),(0.994428832314358,-0.105410139274653,0.),(0.,
-1.,0.),(0.,-1.,0.),(0.,0.,1.),(-0.992250815408161,0.124251033483991,0.),
(0.999321110699928,0.0368417929729624,0.),(0.,1.,0.),(0.,0.,1.),(0.,1.,
0.),(0.,0.,1.),(-0.999933649909638,-0.0115193653640091,0.),(0.,1.,0.),(0.,
0.,1.),(-0.999933649909638,-0.0115193653640091,0.),(0.,0.,1.),(-0.998402792596369,
0.0564965816290927,0.),(-0.998402792596369,0.0564965816290927,0.),(0.,0.,
1.),(0.,0.,1.),(0.997751837347156,-0.0670169461433044,0.),(0.,0.,1.),(0.998712803802186,
0.0507221403489262,0.),(0.,0.,1.),(0.999962235953114,-0.00869060801378298,
0.),(0.,0.,1.),(0.,1.,0.),(0.996521303406952,0.0833384176482271,0.),(0.727341269497779,
-0.686275948642643,0.),(0.,0.,1.),(0.,0.,1.),(0.766235127441554,-0.642560292482057,
0.),(0.836455827809401,-0.548034349401285,0.),(1.,0.,0.),(0.,0.,1.),(0.,
0.,1.),(0.812734104074902,-0.582634770738553,0.),(1.,0.,0.),(-0.887559759072634,
0.460692602583249,0.),(0.,0.,1.),(0.,0.,1.),(0.710235116088629,-0.70396454447264,
0.),(0.,-1.,0.),(0.,0.,1.),(-0.700440171224282,0.71371112260865,0.),(0.,
-1.,0.),(0.,0.,1.),(-0.753428962970262,0.657529313230639,0.),(0.,0.,1.),
(-0.834878796350161,0.550433824728192,0.),(0.,0.,1.),(-0.876560446971288,
0.481291785516328,0.),(0.,0.,1.),(0.793865428568556,-0.608093480744254,
0.),(0.,0.,1.),(0.947167893029412,0.320738183592513,0.),(0.,0.,1.),(0.783862527394325,
-0.620934407282268,0.),(0.943811144401171,0.330485285155258,0.),(0.783862527394325,
-0.620934407282268,0.),(0.943811144401171,0.330485285155258,0.),(0.,0.,
1.),(0.,0.,1.),(0.793865428568556,-0.608093480744254,0.),(0.947167893029412,
0.320738183592513,0.),(0.,0.,1.),(0.,0.,1.),(0.950423982573565,0.310956995980157,
0.),(0.,-1.,0.),(0.803657997140695,-0.595091441403594,0.),(0.,1.,0.),(0.,
0.,1.),(0.,0.,1.),(-0.946989105473562,-0.321265675281974,0.),(0.568860075187421,
0.822434322519289,0.),(0.,-1.,0.),(0.,0.,1.),(-0.954537468235604,-0.298090962181619,
0.),(0.,0.,1.),(-0.95668724568298,-0.291117697757306,0.),(0.,0.,1.),(-0.947148077121614,
-0.320796695751108,0.),(0.,0.,1.),(-0.684782098698857,-0.728747883222716,
0.),(-0.934108323863421,-0.356989690732199,0.),(0.,0.,1.),(-0.790819305020113,
0.612049693086685,0.),(0.924886775585908,0.380242623000503,0.),(0.,0.,1.),
(0.,1.,0.),(-0.796361289643258,0.604821210241281,0.),(0.,0.,1.),(-0.793598527443225,
0.608441761584415,0.),(0.999962235953114,-0.00869060801378298,0.),(0.,0.,
1.),(0.996521303406952,0.0833384176482271,0.),(0.,1.,0.),(0.,0.,1.),(0.,
0.,1.),(0.998712803802186,0.0507221403489262,0.),(0.997751837347156,-0.0670169461433044,
0.),(0.,0.,1.),(0.,1.,0.),(-0.99822187406599,-0.059607802645138,0.),(0.,
0.,1.),(0.,0.,1.),(0.,1.,0.),(-0.99822187406599,-0.059607802645138,0.),
(0.995133073364025,-0.0985401760556116,0.),(0.,0.,1.),(0.,-1.,0.),(0.,0.,
1.),(-0.999601471603519,-0.028229381291108,0.),(0.,0.,1.),(-0.999547706535733,
0.0300729506227024,0.),(0.,0.,1.),(-0.996530284250142,0.0832309592178989,
0.),(0.828523392687003,0.559954451514066,0.),(0.,0.,1.),(-0.997540307213986,
0.0700951887323753,0.),(0.,0.,1.),(-0.84536272187586,-0.534192725954441,
0.),(0.563830010247914,0.825890864184753,0.),(0.,-1.,0.),(0.,0.,1.),(-0.560564436715442,
-0.828110809185521,0.),(0.,1.,0.),(1.,0.,0.),(0.,0.,1.),(1.,0.,0.),(0.,
0.,1.),(-0.99136031973238,-0.131166750588486,0.),(-0.999601471603519,-0.028229381291108,
0.),(0.,0.,1.),(0.,0.,1.),(0.995576647364087,0.0939528563870451,0.),(-0.999547706535733,
0.0300729506227024,0.),(0.,0.,1.),(0.,0.,1.),(-0.997540307213986,0.0700951887323753,
0.),(0.,0.,1.),(0.999799965695684,0.0200007148599303,0.),(0.859700953211877,
0.51079768112883,0.),(-0.996530284250142,0.0832309592178989,0.),(0.,0.,
1.),(0.828523392687003,0.559954451514066,0.),(0.,0.,1.),(0.844469926960163,
0.535602970921463,0.),(0.844469926960163,0.535602970921463,0.),(0.,0.,1.),
(0.,0.,1.),(-0.942589029603564,-0.333954968926966,0.),(0.566265716839519,
0.824222747764356,0.),(0.,0.,1.),(-0.762470961294891,-0.647022436382267,
0.),(0.,0.,1.),(-0.850222654158629,-0.526423250204108,0.),(0.859700953211877,
0.51079768112883,0.),(0.999799965695684,0.0200007148599303,0.),(0.,0.,1.),
(0.,0.,1.),(0.995576647364087,0.0939528563870451,0.),(0.,0.,1.),(-0.999872209444857,
-0.0159863935851742,0.),(0.819422163888985,0.573190472118556,0.),(0.985890843233398,
0.167389501548152,0.),(0.,0.,1.),(-0.571887177197312,-0.820332284234438,
0.),(-0.571887177197312,-0.820332284234438,0.),(0.985890843233398,0.167389501548152,
0.),(0.,0.,1.),(0.,0.,1.),(-0.576801523547563,-0.816884326225696,0.),(0.,
0.,1.),(-0.986790910444751,-0.161999071181345,0.),(0.,0.,1.),(-0.997909368959471,
-0.0646288739102711,0.),(-0.576801523547563,-0.816884326225696,0.),(0.,
0.,1.),(0.,0.,1.),(0.45313886734006,0.891439940156244,0.),(0.,0.,1.),(0.571830725334039,
0.820371636250271,0.),(0.,0.,1.),(0.,-1.,0.),(-1.,0.,0.),(0.,0.,1.),(-0.997360879789824,
-0.0726035499467338,0.),(0.,0.,1.),(-0.981262827311482,-0.192673983030084,
0.),(-0.581695082423995,-0.813406928347516,0.),(-0.986790910527308,-0.161999070678464,
0.),(0.,0.,1.),(-0.991360319866061,-0.131166749578068,0.),(1.,0.,0.),(0.,
0.,1.),(1.,0.,0.),(0.,0.,1.),(0.446454110252707,0.894806530730785,0.),(1.,
0.,0.),(0.,0.,1.),(0.446454110252707,0.894806530730785,0.),(-0.581695082423995,
-0.813406928347516,0.),(-0.981262827311482,-0.192673983030084,0.),(0.,0.,
1.),(0.,0.,1.),(0.45313886734006,0.891439940156244,0.),(1.,0.,0.),(0.,-1.,
0.),(0.,0.,1.),(0.,0.,1.),(-1.,0.,0.),(0.,1.,0.),(0.,0.,1.),(-0.676495924423,
-0.736446375671081,0.),(0.,0.,1.),(-0.60437219825832,-0.796702106167924,
0.),(0.,0.,1.),(-0.62876446789382,-0.777595810118728,0.),(0.571830725334039,
0.820371636250271,0.),(0.,0.,1.),(0.,0.,1.),(0.701288898706076,0.712877184760194,
0.),(0.,0.,1.),(0.701288898706076,0.712877184760194,0.),(0.72752282846685,
0.686083474556555,0.),(0.,0.,1.),(0.,1.,0.),(0.,1.,0.),(0.72752282846685,
0.686083474556555,0.),(0.,0.,1.),(0.,0.,1.),(0.,1.,0.),(-0.944879431581742,
-0.32741847805792,0.),(0.,1.,0.),(-1.,0.,0.),(0.,0.,-1.),(0.,0.,1.),(0.956544333133318,
0.291586931721118,0.),(-0.448461078187792,-0.893802361459536,0.),(0.,1.,
0.),(-0.944879431581742,-0.32741847805792,0.),(0.,0.,1.),(0.,0.,1.),(0.95296840640887,
0.303069655997658,0.),(-0.519332612832703,-0.854572195457094,0.),(0.,0.,
1.),(-0.440120061232164,-0.897938935396498,0.),(0.,-1.,0.),(0.,0.,1.),(-0.444295383888018,
-0.895880355770679,0.),(0.868599447882945,0.495514882861699,0.),(0.,0.,
1.),(0.,0.,1.),(-0.842962298215021,-0.537972642230114,0.),(0.79034771357428,
-0.612658544091167,0.),(0.,0.,1.),(-0.851582584056623,-0.524220471301384,
0.),(0.906948457124617,-0.421241612520981,0.),(0.881706745187088,0.471797854479639,
0.),(0.,0.,1.),(0.,0.,1.),(0.854027917102375,-0.520227178076827,0.),(0.,
0.,1.),(-0.704172862253039,-0.710028576936423,0.),(-1.,0.,0.),(-0.599406425265491,
-0.800444837168961,0.),(0.,-1.,0.),(0.,0.,1.),(0.,-1.,0.),(0.,0.,1.),(0.599451993112186,
0.800410712043403,0.),(-0.62876446789382,-0.777595810118728,0.),(0.,0.,
1.),(0.,0.,1.),(-0.60437219825832,-0.796702106167924,0.),(-0.676495924423,
-0.736446375671081,0.),(0.,0.,1.),(0.,0.,1.),(-0.704172862253039,-0.710028576936423,
0.),(-1.,0.,0.),(-1.,0.,0.),(0.741800086031824,0.670621079569662,0.),(0.,
0.,1.),(0.,0.,1.),(0.641026796113993,0.767518499232318,0.),(0.,0.,1.),(0.702204391254708,
0.711975415939768,0.),(0.,0.,1.),(0.732465956667726,0.680803659157934,0.),
(0.,0.,1.),(0.741800086031824,0.670621079569662,0.),(-1.,0.,0.),(0.702204391254708,
0.711975415939768,0.),(0.,0.,1.),(0.,0.,1.),(0.641026796113993,0.767518499232318,
0.),(0.732465956667726,0.680803659157934,0.),(0.,0.,1.),(0.,0.,1.),(0.,
1.,0.),(1.,0.,0.),(0.,0.,1.),(-0.605787757025009,-0.795626290062494,0.),
(0.,0.,1.),(-0.69678845727951,-0.717276687061583,0.),(0.,0.,1.),(-0.95668724568298,
-0.291117697757306,0.),(0.,0.,1.),(-0.947148077121614,-0.320796695751108,
0.),(0.,0.,1.),(-0.934108323863421,-0.356989690732199,0.),(-0.684782098698857,
-0.728747883222716,0.),(0.,0.,1.),(-0.609335859414325,-0.792912233750877,
0.),(0.,0.,1.),(-0.558476786961694,-0.82952014949906,0.),(0.,0.,1.),(-0.719808295773631,
-0.694172901614188,0.),(-1.,0.,0.),(-0.609335859414325,-0.792912233750877,
0.),(0.,0.,1.),(0.,0.,1.),(-0.558476786961694,-0.82952014949906,0.),(-0.605787757025009,
-0.795626290062494,0.),(0.,0.,1.),(0.,0.,1.),(-0.622986777985359,-0.782232366023947,
0.),(0.,1.,0.),(0.,0.,1.),(0.590181952478023,0.807270253985137,0.),(0.,
1.,0.),(0.,0.,1.),(0.579570610639751,0.814922025277674,0.),(-0.719808295773631,
-0.694172901614188,0.),(0.,0.,1.),(-1.,0.,0.),(-0.69678845727951,-0.717276687061583,
0.),(0.,0.,1.),(0.,0.,1.),(-1.,0.,0.),(0.760676068830808,0.649131664847824,
0.),(-1.,0.,0.),(0.760676068830808,0.649131664847824,0.),(0.,0.,1.),(-1.,
0.,0.),(0.,-1.,0.),(0.,0.,-1.),(-0.673027446390123,-0.739617506827407,0.),
(1.,0.,0.),(0.,0.,1.),(1.,0.,0.),(0.,0.,1.),(0.690752531786366,0.723091238939268,
0.),(0.,0.,1.),(0.732350155120432,0.680928226977762,0.),(0.,0.,1.),(0.705794283887921,
0.708416846800764,0.),(0.,0.,1.),(0.752378141935795,0.658731456313755,0.),
(0.752378141935795,0.658731456313755,0.),(0.,0.,1.),(0.,0.,1.),(0.705794283887921,
0.708416846800764,0.),(0.732350155120432,0.680928226977762,0.),(0.,0.,1.),
(0.,0.,1.),(-0.746108502696478,-0.665824377898572,0.),(0.,0.,1.),(-0.770809015982346,
-0.63706629237492,0.),(-1.,0.,0.),(-0.746108502696478,-0.665824377898572,
0.),(0.,0.,1.),(-0.720335724918416,-0.693625578685115,0.),(1.,0.,0.),(0.,
0.,1.),(1.,0.,0.),(0.,0.,1.),(0.748299409007044,0.66336113428487,0.),(-0.770809015982346,
-0.63706629237492,0.),(0.,0.,1.),(-1.,0.,0.),(0.,0.,1.),(-1.,0.,0.),(0.816396515046168,
0.577491757707823,0.),(0.,0.,1.),(0.770270076178757,0.637717813569272,0.),
(0.,0.,1.),(0.802548820982752,0.596586448001624,0.),(0.,0.,1.),(0.814930843135393,
0.579558211836083,0.),(0.,1.,0.),(0.,0.,-1.),(1.,0.,0.),(0.,-1.,0.),(0.,
0.,1.),(0.838676960841328,0.54462919069212,0.),(0.,-1.,0.),(-0.857505334615623,
-0.514475073357056,0.),(0.,0.,1.),(0.,0.,1.),(0.,-1.,0.),(0.877713627275376,
0.479185547043212,0.),(0.,-1.,0.),(-0.895807085608804,-0.44444309576487,
0.),(0.,0.,1.),(0.,0.,1.),(0.,-1.,0.),(0.923142010308071,0.384459138004525,
-3.0315455976726E-6),(0.,-1.,0.),(1.,0.,0.),(0.,0.,-1.),(0.838676960841328,
0.54462919069212,0.),(0.,0.,1.),(0.,-1.,0.),(0.85473086056246,0.519071436318891,
0.),(0.,0.,1.),(0.870006163288186,0.493040846016403,0.),(0.,1.,0.),(0.,
0.,1.),(0.,1.,0.),(0.,0.,1.),(-0.88805960435035,-0.459728331866875,0.),
(0.,0.,1.),(-0.857505334615623,-0.514475073357056,0.),(0.,-1.,0.),(0.,0.,
1.),(-0.873211624099662,-0.487341214691751,0.),(0.,0.,1.),(-0.873211624099662,
-0.487341214691751,0.),(0.,0.,1.),(0.894248633270575,0.447570532870194,
0.),(0.877713627275376,0.479185547043212,0.),(0.,0.,1.),(0.,-1.,0.),(0.894248633270575,
0.447570532870194,0.),(0.,0.,1.),(0.909645336279906,0.41538579920866,0.),
(0.,1.,0.),(0.,0.,1.),(0.,0.,1.),(-0.895807085608804,-0.44444309576487,
0.),(0.,-1.,0.),(0.,0.,1.),(-0.912805596873664,-0.408394346577072,0.),(0.,
0.,1.),(0.,1.,0.),(-0.9283541514054,-0.371696878609923,0.),(-0.912805596873664,
-0.408394346577072,0.),(0.,0.,1.),(0.,0.,1.),(0.942129157721001,0.335250130756003,
0.),(0.,0.,1.),(0.934191638046297,0.356771612385797,0.),(0.,0.,1.),(0.957501763825525,
0.28842741248191,0.),(0.,0.,1.),(0.957501763825525,0.28842741248191,0.),
(0.,0.,1.),(0.997868285621222,0.0652601298754675,0.),(-0.879505000595753,
-0.475889644694088,0.),(0.934191632613668,0.356771626610932,0.),(0.,0.,
1.),(0.,0.,1.),(0.942129157721001,0.335250130756003,0.),(0.92314199860023,
0.384459166118574,-2.78974506486682E-6),(0.,0.,1.),(0.,-1.,0.),(0.,0.,1.),
(0.,-1.,0.),(-0.93182582109934,-0.36290582680985,0.),(0.,-1.,0.),(-0.93182582109934,
-0.36290582680985,0.),(0.,0.,1.),(0.,0.,1.),(-0.907425573907623,-0.420212836332281,
0.),(-0.918565975188614,0.395267693121751,0.),(0.,0.,1.),(0.,0.,1.),(0.489489488154579,
-0.872009197764662,0.),(-0.864257255768149,0.503050092786104,0.),(0.,0.,
1.),(-0.868068329929618,0.496444734661576,0.),(0.453778997312278,-0.891114258441791,
0.),(0.,0.,1.),(0.,0.,1.),(-0.880950222981302,0.473208943944632,0.),(0.819074665872871,
-0.573686928320006,0.),(0.,0.,1.),(0.,0.,1.),(0.865129140218108,-0.501549170815262,
0.),(0.791540374302507,-0.611116875768495,0.),(0.,0.,1.),(0.524397097535264,
-0.851473830541251,0.),(0.,0.,1.),(-0.953317263182075,-0.301970521274907,
0.),(0.,0.,1.),(0.936940954587254,0.349487693083928,0.),(-0.946989105473562,
-0.321265675281974,0.),(0.,0.,1.),(0.568860075187421,0.822434322519289,
0.),(0.579570610639751,0.814922025277674,0.),(0.,0.,1.),(0.,0.,1.),(0.947972772715121,
0.318351413049801,0.),(0.,1.,0.),(0.,1.,0.),(0.,0.,1.),(-0.959252321901197,
-0.28255085016181,0.),(-0.953317263182075,-0.301970521274907,0.),(0.,0.,
1.),(0.924886775585908,0.380242623000503,0.),(-0.790819305020113,0.612049693086685,
0.),(0.,0.,1.),(0.,0.,1.),(0.936940954587254,0.349487693083928,0.),(-0.793598527443225,
0.608441761584415,0.),(0.,0.,1.),(0.,0.,1.),(0.516043199459893,-0.856562558305695,
0.),(-0.993737503426683,0.111739761424941,0.),(0.46462182694889,-0.885509208265321,
0.),(0.,0.,1.),(0.,0.,1.),(-0.994326536144992,0.106370764394655,0.),(0.,
0.,1.),(-0.994886561287109,0.100998664200628,0.),(0.,-1.,0.),(0.,0.,1.),
(0.997251465502787,0.0740912582734603,0.),(0.997868285621222,0.0652601298754675,
0.),(0.,0.,1.),(-0.879505000595753,-0.475889644694088,0.),(-0.907425573907623,
-0.420212836332281,0.),(0.,0.,1.),(0.,0.,1.),(0.,-1.,0.),(0.996556491489224,
0.0829165801917142,0.),(0.,-1.,0.),(-0.994886561287109,0.100998664200628,
0.),(0.,0.,1.),(0.996556491489224,0.0829165801917142,0.),(0.,-1.,0.),(0.,
0.,1.),(0.,0.,1.),(0.997251465502787,0.0740912582734603,0.),(-0.994326536144992,
0.106370764394655,0.),(0.,0.,1.),(0.,0.,1.),(1.,0.,0.),(0.,-1.,0.),(0.,
0.,1.),(-0.437803175028982,0.899070842556104,0.),(0.,0.,1.),(-0.488769300216141,
0.87241307370203,0.),(1.,0.,0.),(1.,0.,0.),(0.499818766770545,-0.86613001355684,
0.),(0.,0.,1.),(0.,0.,1.),(1.,0.,0.),(-0.477502866884673,0.878630190761118,
0.),(1.,0.,0.),(0.511670209503593,-0.859181934578788,0.),(0.,0.,1.),(0.,
0.,1.),(-0.437803175028982,0.899070842556104,0.),(-0.385388717014851,0.922754320931442,
0.),(-1.,0.,0.),(0.,0.,1.),(0.,0.,1.),(-0.488769300216141,0.87241307370203,
0.),(1.,0.,0.),(0.,0.,1.),(0.499818766770545,-0.86613001355684,0.),(1.,
0.,0.),(0.,0.,1.),(0.448401790363467,-0.893832106381751,0.),(0.,0.,1.),
(-1.,0.,0.),(0.395455265493138,-0.918485238310204,0.),(0.448401790363467,
-0.893832106381751,0.),(0.,0.,1.),(0.,0.,1.),(-0.412040192970606,0.911165670653118,
0.),(-0.477502866884673,0.878630190761118,0.),(0.,0.,1.),(1.,0.,0.),(-0.412040192970606,
0.911165670653118,0.),(0.,0.,1.),(-0.344375609587908,0.938831954889136,
0.),(-1.,0.,0.),(0.,0.,1.),(0.,0.,1.),(0.497505552173484,-0.867460791941951,
0.),(0.,0.,1.),(0.377707818248681,-0.925924837140586,0.),(0.,0.,1.),(0.450914326158482,
-0.892567235823186,0.),(0.,0.,1.),(0.511670209503593,-0.859181934578788,
0.),(1.,0.,0.),(0.,0.,1.),(-1.,0.,0.),(0.336666123637502,-0.941624086987423,
0.),(0.377707818248681,-0.925924837140586,0.),(0.,0.,1.),(0.,0.,1.),(0.497505552173484,
-0.867460791941951,0.),(0.450914326158482,-0.892567235823186,0.),(0.,0.,
1.),(0.,0.,1.),(-0.981000070186421,0.194007376902563,-1.27421828177921E-6),
(1.,0.,0.),(0.,0.,1.),(-0.453831075483976,0.891087736940116,0.),(-0.967015802936477,
0.254716385164206,0.),(0.,0.,1.),(-0.974480830459198,0.224470735436824,
0.),(0.,0.,1.),(-0.384839320498343,0.922983584576873,0.),(1.,0.,0.),(0.,
0.,1.),(0.,1.,0.),(0.,1.,0.),(0.942586829764209,0.333961177916025,0.),(0.,
0.,1.),(1.,0.,0.),(-0.981000072707077,0.19400736415749,-1.17183182557387E-6),
(0.,0.,1.),(0.,0.,1.),(-0.974480831917349,0.224470729106651,0.),(0.,0.,
1.),(-0.967015802936477,0.254716385164206,0.),(-0.453831075483976,0.891087736940116,
0.),(0.,0.,1.),(0.453556267211991,-0.891227643463063,0.),(-0.947779955277935,
0.318925001173245,0.),(0.,1.,0.),(0.,0.,1.),(0.942586829764209,0.333961177916025,
0.),(0.,0.,1.),(0.984342728116861,-0.176265123048931,0.),(-0.933817846878254,
-0.357748834871145,0.),(-0.313624268960809,0.949547164662608,0.),(-1.,0.,
0.),(0.,0.,1.),(0.,0.,1.),(-0.384839320498343,0.922983584576873,0.),(0.,
0.,1.),(0.304086897852874,-0.952644298022203,0.),(0.300219835553912,-0.886024401654214,
-0.353311208445578),(0.365270950301027,-0.930901247644552,0.),(-1.,0.,0.),
(0.304086897852874,-0.952644298022203,0.),(0.,0.,1.),(0.,0.,1.),(0.409893890845198,
-0.912133212994563,0.),(-0.947546594281387,-0.31961766482118,0.),(0.,0.,
1.),(0.,0.,1.),(0.93882965924737,0.344381867869763,0.),(-0.947546594281387,
-0.31961766482118,0.),(0.,0.,1.),(0.,0.,1.),(0.93882965924737,0.344381867869763,
0.),(0.934957287656823,0.354760299719962,0.),(0.,0.,1.),(0.,-1.,0.),(0.,
0.,1.),(0.,-1.,0.),(-0.941804822207014,-0.336160195245682,0.),(0.,0.,1.),
(-0.937873454436608,-0.346977497055853,0.),(0.934957287656823,0.354760299719962,
0.),(0.,-1.,0.),(0.,0.,1.),(0.,-1.,0.),(0.,0.,1.),(-0.941804822207014,-0.336160195245682,
0.),(0.,0.,1.),(0.,-1.,0.),(-0.950149355608475,-0.311795128308316,0.),(0.,
-1.,0.),(1.,0.,0.),(0.,0.,-1.),(-0.950149355608475,-0.311795128308316,0.),
(0.,-1.,0.),(0.,0.,1.),(0.,-1.,0.),(0.,0.,1.),(0.959764290354628,0.280806885528254,
0.),(0.,0.,1.),(0.956431126665315,0.291958044838151,0.),(0.,-1.,0.),(0.959764290354628,
0.280806885528254,0.),(0.,0.,1.),(0.,0.,-1.),(1.,0.,0.),(0.,1.,0.),(0.,
1.,0.),(0.,0.,-1.),(-1.,0.,0.),(0.,0.,-1.),(-1.,0.,0.),(0.,-1.,0.),(0.,
1.,0.),(0.,0.,1.),(-0.76087890553649,-0.648893898191063,0.),(-0.999478299410349,
-0.0322975077644772,0.),(0.,0.,1.),(-1.,0.,0.),(0.,1.,0.),(0.,0.,1.),(0.,
1.,0.),(0.,0.,1.),(0.99355013175322,0.113393719813576,0.),(0.,1.,0.),(0.,
0.,1.),(-0.993835310819985,-0.110866473594788,0.),(0.,1.,0.),(0.695913727213112,
0.718125395927727,0.),(0.,0.,1.),(0.,0.,1.),(0.,1.,0.),(-0.916467556711273,
-0.400109007016425,0.),(0.,1.,0.),(0.,0.,1.),(-0.731353636206614,-0.681998430208871,
0.),(0.,1.,0.),(0.989915773077616,0.141657199648117,0.),(0.,0.,1.),(0.,
1.,0.),(0.722908751730246,0.690943511925409,0.),(0.,0.,1.),(1.,0.,0.),(-0.824424349166659,
-0.565972165836033,0.),(0.,0.,1.),(0.,0.,1.),(1.,0.,0.),(0.,1.,0.),(1.,
0.,0.),(0.,0.,1.),(0.81979170808678,0.572661815867061,0.),(0.,1.,0.),(0.724270707759152,
0.689515729974348,0.),(0.,0.,1.),(0.,0.,1.),(0.,-1.,0.),(0.958401376812028,
0.285423896905653,0.),(1.,0.,0.),(0.,0.,1.),(0.842324600153679,0.538970563181278,
0.),(1.,0.,0.),(-0.867538726428938,-0.497369639348901,0.),(0.,0.,1.),(0.,
0.,1.),(1.,0.,0.),(0.895463526932299,0.445134891840628,0.),(1.,0.,0.),(-0.78250522843112,
-0.622644013444247,0.),(0.,0.,1.),(1.,0.,0.),(0.,-1.,0.),(0.,0.,1.),(0.,
-1.,0.),(0.,0.,1.),(0.889540307889538,0.456856695955949,0.),(0.,-1.,0.),
(-0.957125599510123,-0.289673241364106,0.),(0.,0.,1.),(0.,0.,1.),(0.,-1.,
0.),(0.952614608125073,0.304179894777273,0.),(0.,-1.,0.),(-0.965927134704684,
-0.258814161979594,0.),(0.,0.,1.),(0.,-1.,0.),(-0.440120061232164,-0.897938935396498,
0.),(0.,0.,1.),(0.,0.,1.),(-0.997360879789824,-0.0726035499467338,0.),(0.,
0.,1.),(0.996269953172555,0.0862912533548726,0.),(-0.999872209444857,-0.0159863935851742,
0.),(0.,0.,1.),(0.819422163888985,0.573190472118556,0.),(0.,0.,1.),(0.863799693591269,
0.503835379217884,0.),(0.863799693591269,0.503835379217884,0.),(0.,0.,1.),
(0.,0.,1.),(0.998250600950301,0.0591247638672936,0.),(0.902321098407231,
0.431064537359742,0.),(0.998250600950301,0.0591247638672936,0.),(0.902321098407231,
0.431064537359742,0.),(0.,0.,1.),(0.,0.,1.),(0.996269953172555,0.0862912533548726,
0.),(0.99355013175322,0.113393719813576,0.),(0.,1.,0.),(0.,0.,1.),(0.,0.,
1.),(-0.998387662695925,-0.0567633242205635,0.),(0.868884450900533,0.495014960363098,
0.),(0.,0.,1.),(-0.845317363398902,-0.534264499228919,0.),(0.,0.,1.),(-0.917086374062233,
-0.398688578353312,0.),(0.69465357961631,0.719344426770825,0.),(0.,0.,1.),
(-0.882163554466867,-0.470943163418245,0.),(0.,0.,1.),(-0.731703732394251,
-0.681622804783057,0.),(0.,0.,1.),(-0.89720738811247,-0.441609445909391,
0.),(0.672063667612833,0.740493367070083,0.),(0.,0.,1.),(-0.996478741240472,
-0.0838458004661205,0.),(0.,1.,0.),(-0.993835310819985,-0.110866473594788,
0.),(0.,0.,1.),(0.,0.,1.),(-0.706377158703353,0.707835651590239,0.),(0.998856979039873,
0.0477989060893475,0.),(-0.715332325303473,0.698784419099286,0.),(0.,0.,
1.),(0.,0.,1.),(0.640302718010839,0.768122665534569,0.),(0.719869202031383,
-0.694109740579039,0.),(0.,0.,1.),(0.713702257647211,-0.700449204032151,
0.),(0.,0.,1.),(-0.731983361268394,0.681322507206554,0.),(-0.69917929495748,
-0.714946371067622,0.),(0.75312471333003,-0.657877774492771,0.),(0.,0.,
1.),(0.,0.,1.),(0.,0.,1.),(-0.733083996428014,0.680137985768244,0.000417727479851861),
(0.0400969152106425,-0.999195795322714,0.),(0.,0.,1.),(-0.731107184650793,
0.682262621394424,0.),(0.,0.,1.),(-0.732005458149215,0.681298762192415,
7.66475077602081E-5),(0.,0.,1.),(0.803013862885661,-0.595763824796917,-0.015303629530211),
(0.,0.,1.),(0.693697643733768,-0.597241856222831,-0.402598738514821),(0.72943414124047,
-0.684051046043187,0.),(0.,0.,1.),(-0.706377158703353,0.707835651590239,
0.),(0.,0.,1.),(0.713702257647211,-0.700449204032151,0.),(0.,0.,1.),(-0.735908224519924,
0.677081298725591,0.),(0.758005737564444,-0.641927279304672,-0.1155710599756),
(0.,0.,1.),(0.,0.,1.),(0.785059562850265,-0.619408169704272,-0.00387325198684007),
(0.,0.,1.),(-0.697307474366513,0.71677212989387,0.),(-0.790086095210399,
-0.612995890814273,0.),(0.,0.,1.),(-0.677813071719829,-0.735234275456287,
0.),(0.70747948747251,-0.706733878348587,0.),(0.,0.,1.),(0.76491234468941,
-0.644134384225643,0.),(0.785299122317634,-0.619116538696192,0.),(0.,0.,
1.),(0.,0.,1.),(0.799096950481786,-0.601202182074143,0.),(-0.974950839966138,
-0.222420456903862,0.),(0.799096950481786,-0.601202182074143,0.),(-0.974950839966138,
-0.222420456903862,0.),(0.,0.,1.),(0.,0.,1.),(-0.745897754448596,0.66606046265226,
0.),(0.,0.,1.),(-0.779452587289301,0.626461223195829,0.),(0.,0.,1.),(-0.971416727114463,
-0.237380585310223,0.),(0.,0.,1.),(-0.773992745519407,0.633194464507808,
0.),(-0.96765307296298,-0.252284621777274,0.),(0.,0.,1.),(-0.733364478611094,
0.679835659951716,0.000130267007068533),(-0.971416727114463,-0.237380585310223,
0.),(0.,0.,1.),(0.,0.,1.),(0.980141164164334,0.198301029524768,0.),(-0.785636830150403,
-0.618687943240554,0.),(0.,0.,1.),(-0.983950208405251,-0.178443232932107,
0.),(-0.799960481460558,0.600052687771159,0.),(0.,0.,1.),(-0.983259553129173,
-0.182210458481995,0.),(0.,0.,1.),(0.819585497498662,-0.572956902646151,
0.),(-0.982554474425539,-0.185975011187934,0.),(-0.735908224519924,0.677081298725591,
0.),(0.,0.,1.),(-0.695338920470308,0.718681978123277,0.),(-0.424072641147418,
-0.905628177029764,0.),(0.,0.,1.),(0.,0.,1.),(-0.773992745519407,0.633194464507808,
0.),(-0.96765307296298,-0.252284621777274,0.),(0.,0.,1.),(0.747566272920536,
-0.612189883434216,-0.257620290762393),(0.,0.,1.),(0.787314421130457,-0.616551702844144,
0.),(-0.998630661557557,-0.0523144511307931,0.),(0.,0.,1.),(-0.249179655883304,
-0.968457277887816,0.),(0.71377639255818,-0.700373658432862,0.),(0.,0.,
1.),(0.735962344303783,-0.677022472128422,0.),(-0.745786408404058,0.666185115852331,
0.000156386032971039),(0.,0.,1.),(0.,0.,1.),(-0.779452587289301,0.626461223195829,
0.),(-0.799960481460558,0.600052687771159,0.),(-0.983950208405251,-0.178443232932107,
0.),(0.,0.,1.),(0.,0.,1.),(-0.983259553129173,-0.182210458481995,0.),(-0.982554474425539,
-0.185975011187934,0.),(0.819585497498662,-0.572956902646151,0.),(0.,0.,
1.),(0.,0.,1.),(0.804321906922438,-0.594193798389593,0.),(0.,0.,1.),(-0.807932397242671,
0.589275183157844,0.),(0.,0.,1.),(-0.858789896828239,0.512327935121386,
0.),(0.696660107613002,-0.5988216990272,-0.395066155516792),(0.,0.,1.),
(0.74282406809537,-0.669486671904859,0.),(0.772898681039003,-0.627346601844203,
-0.0952043591580808),(0.,0.,1.),(0.,0.,1.),(0.729656236474838,-0.68381413891011,
0.),(0.809588691026812,-0.586997573556734,0.),(0.,0.,1.),(-0.92177548080971,
-0.38772408098805,0.),(0.76491234468941,-0.644134384225643,0.),(0.,0.,1.),
(0.,0.,1.),(-0.764085092045704,0.642185434154129,0.061415309767034),(0.,
0.,1.),(-0.746561188944886,0.665316760018263,0.),(0.920240643356793,-0.391352984292028,
0.),(0.,0.,1.),(-0.759843245756705,0.622026201959575,0.189001708864393),
(0.,0.,1.),(0.736434913610052,-0.676459732424845,-0.00811470417585545),
(0.78659268216606,-0.617319813770423,-0.0137185964753852),(0.,0.,1.),(-0.998630661557557,
-0.0523144511307931,0.),(-0.997943770983179,-0.064095475315125,0.),(0.,
0.,1.),(-0.997943770983179,-0.064095475315125,0.),(0.,0.,1.),(0.,0.,1.),
(0.97130291644443,0.237845841894588,0.),(0.,0.,1.),(-0.743667874100926,
0.66854924503002,0.),(0.,0.,1.),(-0.766661203862171,0.642051865889826,0.),
(-0.997117902418705,-0.0758675732847816,0.),(-0.719759234711453,0.694223770874769,
0.),(0.,-1.,0.),(0.,0.,1.),(0.,0.,1.),(-0.766661203862171,0.642051865889826,
0.),(-0.997117902418705,-0.0758675732847816,0.),(-0.743667874100926,0.66854924503002,
0.),(0.,0.,1.),(0.,0.,1.),(0.899743536141608,0.43641902934152,0.),(0.,0.,
1.),(0.781760969756103,-0.623578211747329,0.),(-0.540168357133274,-0.841556977246306,
0.),(0.,0.,1.),(0.767408214615832,0.623692080640666,0.148636538866653),
(0.,0.,1.),(0.,-1.,0.),(0.743069861412392,-0.669213853010059,0.),(0.,0.,
1.),(0.762756788798937,-0.646685457653978,0.),(1.,0.,0.),(0.81979170808678,
0.572661815867061,0.),(0.,0.,1.),(0.,0.,1.),(0.999999030939509,0.00139216379898336,
0.),(-0.806414881222518,-0.591350183345598,0.),(0.,1.,0.),(0.,0.,1.),(0.724270707759152,
0.689515729974348,0.),(0.,0.,1.),(-0.772215163018722,-0.635361111497995,
0.),(0.,0.,1.),(0.83114498267962,0.556055768575864,0.),(0.,0.,1.),(0.83114498267962,
0.556055768575864,0.),(1.,0.,0.),(0.842324600153679,0.538970563181278,0.),
(0.,0.,1.),(0.,0.,1.),(1.,0.,0.),(-0.824424349166659,-0.565972165836033,
0.),(-0.823628279465743,-0.567130017953819,0.),(0.,0.,1.),(-0.823628279465743,
-0.567130017953819,0.),(0.,0.,1.),(0.,0.,1.),(0.992796912884001,0.119809389314853,
0.),(0.842161928096446,0.539224709063742,0.),(0.848276036879783,0.529554308126682,
0.),(0.,0.,1.),(0.,0.,1.),(0.997875407840123,-0.0651511352771977,0.),(-0.822830583635573,
-0.568286750359308,0.),(0.,0.,1.),(0.848276036879783,0.529554308126682,
0.),(1.,0.,0.),(0.895463526932299,0.445134891840628,0.),(0.,0.,1.),(0.,
0.,1.),(1.,0.,0.),(-0.867538726428938,-0.497369639348901,0.),(-0.874941478859101,
-0.484228673843102,0.),(0.,0.,1.),(0.,0.,1.),(0.883355905106224,0.468702832201774,
0.),(0.,0.,1.),(-0.874941478859101,-0.484228673843102,0.),(0.,0.,1.),(0.89993079578122,
0.436032754279516,0.),(1.,0.,0.),(0.,0.,1.),(-0.78250522843112,-0.622644013444247,
0.),(-0.74033240691005,-0.672240974114768,0.),(0.,0.,1.),(0.,0.,1.),(0.996217280095393,
-0.0868972429904231,0.),(0.,0.,1.),(0.999702428704322,0.0243937295770872,
0.),(0.904305546885473,0.426885790197057,0.),(0.,0.,1.),(0.988252869066419,
-0.152827572060773,0.),(0.,0.,1.),(-0.74033240691005,-0.672240974114768,
0.),(0.,0.,1.),(0.994125325743943,-0.108235099272372,0.),(-0.69502175653047,
-0.71898870502206,0.),(0.,0.,1.),(0.577825834102057,-0.816160097924581,
0.),(-0.994590395430443,0.103874661575931,0.),(0.,0.,1.),(0.934959883856036,
0.354753457460117,0.),(0.990104910235987,-0.140329137126212,0.),(0.,0.,
1.),(0.462350468614584,-0.88669726748867,0.),(-0.785478223743086,0.61888929545227,
0.),(0.,0.,1.),(0.431842317731719,-0.901949118640346,0.),(-0.855139566505644,
0.518397841234452,0.),(0.,-1.,0.),(0.889540307889538,0.456856695955949,
0.),(0.,0.,1.),(0.,0.,1.),(0.888312539135485,0.459239406861679,0.),(0.,
0.,1.),(0.912584745352953,0.408887616037812,0.),(0.89993079578122,0.436032754279516,
0.),(0.,0.,1.),(0.,0.,1.),(0.966652427753051,-0.256091944268329,0.),(-0.882145194598767,
-0.470977553229773,0.),(0.,0.,1.),(0.995109934471034,-0.0987735709441276,
0.),(0.,0.,1.),(0.999980235062699,-0.00628724772458805,0.),(0.,0.,1.),(-0.822830583635573,
-0.568286750359308,0.),(0.997875407840123,-0.0651511352771977,0.),(0.995109934471034,
-0.0987735709441276,0.),(0.,0.,1.),(0.,0.,1.),(0.992796912884001,0.119809389314853,
0.),(0.842161928096446,0.539224709063742,0.),(0.999980235062699,-0.00628724772458805,
0.),(0.,0.,1.),(0.,0.,1.),(0.883355905106224,0.468702832201774,0.),(0.,
0.,1.),(0.909503648633002,0.415695938304978,0.),(0.998616988902089,-0.0525747988690875,
0.),(0.,0.,1.),(0.987889557150936,-0.15515870221205,0.),(0.996217280095393,
-0.0868972429904231,0.),(0.,0.,1.),(0.904305546885473,0.426885790197057,
0.),(0.999702428704322,0.0243937295770872,0.),(0.,0.,1.),(0.,0.,1.),(-0.69502175653047,
-0.71898870502206,0.),(0.994125325743943,-0.108235099272372,0.),(0.988252869066419,
-0.152827572060773,0.),(0.,0.,1.),(0.,0.,1.),(0.998616988902089,-0.0525747988690875,
0.),(0.909503648633002,0.415695938304978,0.),(0.,0.,1.),(0.987889557150936,
-0.15515870221205,0.),(0.,0.,1.),(-0.882145194598767,-0.470977553229773,
0.),(0.966652427753051,-0.256091944268329,0.),(-1.,0.,0.),(0.192854019485322,
-0.981227459444728,0.),(0.,0.,1.),(0.,0.,1.),(-0.415031212800275,0.909807173197449,
0.),(0.203429718641564,-0.979089551355449,0.),(0.,0.,1.),(0.,0.,1.),(-0.234329015596669,
0.972136246190768,0.00640556723636436),(-1.,0.,0.),(0.,0.,1.),(-0.20469983354516,
0.978824794407346,0.),(-0.233533835065385,0.972348676082635,0.),(0.,0.,
1.),(0.,0.,1.),(-0.41010407934061,0.912038729500119,0.),(0.300219835553912,
-0.886024401654214,-0.353311208445578),(0.,0.,1.),(0.411714539520432,-0.91131286501809,
0.),(-1.,0.,0.),(0.,0.,1.),(-0.373740279936496,0.927533397324856,0.),(-0.415031212800275,
0.909807173197449,0.),(0.,0.,1.),(0.,0.,1.),(-1.,0.,0.),(-0.336578070079043,
0.941655564812244,0.),(-1.,0.,0.),(0.317529712380965,-0.948248322832823,
0.),(0.,0.,1.),(0.,0.,1.),(0.333616058737509,-0.936901911318866,-0.104475518278236),
(0.416827891639736,-0.908721186772783,-0.0219160548784747),(0.,0.,1.),(-1.,
0.,0.),(0.963789741805769,-0.266663333793698,0.),(0.,0.,1.),(0.,0.,1.),
(0.956535832315045,-0.291614817005865,0.),(0.,0.,1.),(-0.959064980330364,
0.283186093415475,0.),(0.,0.,1.),(0.956535832315045,-0.291614817005865,
0.),(0.,0.,1.),(0.547901512701396,-0.836542845513319,0.),(-0.944051749284299,
0.329797353951264,0.),(0.,0.,1.),(0.583656719380106,-0.812000513498885,
0.),(0.,0.,1.),(0.918640228415414,-0.39509509075269,0.),(0.,0.,1.),(0.88212434799531,
-0.47101659702589,0.),(0.618314207342211,-0.785931002696022,0.),(0.,0.,
1.),(-0.41010407934061,0.912038729500119,0.),(0.,0.,1.),(0.203429718641564,
-0.979089551355449,0.),(-0.992919525216748,0.118788957581701,0.),(0.,0.,
1.),(0.,0.,1.),(-0.889726335746924,0.456494301693189,0.),(0.987493132234138,
-0.157662023932245,0.),(-0.959064980330364,0.283186093415475,0.),(0.,0.,
1.),(0.,0.,1.),(0.968868907658168,-0.247574311618288,0.),(-0.455484131174603,
0.890243902673934,0.),(0.213981735310734,-0.976837661514649,0.),(0.,0.,
1.),(0.,0.,1.),(-0.455484131174603,0.890243902673934,0.),(0.213981735310734,
-0.976837661514649,0.),(0.,0.,1.),(-0.279824734463332,0.949810245051826,
0.13985212324851),(0.,0.,1.),(0.49889599723012,-0.866661862520651,0.),(-0.932714752593487,
0.360615016734566,0.),(0.,0.,1.),(0.556020298800104,-0.831168711707944,
0.),(0.,0.,1.),(0.942076070632142,-0.335399280175589,0.),(0.610629748590672,
-0.791916226715991,0.),(0.428617614823552,-0.903485993396118,0.),(0.,0.,
1.),(0.,0.,1.),(0.462350468614584,-0.88669726748867,0.),(-0.785478223743086,
0.61888929545227,0.),(0.,0.,1.),(-0.767607231783053,0.640920539313852,0.),
(0.,0.,1.),(-0.418237634728736,0.908287146920706,0.00957808097456025),(0.,
0.,1.),(-0.617346662321175,0.786691234551972,0.),(0.,0.,1.),(-0.726520427415336,
0.687144867221053,0.),(-0.767607231783053,0.640920539313852,0.),(0.,0.,
1.),(0.,0.,1.),(-0.918837200662396,0.394636793366877,0.),(-0.481053309949187,
0.876691344195282,0.),(-0.419914558521155,0.90756364159324,0.),(0.,0.,1.),
(0.,0.,1.),(-0.726520427415336,0.687144867221053,0.),(-0.617346662321175,
0.786691234551972,0.),(0.,0.,1.),(0.,0.,1.),(0.474289694484325,-0.880368835037886,
0.),(0.,0.,1.),(0.790146636199664,-0.604856224121726,-0.0990819935385074),
(0.,0.,1.),(-0.856147982416172,0.516730715367994,0.),(0.939768728707409,
-0.341810966096263,0.),(0.,0.,1.),(0.927143954677457,-0.374705333969301,
0.),(0.,0.,1.),(0.886828095916973,-0.462099478783818,0.),(0.,0.,1.),(0.856984092323782,
-0.515342862086964,0.),(0.515661624840541,-0.856792325284729,0.),(-0.944051749284299,
0.329797353951264,0.),(0.547901512701396,-0.836542845513319,0.),(0.,0.,
1.),(0.,0.,1.),(0.583656719380106,-0.812000513498885,0.),(0.,0.,1.),(0.918640228415414,
-0.39509509075269,0.),(0.618314207342211,-0.785931002696022,0.),(0.88212434799531,
-0.47101659702589,0.),(0.,0.,1.),(0.,0.,1.),(0.453556267211991,-0.891227643463063,
0.),(-0.947779955277935,0.318925001173245,0.),(0.,0.,1.),(-0.934075998290282,
0.357074263169462,0.),(0.,0.,1.),(-0.481053309949187,0.876691344195282,
0.),(-0.918837200662396,0.394636793366877,0.),(-0.934075998290282,0.357074263169462,
0.),(0.,0.,1.),(0.,0.,1.),(0.987387319100435,-0.158323346603257,0.),(0.,
0.,1.),(0.888312539135485,0.459239406861679,0.),(0.,0.,1.),(-0.937873454436608,
-0.346977497055853,0.),(0.956431126665315,0.291958044838151,0.),(0.,0.,
1.),(0.,0.,1.),(-0.95522976496365,-0.295864996455292,0.),(0.,-1.,0.),(0.,
0.,1.),(-0.957125599510123,-0.289673241364106,0.),(0.,-1.,0.),(0.952614608125073,
0.304179894777273,0.),(0.,0.,1.),(0.,0.,1.),(-0.964457606330308,-0.264237630915078,
0.),(0.950907262036392,0.309475974845307,0.),(0.,0.,1.),(0.,0.,1.),(-0.96295762662579,
-0.269652756936076,0.),(-0.507234928273308,-0.861807825178892,0.),(0.,0.,
1.),(0.950907262036392,0.309475974845307,0.),(-0.95522976496365,-0.295864996455292,
0.),(0.,0.,1.),(0.,0.,1.),(0.,-1.,0.),(-0.965927134704684,-0.258814161979594,
0.),(0.,-1.,0.),(0.958401376812028,0.285423896905653,0.),(0.,0.,1.),(0.,
0.,1.),(0.957477813716357,0.288506908480446,0.),(0.,0.,1.),(-0.444295383888018,
-0.895880355770679,0.),(0.957477813716357,0.288506908480446,0.),(0.,0.,
1.),(0.,0.,1.),(-0.964457606330308,-0.264237630915078,0.),(0.956544333133318,
0.291586931721118,0.),(0.,0.,1.),(-0.448461078187792,-0.893802361459536,
0.),(0.,0.,1.),(-0.49377507424708,-0.869589659582203,0.),(0.,0.,1.),(-0.507234928273308,
-0.861807825178892,0.),(-0.96295762662579,-0.269652756936076,0.),(-0.95329387570382,
-0.302044345329607,0.),(0.,0.,1.),(-0.564842560621872,-0.825198692261523,
0.),(-0.564842560621872,-0.825198692261523,0.),(-0.95329387570382,-0.302044345329607,
0.),(0.,0.,1.),(0.,0.,1.),(-0.542286503940776,-0.840193636993098,0.),(0.,
0.,1.),(0.949170472535691,0.314762472455616,0.),(-0.480195862630102,-0.877161292758026,
0.),(-0.542286503940776,-0.840193636993098,0.),(0.,0.,1.),(-0.519332612832703,
-0.854572195457094,0.),(0.95296840640887,0.303069655997658,0.),(0.,0.,1.),
(0.,0.,1.),(-0.49377507424708,-0.869589659582203,0.),(0.,0.,1.),(-0.480195862630102,
-0.877161292758026,0.),(0.949170472535691,0.314762472455616,0.),(0.912584745352953,
0.408887616037812,0.),(0.,0.,1.),(0.,0.,1.),(0.934959883856036,0.354753457460117,
0.),(0.990104910235987,-0.140329137126212,0.),(0.987387319100435,-0.158323346603257,
0.),(0.,0.,1.),(0.,0.,1.),(0.984342728116861,-0.176265123048931,0.),(-0.933817846878254,
-0.357748834871145,0.),(0.,0.,1.),(0.695283920578318,0.718735187524058,
0.),(0.,1.,0.),(0.,0.,1.),(0.695913727213112,0.718125395927727,0.),(0.695283920578318,
0.718735187524058,0.),(0.,0.,1.),(0.,1.,0.),(-0.916467556711273,-0.400109007016425,
0.),(0.,0.,1.),(0.,0.,1.),(-0.916777240483282,-0.399398912532144,0.),(0.,
0.,1.),(-0.916777240483282,-0.399398912532144,0.),(0.,0.,1.),(0.991861053460579,
0.127324980377267,0.),(0.,1.,0.),(0.,0.,1.),(0.989915773077616,0.141657199648117,
0.),(-0.996478741240472,-0.0838458004661205,0.),(0.,0.,1.),(0.,1.,0.),(-0.731353636206614,
-0.681998430208871,0.),(0.,0.,1.),(0.,0.,1.),(-0.719123614010457,-0.694882168264908,
0.),(0.,0.,1.),(-0.719123614010457,-0.694882168264908,0.),(0.,1.,0.),(0.,
0.,1.),(0.722908751730246,0.690943511925409,0.),(0.,1.,0.),(-0.76087890553649,
-0.648893898191063,0.),(0.,0.,1.),(0.,0.,1.),(-0.759710353163234,-0.650261623730475,
0.),(0.697926077545599,0.716169805480387,0.),(0.,0.,1.),(0.697926077545599,
0.716169805480387,0.),(0.,0.,1.),(0.,0.,1.),(-0.759710353163234,-0.650261623730475,
0.),(0.,0.,1.),(-0.747579853935184,-0.664171937069197,0.),(0.,0.,1.),(-0.706150845882051,
-0.708061425908843,0.),(0.,0.,1.),(0.991861053460579,0.127324980377267,
0.),(0.670429903729483,0.741972872944339,0.),(0.,0.,1.),(0.,0.,1.),(0.670383915109492,
0.742012592523673,0.00164890835594572),(0.,0.,1.),(-0.747579853935184,-0.664171937069197,
0.),(-0.917086374062233,-0.398688578353312,0.),(0.,0.,1.),(0.69465357961631,
0.719344426770825,0.),(0.,0.,1.),(-0.746538751235011,-0.66534193682983,
0.),(0.,0.,1.),(0.875687737919062,0.482877816490048,0.),(0.,0.,1.),(0.88232149619129,
0.470647189897871,0.),(0.993598839858692,0.112966125150244,0.),(0.59949743121088,
0.79114959617804,0.121182285994611),(0.,0.,1.),(0.,0.,1.),(-0.628067850517319,
-0.778158579690897,0.),(0.,0.,1.),(-0.694852215010099,-0.719152556343617,
0.),(0.575808078446492,0.816960685937474,0.0319420479670877),(-0.942589029603564,
-0.333954968926966,0.),(0.,0.,1.),(0.,0.,1.),(-0.663660879045483,-0.748033580546072,
0.),(0.,0.,1.),(-0.706150845882051,-0.708061425908843,0.),(0.,0.,1.),(-0.577833281945543,
-0.815425371191667,-0.0344987288602622),(0.,0.,1.),(-0.882163554466867,
-0.470943163418245,0.),(0.,0.,1.),(-0.731703732394251,-0.681622804783057,
0.),(0.,0.,1.),(-0.610498914927019,-0.79201709253837,0.),(-0.663660879045483,
-0.748033580546072,0.),(0.,0.,1.),(0.672063667612833,0.740493367070083,
0.),(-0.89720738811247,-0.441609445909391,0.),(0.,0.,1.),(0.,0.,1.),(-0.845317363398902,
-0.534264499228919,0.),(0.,0.,1.),(-0.746538751235011,-0.66534193682983,
0.),(-0.998387662695925,-0.0567633242205635,0.),(0.,0.,1.),(0.868884450900533,
0.495014960363098,0.),(0.,0.,1.),(0.875687737919062,0.482877816490048,0.),
(0.,0.,1.),(0.993598839858692,0.112966125150244,0.),(0.88232149619129,0.470647189897871,
0.),(-0.646094777877272,-0.763257189943022,0.),(0.,0.,1.),(0.,0.,1.),(0.563830010247914,
0.825890864184753,0.),(0.480573101692281,0.678191447053071,0.555972890592627),
(0.659441065042263,0.751756264846476,0.),(0.,0.,1.),(-0.646094777877272,
-0.763257189943022,0.),(0.,0.,1.),(-0.716115873480252,-0.697981415046,0.),
(0.,-1.,0.),(0.74610869382362,0.665824163725538,0.),(0.,0.,1.),(0.,0.,1.),
(0.,-1.,0.),(-0.753013583964479,-0.658004971383173,0.),(-0.716115873480252,
-0.697981415046,0.),(0.,0.,1.),(0.,-1.,0.),(0.927919277257285,0.372781189029594,
0.),(0.,0.,1.),(0.,0.,1.),(0.930921188463096,0.365220126595532,0.),(0.,
0.,1.),(-0.722049395431416,-0.691841506818669,0.),(0.,-1.,0.),(0.,0.,1.),
(-0.692391636246529,-0.72152187912485,0.),(-0.722049395431416,-0.691841506818669,
0.),(0.,0.,1.),(0.,0.,1.),(0.762113592589392,0.647443334964914,0.),(0.,
0.,1.),(0.762113592589392,0.647443334964914,0.),(0.,0.,1.),(0.762756788798937,
-0.646685457653978,0.),(0.,0.,1.),(0.780941153073927,-0.62460460728013,
0.),(0.,-1.,0.),(0.,0.,1.),(-0.969984581441037,-0.243166428124149,0.),(-0.944079761697793,
-0.329717156897604,0.),(0.,0.,1.),(-0.944079761697793,-0.329717156897604,
0.),(0.,0.,1.),(0.,0.,1.),(-0.670617886051251,-0.741801183491887,-0.00162944106585768),
(0.,-1.,0.),(0.671442133771348,0.741056989034298,0.),(0.,0.,1.),(0.,0.,
1.),(0.719682127335001,0.694296004102581,0.00327021127069818),(0.,-1.,0.),
(0.,0.,1.),(-0.750546195562787,0.660817984263614,0.),(0.,-1.,0.),(0.775532821456594,
-0.631307249161274,0.),(0.,0.,1.),(0.,0.,1.),(-0.761608816560044,0.648037044109369,
0.),(0.,0.,1.),(-0.761608816560044,0.648037044109369,0.),(0.780941153073927,
-0.62460460728013,0.),(0.,0.,1.),(0.,-1.,0.),(0.610336659085432,0.792142135337108,
0.),(0.,0.,1.),(0.,0.,1.),(0.,-1.,0.),(-0.624368287346518,-0.781130105524026,
0.),(-0.670554682995528,-0.741860106160702,0.),(0.,0.,1.),(0.,0.,1.),(0.688047504511892,
0.725665647206038,0.),(0.,0.,1.),(0.688047504511892,0.725665647206038,0.),
(0.,0.,1.),(0.930921188463096,0.365220126595532,0.),(0.,0.,1.),(0.93386149024711,
0.357634893478595,0.),(-0.677098777187621,-0.735892142865398,0.),(0.,0.,
1.),(0.719552740710915,0.694437796591899,0.),(-0.910469279542259,-0.413576705110187,
0.),(0.,0.,1.),(0.786291558022725,-0.617855635065503,0.),(0.786291558022725,
-0.617855635065503,0.),(-0.910469279542259,-0.413576705110187,0.),(0.,0.,
1.),(0.,0.,1.),(-0.540168357133274,-0.841556977246306,0.),(-0.980515282702613,
-0.196442817090915,0.),(0.,0.,1.),(-0.961204427165767,-0.275836997512895,
0.),(-0.772453820012625,0.635070937728931,0.),(-0.677098777187621,-0.735892142865398,
0.),(0.93386149024711,0.357634893478595,0.),(0.,0.,1.),(0.,0.,1.),(0.84163539035287,
0.540046173679226,0.),(-0.772453820012625,0.635070937728931,0.),(-0.961204427165767,
-0.275836997512895,0.),(0.,0.,1.),(0.,0.,1.),(-0.971671095018297,-0.236337223276283,
0.),(0.,0.,1.),(-0.971671095018297,-0.236337223276283,0.),(0.,0.,1.),(-0.980515282702613,
-0.196442817090915,0.),(-0.540168357133274,-0.841556977246306,0.),(-0.540168357133274,
-0.841556977246306,0.),(0.,0.,1.),(0.781760969756103,-0.623578211747329,
0.),(0.,0.,1.),(0.987453667439536,0.157909007533486,0.),(-0.750435981471258,
-0.660943142572241,0.),(0.,0.,1.),(0.985634176450641,0.16889425748813,0.),
(0.,0.,1.),(0.948924378147437,0.315503604666411,0.),(0.833483165072432,
0.552544852062565,0.),(0.,0.,1.),(0.833483165072432,0.552544852062565,0.),
(0.,0.,1.),(0.,0.,1.),(-0.7832355693679,-0.621725054084957,0.),(0.,0.,1.),
(-0.723126480242996,-0.68639169846333,-0.0771656001855902),(0.,0.,1.),(-0.769831035392951,
-0.638247739475682,0.),(0.,0.,1.),(-0.776822426282638,-0.629719713860346,
0.),(0.895547157698092,0.444966614858766,0.),(0.,0.,1.),(0.99851920743359,
0.0544002976664167,0.),(0.,0.,1.),(-0.818844056756943,-0.574016036983143,
0.),(0.895547157698092,0.444966614858766,0.),(0.99851920743359,0.0544002976664167,
0.),(0.,0.,1.),(0.,0.,1.),(0.998201106586223,0.0599545728868096,0.),(-0.818844056756943,
-0.574016036983143,0.),(0.,0.,1.),(0.,0.,1.),(-0.813082066819014,-0.582149081092911,
0.),(0.997852110255323,0.0655069924435421,0.),(0.998201106586223,0.0599545728868096,
0.),(0.,0.,1.),(0.,0.,1.),(-0.776822426282638,-0.629719713860346,0.),(-0.813082066819014,
-0.582149081092911,0.),(0.,0.,1.),(0.997852110255323,0.0655069924435421,
0.),(0.,0.,1.),(0.767533750504877,0.641008534916594,0.),(0.999774457668824,
0.0212375561920057,0.),(0.,0.,1.),(0.817218828802242,-0.576327498780937,
0.),(-0.982729984509087,-0.185045339165215,0.),(0.,0.,1.),(-0.996232146293796,
-0.0867266434889289,0.),(0.,0.,1.),(-0.999922542903663,0.0124462119968764,
0.),(-0.891417806456893,0.453182407350045,0.),(0.,0.,1.),(0.715632968757452,
0.69847652360505,0.),(-0.762787694241023,-0.646420400509516,-0.017193002052596),
(0.,0.,1.),(0.,0.,1.),(-0.7832355693679,-0.621725054084957,0.),(0.,0.,1.),
(0.896037680195429,0.44348486463612,0.0209200981994808),(0.,0.,1.),(-0.785636830150403,
-0.618687943240554,0.),(0.980141164164334,0.198301029524768,0.),(0.,0.,
1.),(0.97130291644443,0.237845841894588,0.),(-0.750435981471258,-0.660943142572241,
0.),(0.987453667439536,0.157909007533486,0.),(0.,0.,1.),(0.,0.,1.),(0.985634176450641,
0.16889425748813,0.),(0.,0.,1.),(0.948924378147437,0.315503604666411,0.),
(0.,0.,1.),(0.84163539035287,0.540046173679226,0.),(-0.752731637154469,
0.657879801778302,0.0242744482716702),(0.,0.,1.),(0.920240643356793,-0.391352984292028,
0.),(0.,0.,1.),(0.903951721432662,-0.427634523067217,0.),(0.903951721432662,
-0.427634523067217,0.),(0.,0.,1.),(0.,0.,1.),(-0.957530590415293,0.288331698602392,
0.),(0.,0.,1.),(-0.914225732499512,0.405205269012793,0.),(0.,0.,1.),(-0.968950143028646,
0.24725618359258,0.),(0.,0.,1.),(0.841173876864767,-0.540764744487191,0.),
(0.,0.,1.),(-0.948091854365472,0.317996596972106,0.),(0.841263227384884,
-0.540620430267564,-0.00239429055923184),(0.,0.,1.),(0.,0.,1.),(-0.809224060009177,
0.587500145278505,0.),(0.895423045509356,-0.445216317727406,0.),(0.,0.,
1.),(0.808971043888493,-0.587848492513132,0.),(0.808753193537852,-0.588137869687961,
-0.00348111781378622),(0.,0.,1.),(0.,0.,1.),(-0.914225732499512,0.405205269012793,
0.),(-0.957530590415293,0.288331698602392,0.),(0.,0.,1.),(0.,0.,1.),(-0.890460502462343,
0.455060538340243,0.),(0.,0.,1.),(-0.890460502462343,0.455060538340243,
0.),(-0.948091854365472,0.317996596972106,0.),(0.,0.,1.),(0.,0.,1.),(0.49889599723012,
-0.866661862520651,0.),(-0.932714752593487,0.360615016734566,0.),(-0.968950143028646,
0.24725618359258,0.),(0.,0.,1.),(0.,0.,1.),(0.968868907658168,-0.247574311618288,
0.),(-0.889726335746924,0.456494301693189,0.),(0.,0.,1.),(0.987493132234138,
-0.157662023932245,0.),(0.556020298800104,-0.831168711707944,0.),(0.,0.,
1.),(0.,0.,1.),(0.942076070632142,-0.335399280175589,0.),(0.610629748590672,
-0.791916226715991,0.),(0.,0.,1.),(0.999935978618128,0.0113154171379635,
0.),(0.,0.,1.),(0.70512389496744,-0.709084122474863,0.),(0.,0.,1.),(-0.994590395430443,
0.103874661575931,0.),(-0.86071488054713,0.509087315108853,0.),(-0.994590395430443,
0.103874661575931,0.),(0.577825834102057,-0.816160097924581,0.),(0.,0.,
1.),(0.,0.,1.),(0.999999030939509,0.00139216379898336,0.),(-0.806414881222518,
-0.591350183345598,0.),(-0.772215163018722,-0.635361111497995,0.),(0.,0.,
1.),(0.,0.,1.),(0.999935978618128,0.0113154171379635,0.),(0.767533750504877,
0.641008534916594,0.),(0.,0.,1.),(0.999774457668824,0.0212375561920057,
0.),(0.718409828732802,0.695620096015135,0.),(0.480573101692281,0.678191447053071,
0.555972890592627),(0.,0.,1.),(0.,0.,1.),(-0.855644180486768,0.517564523899318,
0.),(0.,0.,1.),(0.86387015479067,-0.503714557722867,0.),(0.,0.,1.),(0.836685672530332,
-0.547683380597282,0.),(-0.855644180486768,0.517564523899318,0.),(0.,0.,
1.),(0.,0.,1.),(0.431842317731719,-0.901949118640346,0.),(-0.855139566505644,
0.518397841234452,0.),(0.563830010247914,0.825890864184753,0.),(-0.84536272187586,
-0.534192725954441,0.),(0.,0.,1.),(0.480573101692281,0.678191447053071,
0.555972890592627),(0.,0.,1.),(0.870722837047456,-0.491774075205301,0.),
(0.86387015479067,-0.503714557722867,0.),(0.,0.,1.),(0.,0.,1.),(0.884347393166319,
-0.466829399459734,0.),(0.870722837047456,-0.491774075205301,0.),(0.,0.,
1.),(0.,0.,1.),(0.836685672530332,-0.547683380597282,0.),(0.,0.,1.),(-0.8372657974587,
0.546796108623541,0.),(0.817218828802242,-0.576327498780937,0.),(0.,0.,
1.),(-0.982729984509087,-0.185045339165215,0.),(0.,0.,1.),(-0.821036116557699,
0.570876252184177,0.),(0.,0.,1.),(-0.851474699462494,0.524395686648218,
0.),(-0.996232146293796,-0.0867266434889289,0.),(0.,0.,1.),(0.,0.,1.),(-0.851474699462494,
0.524395686648218,0.),(-0.8372657974587,0.546796108623541,0.),(0.,0.,1.),
(0.,0.,1.),(0.927143954677457,-0.374705333969301,0.),(-0.856147982416172,
0.516730715367994,0.),(0.,0.,1.),(0.939768728707409,-0.341810966096263,
0.),(0.70512389496744,-0.709084122474863,0.),(0.,0.,1.),(0.895423045509356,
-0.445216317727406,0.),(-0.809224060009177,0.587500145278505,0.),(0.,0.,
1.),(0.,0.,1.),(0.884347393166319,-0.466829399459734,0.),(-0.620466421112404,
-0.784159416282742,-0.010743841355561),(0.,0.,1.),(0.,0.,1.),(-0.694852215010099,
-0.719152556343617,0.),(-0.80691927202253,0.590571496068462,0.010324556653361),
(0.,0.,1.),(0.,0.,1.),(-0.858789896828239,0.512327935121386,0.),(0.515661624840541,
-0.856792325284729,0.),(0.856984092323782,-0.515342862086964,0.),(0.,0.,
1.),(0.,0.,1.),(0.474289694484325,-0.880368835037886,0.),(0.886828095916973,
-0.462099478783818,0.),(0.,0.,1.),(0.,0.,1.),(-0.821036116557699,0.570876252184177,
0.),(-0.86071488054713,0.509087315108853,0.),(-0.994590395430443,0.103874661575931,
0.),(0.,0.,1.),(0.,0.,1.),(-0.61052349693674,-0.791997855051097,-0.000676226734167706),
(-0.891417806456893,0.453182407350045,0.),(-0.999922542903663,0.0124462119968764,
0.),(0.,0.,1.),(0.,0.,1.),(-0.850222654158629,-0.526423250204108,0.),(-0.762470961294891,
-0.647022436382267,0.),(0.,0.,1.)),$,(3015,3015,2941,2941,2941,2979,2979,
2979,2942,2942,2942,3017,3017,3064,3064,3064,3016,3016,3018,3018,2980,2980,
2980,3065,3065,3065,2873,3071,3071,3071,2839,2839,2967,2967,3089,3089,3089,
3238,3238,3313,3313,1451,1452,1428,1538,1538,1427,1417,1417,1447,1447,1536,
1536,1429,1453,1472,1472,1506,1506,1482,1482,1482,1504,1504,1387,1387,1387,
1424,1424,1424,1407,1407,1395,1395,1430,1454,1470,1470,1470,1373,1373,1373,
1375,1375,1431,1455,1630,1630,1630,1632,1632,1641,1578,1578,1578,1497,1497,
1497,1307,1307,1307,1432,1456,1576,1576,1585,1585,1585,1642,1356,1356,1356,
1331,1331,1433,1457,1566,1566,1415,1415,1415,1385,1385,1385,1399,1399,1438,
1438,1438,1570,1570,1580,1580,1458,1419,1419,1413,1413,1413,1403,1403,1403,
2877,2878,2878,2794,2794,2894,2894,2793,2876,2876,2930,2930,2944,2944,2944,
2931,2931,2672,2672,2795,2795,2799,2799,2799,2884,2884,2756,2756,2879,2879,
2755,2755,2755,2975,2975,2975,2616,2616,2615,2615,2615,2976,2976,2976,2510,
2510,2510,2510,2508,2508,2439,2439,2402,2402,2401,2401,2401,2355,2355,2129,
2129,2129,2128,2128,2128,2321,2321,2208,2208,2208,2202,2202,2280,2280,2280,
2201,2201,2290,2290,2298,2298,2298,2207,2207,2207,2198,2198,2197,2197,2318,
2318,2248,2248,2236,2236,2279,2279,2279,2226,2226,2103,2103,2103,2123,2123,
2289,2289,2159,2159,2159,2363,2363,2362,2362,2235,2235,2247,2247,2338,2338,
2434,2434,2435,2435,2337,2337,2317,2317,2218,2218,2225,2225,2489,2489,2489,
2488,2488,2488,2035,2035,2035,2064,2064,2155,2155,2121,2121,2120,2120,2122,
2122,2102,2102,2102,2322,2322,2063,2063,1973,1973,2068,2068,2068,2034,2034,
2034,2220,2220,2297,2297,2297,2217,2217,2154,2154,2080,2080,2080,2139,2139,
2139,2138,2138,2138,2158,2158,2158,2079,2079,2079,2029,2029,1950,1950,1950,
1949,1949,1949,1972,1972,2219,2219,2067,2067,2067,1961,1961,1920,1919,1914,
1914,1969,1969,1968,1968,1899,1899,1874,1874,1918,1954,1954,1954,1953,1953,
1953,2037,2037,2037,1913,1913,2036,2036,2036,1873,1873,1872,1872,1872,1871,
1871,1871,1862,1862,1860,1860,1971,1971,1971,2396,2396,1967,1967,1960,1960,
1926,1926,1922,1922,1922,1903,1903,1861,1861,1884,1884,1826,1826,1820,1820,
1832,1832,1832,1842,1842,1886,1886,1885,1885,1841,1841,1883,1883,1819,1819,
1825,1825,1789,1789,1788,1788,1888,1888,1888,1831,1831,1831,1887,1887,1887,
1818,1818,1818,1698,1697,1717,1717,1664,1664,1738,1738,1699,1669,1669,1716,
1716,1658,1658,1658,1696,1705,1705,1705,1715,1715,1745,1745,1683,1683,1683,
1747,1747,1678,1678,1746,1746,1742,1742,1742,1773,1773,1772,1772,1741,1741,
1741,1741,1797,1797,1797,1796,1796,1796,1663,1663,1657,1657,1657,1710,1710,
1710,1616,1616,1671,1671,1615,1615,1753,1753,1753,1575,1575,1648,1648,1648,
1584,1584,1584,1565,1565,1637,1637,1695,1569,1569,1583,1583,1579,1579,1443,
1443,1443,1436,1436,1434,1435,1435,1440,1440,1461,1461,1339,1339,1339,1459,
1459,1338,1338,1338,1486,1486,1486,1309,1309,1308,1308,1487,1487,1487,1195,
1195,1145,1145,1054,1054,1194,1194,1153,1153,1280,1280,1280,1105,1105,1105,
1279,1279,1279,1101,1101,1095,1095,1066,1066,1072,1072,1065,1065,1152,1152,
1104,1104,1104,1094,1094,1100,1100,1046,1046,1008,1008,1036,1036,1071,1071,
1045,1045,968,968,968,1007,1007,916,916,990,990,990,1035,1035,936,936,1010,
1010,994,994,994,935,935,1009,1009,967,967,967,1050,1050,1050,1049,1049,
1049,993,993,993,882,882,805,805,989,989,989,1144,1144,806,806,896,896,
1053,1053,934,934,934,731,731,902,902,730,730,974,974,974,933,933,933,811,
811,657,657,749,749,749,901,901,869,869,776,776,868,868,774,774,774,895,
895,775,775,748,748,748,626,626,625,625,881,881,881,747,747,747,692,692,
746,746,746,684,684,880,880,880,652,652,651,651,691,691,640,640,635,635,
614,614,683,683,574,574,601,601,601,571,571,600,600,600,570,570,552,552,
700,700,700,582,582,699,699,699,537,537,432,432,432,429,429,551,551,523,
523,642,642,642,641,641,641,581,581,536,536,377,376,465,465,465,508,508,
473,473,431,431,431,328,328,428,428,326,326,308,308,308,358,358,358,538,
538,538,538,325,325,327,327,307,307,307,479,479,413,413,504,504,412,412,
554,554,546,546,546,478,478,490,490,454,454,454,405,405,503,503,503,595,
595,595,545,545,545,594,594,594,553,553,399,399,356,356,388,388,354,354,
398,398,398,404,404,378,288,288,288,288,347,347,317,317,208,208,318,318,
207,207,207,207,198,198,218,218,218,179,179,179,192,191,277,277,277,320,
320,260,260,259,259,217,217,217,152,152,152,141,141,133,133,133,190,132,
132,132,132,104,104,103,103,64,64,64,135,135,106,106,531,531,66,66,66,530,
530,65,65,65,63,63,63,105,105,576,576,575,575,134,134,911,911,911,910,910,
910,62,62,62,145,145,204,204,204,60,60,60,265,265,59,59,59,61,61,61,203,
203,203,144,144,189,160,160,340,340,159,159,119,119,92,92,56,56,174,174,
174,256,256,287,287,287,91,91,118,118,58,58,58,57,57,57,158,158,127,127,
127,113,113,55,55,55,90,90,54,54,54,173,173,173,157,157,172,172,125,125,
53,53,53,51,51,111,111,52,52,52,50,50,50,49,49,49,171,171,126,126,126,89,
89,112,112,255,255,124,124,286,286,286,360,360,360,371,371,264,264,359,
359,359,339,339,374,210,210,209,209,451,451,483,483,483,471,471,470,470,
188,180,180,48,48,48,138,138,138,138,240,240,261,261,47,47,47,46,46,239,
239,239,239,45,45,45,44,44,44,44,351,351,351,351,482,482,482,482,186,88,
88,43,43,43,94,94,41,41,187,213,213,185,185,193,193,87,87,42,42,42,183,
183,183,183,322,322,322,372,263,263,263,93,93,93,131,131,40,40,40,39,39,
39,184,184,130,130,384,384,384,550,550,584,584,409,409,408,408,321,321,
321,549,549,549,849,849,849,848,848,848,858,858,860,860,860,705,705,859,
859,859,703,703,857,857,857,856,856,856,704,704,1350,1350,1465,1465,1426,
1450,1444,1444,1422,1422,1416,1416,1357,1357,1483,1483,1448,1448,1491,1491,
1491,1490,1490,1490,1341,1341,1343,1343,1342,1342,1340,1340,1269,1269,1269,
1317,1317,1270,1270,1268,1268,1268,1272,1272,1272,1271,1271,1271,1473,1473,
1425,1449,1445,1445,1421,1421,1420,1420,1319,1319,1397,1397,1498,1498,1446,
1446,1370,1370,1557,1557,1557,1396,1396,1371,1371,1265,1265,1265,1264,1264,
1264,1318,1318,1267,1267,1267,1266,1266,1266,1638,1638,1662,1662,1662,1680,
1680,1661,1661,1661,1639,1624,1624,1614,1614,1614,1562,1562,1562,1561,1561,
1561,1622,1622,1679,1679,1691,1706,1706,1660,1660,1660,1636,1636,1692,1692,
1719,1719,1719,1659,1659,1659,1718,1718,1718,1635,1635,1558,1558,1558,1476,
1476,1604,1604,1556,1556,1555,1555,1603,1603,1613,1613,1613,1475,1475,1602,
1602,1601,1601,1542,1542,1621,1621,1623,1623,1608,1608,1607,1607,1535,1535,
1480,1480,1474,1474,1534,1534,1534,1533,1533,1533,1479,1479,1541,1541,1610,
1610,1610,1609,1609,1609,1466,1466,1537,1537,1505,1505,1574,1574,1574,1628,
1628,1634,1634,1626,1626,1591,1591,1620,1620,1620,1590,1590,1573,1573,1573,
1627,1627,1646,1646,1645,1645,1633,1633,1625,1625,1640,1596,1596,1596,1619,
1619,1619,1652,1652,1651,1651,1694,1654,1654,1654,1675,1675,1587,1587,1586,
1586,1595,1595,1595,1677,1677,1714,1714,1714,1824,1824,1916,1731,1731,1890,
1890,1890,1882,1882,1882,1757,1757,1757,1785,1785,1876,1876,1876,1878,1878,
1878,1840,1840,1840,1653,1653,1653,1713,1713,1713,1676,1676,2059,2059,2021,
2021,2017,2017,2025,2025,2015,2015,2078,2078,2077,2077,2014,2014,2014,2058,
2058,2016,2016,2020,2020,2049,2049,2048,2048,2024,2024,2082,2082,2081,2081,
2086,2086,2086,2060,2060,2191,2191,2163,2163,2165,2165,2133,2133,2190,2190,
2190,2192,2192,2193,2193,2193,2189,2189,2189,2162,2162,2164,2164,2132,2132,
2066,2066,2066,2194,2194,2194,2085,2085,2085,2065,2065,2065,2589,2589,2667,
2667,2723,2723,2588,2588,2588,2788,2587,2587,2587,2675,2675,2591,2591,2591,
2590,2590,2590,2666,2666,2847,2847,2846,2846,2722,2722,2870,3000,3000,3000,
2999,2999,2999,2858,2858,2858,3311,3311,2871,2936,2936,3214,3214,3214,2972,
2972,3012,3012,3042,3042,3042,3129,3129,2818,2818,2776,2776,2776,3143,3143,
3143,3315,3315,3048,3048,3047,3047,2584,2584,2584,2695,2695,2690,2690,2694,
2694,2586,2586,2586,2585,2585,2585,2583,2583,2583,2833,2833,2851,2851,2850,
2850,2689,2689,3075,3075,3074,3074,2990,2990,2989,2989,2832,2832,2796,2796,
2796,2796,2787,2869,2582,2582,2582,2946,2946,2581,2581,2581,2581,2945,2945,
2945,2762,2762,2580,2580,2684,2684,3099,3099,3168,3168,2624,2624,2614,2614,
2579,2579,2579,2578,2578,2578,2683,2683,2613,2613,2623,2623,2761,2761,3098,
3098,2577,2577,2577,2575,2575,2575,2782,2782,2782,2782,2574,2574,2574,2574,
2940,2940,2939,2939,2576,2576,2576,2938,2938,2937,2937,2937,2868,3505,3505,
2918,2918,2965,2965,2863,2863,2786,3401,3401,3401,3506,3506,3457,3457,3457,
3498,3498,3421,3421,3417,3417,3417,3504,3504,3427,3427,3400,3400,3400,2917,
2917,2917,3419,3419,3419,3441,3441,3493,3493,3493,3435,3435,3435,3507,3507,
3420,3420,3456,3456,3456,3418,3418,3418,2780,2780,2780,2502,2497,2497,2480,
2480,2632,2632,2632,2427,2481,2481,2457,2457,2457,2467,2467,2496,2496,2496,
2428,2428,2326,2326,2326,2336,2336,2437,2437,2437,2325,2325,2325,2422,2422,
2422,2350,2350,2350,2420,2420,2420,2349,2349,2349,2335,2335,2426,2426,2459,
2459,2445,2445,2469,2469,2469,2468,2468,2468,2444,2444,2458,2458,2421,2421,
2421,2419,2419,2419,2456,2456,2456,2436,2436,2436,2501,2501,2531,2531,2531,
2527,2527,2530,2530,2530,2525,2525,2519,2519,2474,2474,2474,2473,2473,2473,
2526,2526,2524,2524,2466,2466,2495,2495,2495,2518,2518,2529,2529,2679,2679,
2554,2554,2554,2533,2533,2556,2556,2556,2640,2640,2781,2781,2678,2678,2555,
2555,2555,2494,2494,2500,2500,2553,2553,2553,2532,2532,2639,2639,2477,2477,
2477,2476,2476,2476,2711,2711,2710,2710,2812,2812,2812,2811,2811,2811,2493,
2493,2493,2493,2450,2450,2479,2479,2479,2424,2424,2424,2499,2499,2552,2552,
2552,2655,2655,2654,2654,2654,2423,2423,2423,2423,2449,2449,2394,2394,2394,
2393,2393,2393,2478,2478,2478,2551,2551,2551,2550,2550,2550,2715,2715,2912,
2912,2912,2714,2714,2549,2549,2549,2778,2778,2852,2852,2865,2961,2961,2961,
2904,2904,2904,2957,2957,2906,2906,2905,2905,2911,2911,2911,2934,2934,2934,
2861,2861,2720,2720,2548,2548,2548,2546,2546,2546,2547,2547,2547,2705,2705,
2721,2721,2719,2719,2545,2545,2545,2704,2704,2777,2777,2920,2920,2859,2859,
2919,2919,2978,2978,2978,2953,2953,2952,2952,2977,2977,2977,2735,2735,2544,
2544,2544,2542,2542,2542,2734,2734,2727,2727,2860,2860,2543,2543,2543,2726,
2726,2541,2541,2541,2992,2992,3030,3030,3030,3025,3025,3024,3024,2991,2991,
3029,3029,3029,2417,2417,2523,2523,2485,2485,2522,2522,2415,2415,2415,2380,
2380,2380,2379,2379,2379,2630,2630,2737,2737,2736,2736,2484,2484,2414,2414,
2414,2774,2774,2779,2779,2629,2629,2926,2926,3091,3091,3091,2773,2773,2925,
2925,3095,3095,3095,3094,3094,3094,3115,3115,3115,3172,3172,3172,3198,3198,
3198,3063,3063,3090,3090,3090,2168,2168,2101,2101,1996,1996,1996,2170,2170,
2170,1994,1994,2169,2169,2169,2167,2167,2167,2166,2166,2166,1995,1995,1995,
2100,2100,2047,2047,2041,2041,2041,2088,2088,2088,2040,2040,2040,2090,2090,
2097,2097,2051,2051,2046,2046,2087,2087,2087,2089,2089,2096,2096,2117,2117,
2074,2074,2073,2073,2050,2050,2084,2084,2084,2116,2116,2031,2031,2031,2709,
2709,2452,2452,2487,2487,2451,2451,2750,2750,2750,2783,2783,2837,2837,2708,
2708,2418,2418,2418,2418,2286,2286,2286,2334,2334,2334,2285,2285,2285,2749,
2749,2749,2486,2486,2486,2864,2864,2998,2998,2998,2836,2836,2361,2361,2254,
2254,2254,2333,2333,2333,2333,2258,2258,2370,2370,2360,2360,2257,2257,2234,
2234,2216,2216,2224,2224,2224,2233,2233,2253,2253,2253,2256,2256,2256,2425,
2425,2471,2471,2369,2369,2255,2255,2255,2498,2498,2658,2658,2658,2161,2161,
2160,2160,2215,2215,2230,2230,2230,2157,2157,2156,2156,2659,2659,2659,2470,
2470,2153,2153,2153,2229,2229,2229,2152,2152,2152,2151,2151,2262,2262,2261,
2261,2150,2150,2223,2223,2223,2398,2398,2282,2282,2282,2304,2304,2397,2397,
2346,2346,2368,2368,2413,2413,2244,2244,2244,2281,2281,2281,2303,2303,2345,
2345,2243,2243,2243,2023,2023,1993,1993,1993,1992,1992,1992,2022,2022,2030,
2030,2030,2083,2083,2083,2416,2416,2455,2455,2454,2454,2492,2492,2492,2642,
2642,2647,2647,2825,2825,2816,2816,2815,2815,2641,2641,2646,2646,2646,3101,
3101,3141,3141,3141,2824,2824,3100,3100,3170,3170,3170,3139,3139,3133,3133,
3133,3182,3182,3204,3204,3204,3132,3132,3132,3203,3203,3203,3169,3169,3169,
3140,3140,3140,3138,3138,3157,3157,3157,3131,3131,3301,3301,3240,3240,3240,
3309,3309,3239,3239,3239,3487,3487,3487,3355,3355,3354,3354,3300,3300,3256,
3256,3256,3242,3242,3241,3241,3308,3308,3486,3486,3486,3258,3258,3159,3159,
3165,3165,3165,3262,3262,3262,3261,3261,3261,3164,3164,3164,3181,3181,3255,
3255,3255,3385,3385,3357,3357,3449,3449,3501,3501,3499,3499,3437,3437,3436,
3436,3384,3384,3356,3356,3158,3158,3156,3156,3156,3130,3130,3228,3228,3228,
3227,3227,3227,3447,3447,3473,3473,3473,3502,3502,3448,3448,3257,3257,3439,
3439,3439,3438,3438,3438,3297,3297,3519,3519,3521,3521,3283,3283,3411,3411,
3411,3296,3296,3520,3520,3465,3465,3465,3518,3518,3431,3431,3455,3455,3455,
3454,3454,3454,3410,3410,3410,3430,3430,3006,3006,3155,3155,3155,2891,2891,
2891,3511,3511,2872,3353,3353,3353,2819,2819,2814,2814,2789,2800,2800,3276,
3276,3276,3260,3260,3260,3145,3145,3343,3343,3343,3005,3005,2890,2890,2890,
3510,3510,3282,3282,3281,3281,3154,3154,3154,3004,3004,3512,3512,3512,3371,
3371,3371,3513,3513,3513,3397,3397,3391,3391,2898,2898,3445,3445,3445,3509,
3509,3429,3429,3428,3428,3444,3444,3444,3461,3461,3461,3508,3508,1940,1940,
1940,1823,1823,2430,2412,2412,2412,1892,1892,1892,1905,1905,2367,2367,2367,
2388,2388,2330,2330,2330,2320,2320,2294,2294,2294,2238,2238,2238,2057,2057,
2057,2149,2149,2149,2212,2212,2027,2027,1975,1975,1975,2053,2053,2052,2052,
1939,1939,1939,1674,1674,1730,1730,1629,1629,1629,1631,1631,1690,1690,1806,
1806,1828,1828,2431,2141,2141,2141,2465,2465,2465,2472,2472,2440,2440,2107,
2107,2076,2076,1917,2240,2240,2504,2483,2483,2442,2442,2374,2374,2106,2106,
2140,2140,2140,1844,1844,2075,2075,2043,2043,1843,1843,3416,3416,3416,2964,
2964,3194,3194,2933,2933,2933,3405,3405,3405,2867,2929,2929,2929,2959,2959,
2996,2996,2996,3503,3503,3193,3193,2725,2725,2724,2724,2932,2932,2932,3404,
3404,3404,3426,3426,2785,2604,2604,2604,2803,2803,2665,2665,2665,2764,2764,
2764,2677,2677,2703,2703,2703,2823,2823,2823,2866,2631,2631,2631,2603,2603,
2603,2528,2528,2634,2634,2633,2633,2645,2645,2857,2857,2857,2644,2644,2895,
2895,2806,2806,2806,2739,2739,2739,2754,2754,2744,2744,2622,2622,2622,2729,
2729,2772,2772,2771,2771,2728,2728,2738,2738,2738,2753,2753,2612,2612,2598,
2598,2661,2661,2661,2538,2538,2537,2537,2611,2611,2597,2597,2597,2596,2596,
2596,2593,2593,2593,2671,2671,2610,2610,2609,2609,2621,2621,2621,2636,2636,
2600,2600,2600,2817,2817,2592,2592,2592,2595,2595,2595,2594,2594,2594,2670,
2670,2775,2775,2775,2674,2674,2813,2813,2838,2838,2770,2770,2769,2769,2752,
2752,2752,2760,2760,2760,2515,2515,2686,2686,2751,2751,2751,2970,2970,2970,
3147,3147,3003,3003,3103,3103,3102,3102,3102,3278,3278,3146,3146,1295,1295,
1287,1287,1303,1303,1288,1288,1302,1302,1423,1423,1423,2028,2028,2390,2390,
1970,1970,1970,2432,2432,2395,2395,2433,2433,2389,2389,2505,2505,2475,2475,
2506,2682,2682,2507,2507,2792,2792,2943,2943,2943,3038,3038,3220,3220,3184,
3184,3036,3036,3040,3040,3040,3039,3039,3039,3035,3035,3037,3037,3246,3246,
3246,3245,3245,3245,3010,3010,3202,3202,3202,3201,3201,3201,3219,3219,3183,
3183,2948,2948,3058,3058,3058,3056,3056,3056,2927,2927,2947,2947,2982,2982,
2982,3083,3083,3083,2981,2981,2981,3009,3009,3119,3119,3119,3057,3057,3057,
3082,3082,3082,3210,3210,3274,3274,3176,3176,3176,3285,3285,3351,3351,3351,
3323,3323,3323,3350,3350,3350,3212,3212,3212,3284,3284,3322,3322,3322,3273,
3273,3211,3211,3211,3175,3175,3175,3209,3209,3055,3055,3055,3081,3081,3081,
3080,3080,3080,3118,3118,3118,3085,3085,3085,3174,3174,3151,3151,3151,3266,
3266,3137,3137,3265,3265,3117,3117,3109,3109,3109,2924,2924,3061,3061,3084,
3084,3084,3150,3150,3150,3208,3208,3208,3207,3207,3207,3173,3173,3136,3136,
3222,3222,3222,3221,3221,3221,3464,3464,3464,3467,3467,3466,3466,3121,3121,
3116,3116,3123,3123,3123,3122,3122,3122,3108,3108,3108,3120,3120,3485,3485,
3485,3463,3463,3463,3517,3517,2923,2923,3484,3484,3484,3248,3248,3247,3247,
3044,3044,2908,2908,2908,3027,3027,3027,3002,3002,3002,2875,2881,2881,2907,
2907,2907,2907,3026,3026,3026,3224,3224,3060,3060,3043,3043,3462,3462,3462,
3453,3453,3453,3223,3223,2974,2974,2973,2973,3001,3001,3001,2801,2801,2791,
2856,2856,2856,2900,2900,2951,2951,2951,3200,3200,3516,3516,3479,3479,3479,
3489,3489,3489,3477,3477,3477,3199,3199,3452,3452,3452,2673,2673,2673,1966,
1966,1925,1925,1959,1959,1921,1921,1921,1838,1838,1870,1870,1902,1902,938,
938,978,978,533,533,1110,1110,1110,1110,415,415,937,937,937,977,977,324,
324,323,323,532,532,1286,1286,1286,1285,1285,1285,1285,230,230,414,414,
100,100,100,72,72,72,74,74,74,147,147,146,146,99,99,99,71,71,71,73,73,73,
229,229,200,200,200,199,199,199,199,375,430,430,430,430,2893,2893,2808,
2808,2768,2768,2862,2862,2854,2854,2853,2853,2892,2892,2807,2807,2845,2845,
2784,2758,2758,2758,2713,2713,2713,2733,2733,2767,2767,2897,2897,2897,2896,
2896,2896,2810,2810,2810,2810,2844,2844,2844,2746,2746,2802,2802,2914,2914,
2913,2913,2822,2822,2822,2958,2958,3069,3069,3069,3032,3032,3031,3031,2995,
2995,2995,2986,2986,2928,2928,2928,1205,1205,1205,1191,1191,1179,1179,1223,
1223,1189,1189,1227,1227,1227,1204,1204,1204,1178,1178,1222,1222,1190,1190,
1183,1183,1183,1155,1155,1155,1143,1143,1143,1169,1169,1169,1168,1168,1168,
1292,1292,1292,1321,1321,1320,1320,1349,1349,1237,1237,1337,1337,1337,1335,
1335,1236,1236,1291,1291,1291,1394,1394,1348,1348,1386,1386,1386,1131,1131,
1131,1004,1004,1135,1135,970,970,962,962,865,865,865,804,804,803,803,1038,
1038,1137,1137,1130,1130,1130,1134,1134,969,969,1003,1003,1226,1226,1226,
1188,1188,1210,1210,1209,1209,1182,1182,1182,1171,1171,1231,1231,1231,1170,
1170,1099,1099,1136,1136,1129,1129,1133,1133,1154,1154,1154,1187,1187,1187,
1186,1186,1186,1230,1230,1230,1037,1037,1098,1098,1022,1022,954,954,1142,
1142,1142,1132,1132,616,616,765,765,953,953,487,487,394,394,393,393,615,
615,764,764,486,486,1021,1021,1406,1406,961,961,1128,1128,68,68,68,70,70,
70,69,69,69,1149,1149,1149,1336,1336,1336,1334,1334,1148,1148,1148,863,
863,864,864,864,1352,1352,1351,1351,723,723,862,862,862,861,861,861,751,
751,751,650,650,650,611,611,778,778,527,527,527,578,578,578,597,597,596,
596,722,722,1374,1374,1372,1372,1372,1330,1330,1306,1306,1306,2790,2835,
2835,2835,2843,2843,2829,2829,2874,2821,2821,2821,2699,2699,2699,2849,2849,
2849,2798,2798,2766,2766,2748,2748,2743,2743,2536,2536,2536,2842,2842,2834,
2834,2834,2949,2949,2828,2828,2827,2827,2910,2910,2988,2988,3019,3019,2820,
2820,2820,2826,2826,2651,2651,2521,2521,2759,2759,2759,2909,2909,966,966,
913,913,912,912,912,1355,1355,1355,1384,1384,1384,1398,1398,434,434,433,
433,965,965,344,344,276,276,276,343,343,319,319,357,357,357,357,2608,2608,
2653,2653,2707,2707,2652,2652,2701,2701,2693,2693,2602,2602,2607,2607,2717,
2717,2688,2688,2687,2687,2706,2706,2700,2700,2562,2562,2562,2563,2563,2628,
2628,2628,2681,2681,2680,2680,2601,2601,2561,2561,2561,2618,2618,2565,2565,
2565,2564,2564,2564,2669,2669,2663,2663,2558,2558,2558,2557,2557,2557,2668,
2668,2712,2712,2712,2697,2697,2560,2560,2560,2559,2559,2559,2662,2662,2731,
2731,2730,2730,2745,2745,2757,2757,2757,2716,2716,2696,2696,2732,2732,2649,
2649,2649,2676,2676,2664,2664,2664,2648,2648,2648,2620,2620,2626,2626,2567,
2567,2567,2702,2702,2702,2763,2763,2763,2763,2617,2617,2627,2627,2627,2569,
2569,2569,2568,2568,2568,2625,2625,2566,2566,2566,2619,2619,3303,3303,3347,
3347,3331,3331,3409,3409,3289,3289,3302,3302,3472,3472,3472,3346,3346,3446,
3446,3330,3330,3481,3481,3408,3408,3114,3114,3114,3206,3206,3171,3171,3171,
3188,3188,3187,3187,3197,3197,3197,3050,3050,3050,3167,3167,3167,3166,3166,
3166,3049,3049,3049,3062,3062,3226,3226,3244,3244,3218,3218,3218,3217,3217,
3217,3205,3205,3243,3243,3225,3225,3288,3288,3127,3127,3127,3216,3216,3215,
3215,2971,2971,2657,2657,2656,2656,2656,2443,2443,3291,3291,3291,3423,3423,
3423,3333,3333,3142,3142,3142,3327,3327,3326,3326,3290,3290,3290,3375,3375,
3375,3413,3413,3422,3422,3422,3332,3332,3374,3374,3374,3492,3492,3492,3434,
3434,3434,3399,3399,3399,3500,3500,3412,3412,3310,3310,3059,3059,3059,2883,
2883,2882,2882,2882,3440,3440,3314,3314,3041,3041,3041,3011,3011,3128,3128,
3213,3213,3213,3213,2902,2902,2902,2880,2880,2740,2740,2740,2804,2804,2805,
2805,2805,2741,2741,2512,2512,2512,2464,2464,2464,2464,2411,2411,2411,2535,
2535,2535,2534,2534,2534,2482,2482,2643,2643,2692,2692,2691,2691,2638,2638,
2638,2491,2491,2718,2718,2718,2809,2809,2841,2841,2840,2840,2637,2637,2637,
2637,2901,2901,2901,3014,3014,3161,3161,3160,3160,3013,3013,3013,3471,3471,
3433,3433,3451,3451,3451,3369,3369,3393,3393,3363,3363,3277,3277,3460,3460,
3460,3459,3459,3392,3392,3470,3470,3362,3362,3450,3450,3450,3432,3432,3368,
3368,3398,3398,3398,3458,3458,2461,2461,2460,2460,2831,2831,2830,2830,2855,
2855,2855,2513,2513,2513,2340,2340,2206,2206,2448,2448,2448,2899,2899,3149,
3149,3148,3148,2848,2848,2848,2916,2916,2916,2797,2797,2747,2747,2742,2742,
2742,2765,2765,1781,1781,1735,1735,1780,1780,1938,1938,1937,1937,1752,1752,
1752,1761,1761,1808,1808,1808,1771,1771,1771,1763,1763,1734,1734,1850,1850,
1850,1869,1869,1817,1817,1817,1837,1837,1777,1777,1704,1704,1704,1760,1760,
1762,1762,1977,1977,1976,1976,1807,1807,1807,2339,2339,2339,2339,1849,1849,
1849,1859,1859,1776,1776,1770,1770,1770,2205,2205,2955,2955,3046,3046,3046,
3034,3034,2935,2935,2935,2954,2954,3093,3093,3093,3008,3008,3008,3105,3105,
3268,3268,3033,3033,3163,3163,3045,3045,3045,3021,3021,3153,3153,3126,3126,
3126,3104,3104,3007,3007,3007,3020,3020,3264,3264,3263,3263,3180,3180,3152,
3152,3337,3337,3336,3336,3299,3299,3298,3298,3179,3179,3092,3092,3092,3267,
3267,3407,3407,3406,3406,3023,3023,3023,3028,3028,3022,3022,3022,3295,3295,
2969,2969,3073,3073,3072,3072,3379,3379,3378,3378,3349,3349,3349,3293,3293,
3294,3294,3254,3254,3254,3097,3097,3107,3107,3111,3111,3280,3280,3196,3196,
3253,3253,3253,3186,3186,3279,3279,3096,3096,3110,3110,3106,3106,2994,2994,
3125,3125,2984,2984,2993,2993,3135,3135,3124,3124,3415,3415,3415,3443,3443,
3381,3381,3442,3442,3414,3414,3414,3480,3480,3068,3068,3068,3348,3348,3348,
3380,3380,3162,3162,3195,3195,3185,3185,2963,2963,2985,2985,2903,2903,2903,
2956,2956,2962,2962,3134,3134,3292,3292,2968,2968,2983,2983,2960,2960,2960,
1568,1568,1567,1567,1503,1503,1489,1489,1495,1495,1493,1493,1577,1577,1577,
1481,1481,1481,1492,1492,1494,1494,1488,1488,1469,1469,1469,1496,1496,1496,
1471,1471,1889,1889,1889,1891,1891,1891,1689,1689,1749,1749,1727,1727,1693,
1693,1666,1666,1666,1665,1665,1665,1688,1688,1756,1756,1756,1726,1726,1748,
1748,1784,1784,1725,1725,1723,1723,1723,1722,1722,1722,1875,1875,1875,1881,
1881,1881,1779,1779,1779,1814,1814,1814,1822,1822,1813,1813,1813,1801,1801,
1778,1778,1778,1821,1821,1830,1830,1805,1805,1805,1834,1834,1800,1800,1804,
1804,1804,1839,1839,1839,1833,1833,1912,1912,1868,1868,1867,1867,1877,1877,
1877,1915,1915,1909,1909,1909,1898,1898,1880,1880,1880,1952,1952,1952,1879,
1879,1879,1948,1948,1944,1944,1944,1943,1943,1943,1908,1908,1908,1897,1897,
1934,1934,1934,1956,1956,1955,1955,1829,1829,1724,1724,1904,1904,1206,1206,
1120,1120,1219,1219,1111,1111,1284,1284,1314,1314,1441,1441,1499,1499,1499,
1147,1147,1112,1112,1283,1283,1146,1146,1439,1439,1460,1460,1462,1462,1477,
1477,1477,1478,1478,1478,1643,1643,1508,1508,1500,1500,1500,1548,1548,1548,
1644,1644,1656,1656,1656,1547,1547,1547,1655,1655,1655,1507,1507,1612,1612,
1594,1594,1468,1468,1467,1467,1611,1611,1442,1442,1442,1364,1364,964,964,
963,963,698,698,639,639,639,638,638,638,697,697,630,630,630,853,853,853,
725,725,659,659,855,855,855,634,634,852,852,852,658,658,724,724,648,648,
647,647,481,481,567,567,456,456,633,633,353,353,480,480,686,686,566,566,
455,455,629,629,629,854,854,854,610,610,649,649,649,262,262,262,262,352,
352,283,283,355,355,355,355,282,282,282,282,305,305,373,440,440,439,439,
439,350,350,350,500,500,526,526,526,577,577,577,777,777,685,685,750,750,
750,506,506,505,505,3389,3389,3321,3321,3361,3361,3320,3320,3377,3377,3377,
3395,3395,3395,3425,3425,3425,3388,3388,3359,3359,3341,3341,3341,3275,3275,
3275,3360,3360,3376,3376,3376,3340,3340,3340,3358,3358,3287,3287,3307,3307,
3403,3403,3403,3192,3192,3286,3286,3373,3373,3402,3402,3402,3306,3306,3483,
3483,3482,3482,3495,3495,3497,3497,3491,3491,3515,3515,3515,3424,3424,3424,
3496,3496,3494,3494,3514,3514,3514,3490,3490,3394,3394,3394,3339,3339,3339,
3178,3178,3178,3177,3177,3177,3191,3191,3259,3259,3259,3383,3383,3469,3469,
3338,3338,3338,3237,3237,3088,3088,3088,3312,3312,3144,3144,3372,3372,3087,
3087,3325,3325,3335,3335,3334,3334,3342,3342,3342,3352,3352,3352,3396,3396,
2987,2987,3070,3070,3070,3370,3370,3370,3390,3390,2966,2966,3086,3086,3345,
3345,3324,3324,3190,3190,3475,3475,3475,3488,3488,3488,2950,2950,2950,3387,
3387,3387,3478,3478,3478,3468,3468,3344,3344,3305,3305,3329,3329,3474,3474,
3474,3328,3328,3067,3067,3304,3304,3066,3066,2922,2922,2921,2921,3189,3189,
3382,3382,3476,3476,3476,3386,3386,3386,2915,2915,2915,613,613,612,612,
668,668,510,510,510,773,773,773,644,644,622,622,622,548,548,548,472,472,
509,509,509,667,667,643,643,1032,1032,1031,1031,1031,547,547,547,1060,1060,
621,621,621,1115,1115,1115,1211,1211,1211,1211,1059,1059,1059,1437,1437,
1437,1437,1418,1418,1345,1345,1354,1354,972,972,1389,1389,952,952,1344,
1344,971,971,1383,1383,1353,1353,464,464,464,1414,1414,1414,1388,1388,1382,
1382,951,951,951,1402,1402,1402,1412,1412,1412,507,507,2517,2517,2447,2447,
2453,2453,2516,2516,2404,2404,2378,2378,2377,2377,2403,2403,2660,2660,2660,
2606,2606,2635,2635,2503,2503,2599,2599,2599,2509,2509,2429,2429,2605,2605,
2446,2446,2446,2302,2302,2386,2386,2386,2301,2301,2392,2392,2392,2408,2408,
2408,2033,2033,1987,1987,1987,2055,2055,2055,1946,1946,2111,2111,2111,2115,
2115,1951,1951,1951,2135,2135,2135,1989,1989,1988,1988,1986,1986,1986,2032,
2032,1958,1958,1958,2119,2119,2119,2062,2062,2137,2137,1965,1965,2136,2136,
2250,2250,2249,2249,2228,2228,2384,2384,2384,2054,2054,2054,2227,2227,2114,
2114,2110,2110,2110,2385,2385,2385,2391,2391,2391,2383,2383,2383,2332,2332,
2260,2260,2331,2331,2293,2293,2293,1945,1945,2045,2045,2113,2113,2210,2210,
2210,2039,2039,2038,2038,1933,1933,1933,2400,2400,2365,2365,2387,2387,2366,
2366,2366,2399,2399,2364,2364,2252,2252,2251,2251,2259,2259,2061,2061,2266,
2266,2352,2352,2292,2292,2314,2314,2118,2118,2118,1947,1947,2265,2265,2319,
2319,2329,2329,2329,2359,2359,2272,2272,2407,2407,2407,2382,2382,2381,2381,
2358,2358,2358,2148,2148,2148,2211,2211,2271,2271,2056,2056,2056,2026,2026,
1924,1924,1923,1923,2222,2222,1974,1974,1974,2072,2072,1957,1957,1957,1964,
1964,2357,2357,2351,2351,2221,2221,2356,2356,2291,2291,2237,2237,2237,2044,
2044,2143,2143,2200,2200,2232,2232,2232,2231,2231,2231,2142,2142,2134,2134,
2134,2199,2199,2313,2313,2209,2209,2209,2112,2112,2071,2071,2650,2650,2698,
2698,2698,2520,2520,2463,2463,2511,2511,2511,2438,2438,2300,2300,2406,2406,
2462,2462,2405,2405,2405,2490,2490,2514,2514,2685,2685,2441,2441,2373,2373,
2042,2042,2239,2239,1827,1827,1647,1647,1647,1670,1670,1985,1985,1984,1984,
1709,1709,1709,2147,2147,2299,2299,2146,2146,2997,2997,2997,2013,2013,2013,
851,851,851,583,583,850,850,850,67,67,67,973,973,973,2315,2315,2307,2307,
2307,2181,2181,2181,2323,2323,2323,2183,2183,2183,2572,2572,2572,2324,2324,
2324,2308,2308,2308,2316,2316,2288,2288,2288,2287,2287,2287,2263,2263,2263,
2284,2284,2270,2270,2264,2264,2264,2278,2278,3231,3231,3231,3364,3364,3229,
3229,3249,3249,3249,3233,3233,3233,492,2888,2091,2887,2886,2885,3366,3366,
3235,3235,3235,3251,3251,3251,3365,3365,3317,3317,3317,3316,3316,3316,3270,
3270,3269,3269,3076,3076,3076,3112,3112,491,491,1865,1865,1865,1121,1121,
1121,1815,1815,1815,1732,1732,1732,1667,1667,1667,1588,1588,1588,1324,1324,
1324,1216,1216,1216,1539,1539,1539,1766,1766,1728,1728,1728,1790,1790,1790,
1531,1531,1531,1729,1729,1729,1793,1793,1793,1792,1792,1792,2009,2009,2009,
1791,1791,1791,1767,1767,1836,1836,1836,1835,1835,1835,2011,2011,2011,1810,
1810,1809,1809,2573,2573,2573,3232,3232,3232,3250,3250,3250,3230,3230,3078,
3078,3079,3079,3054,3054,3054,3053,3053,3053,3051,3051,3051,3052,3052,3052,
3077,3077,3077,3113,3113,671,671,329,329,562,562,842,842,842,846,846,846,
37,37,37,83,83,1895,1895,1991,1991,1991,1906,1906,1910,1910,1990,1990,1990,
2173,2173,2173,493,493,2540,2540,2540,2539,2539,2539,2092,2171,2171,2171,
2093,2095,2187,2187,2187,2094,2889,2172,2172,2172,2130,2130,2195,2195,2195,
2409,2409,2409,2371,2371,2371,2309,2309,2309,2203,2203,1997,1997,1997,2001,
2001,2001,1368,1540,1540,1540,2018,2018,2018,1369,3319,3319,3272,3272,3318,
3318,3271,3271,3367,3367,3236,3236,3236,3252,3252,3252,3234,3234,3234,2375,
2375,2347,2347,2343,2343,2341,2341,2341,419,419,419,501,501,501,407,407,
407,370,370,370,418,418,418,75,75,75,368,368,368,300,300,300,336,336,336,
367,367,367,163,163,76,76,76,78,78,78,77,77,77,280,280,280,299,299,299,
335,335,335,164,164,281,281,281,273,273,272,272,149,149,248,248,248,247,
247,247,250,250,250,224,224,4,4,249,249,249,275,275,275,274,274,274,302,
302,302,258,258,97,97,97,301,301,301,338,338,338,304,304,304,155,155,155,
337,337,337,345,345,345,346,346,346,421,421,311,311,221,221,221,406,406,
406,369,369,369,420,420,488,488,466,466,466,467,467,467,502,502,502,489,
489,312,312,1273,1273,1273,664,663,1274,1274,1274,1260,1260,1260,2108,2108,
2012,2012,2012,2019,2019,2019,1982,1982,1982,1941,1941,1941,1962,1962,1532,
1532,1532,1262,1262,1262,2570,2570,2570,2571,2571,2571,1900,1900,1863,1863,
1863,1864,1864,1864,1928,1928,1928,1927,1927,1927,1942,1942,1942,1901,1901,
1936,1936,1932,1932,1963,1963,1983,1983,1983,1931,1931,1935,1935,2010,2010,
2010,558,559,222,222,222,143,143,143,252,252,252,292,292,2007,2007,2007,
2005,2005,2005,2003,2003,2003,1529,1529,1529,1527,1527,1527,1525,1525,1525,
1521,1521,1521,1519,1519,1519,1517,1517,1517,1523,1523,1523,1367,1358,1358,
2188,2188,2188,2109,2109,2186,2186,2185,2185,2008,2008,2008,1263,1263,1263,
1261,1261,1261,1530,1530,1530,1359,1359,2105,2105,2006,2006,2006,2104,2104,
2184,2184,2184,2182,2182,2182,2283,2283,2269,2269,2277,2277,2179,2179,2179,
2004,2004,2004,2126,2126,2144,2144,1853,1853,1853,1794,1794,1794,1563,1563,
1563,1649,1649,1649,1684,1684,1684,1758,1758,1758,1978,1978,2177,2177,2177,
1313,1313,1528,1528,1528,1202,1202,1202,1156,1156,1156,1203,1203,1203,1312,
1312,1376,1376,1259,1259,1259,1281,1281,1275,1275,1256,1256,1256,1200,1200,
333,333,333,297,297,245,245,1,1,3,3,270,270,270,7,7,7,5,5,365,365,365,416,
416,416,402,402,1365,660,555,557,556,313,313,313,366,366,366,334,334,334,
400,400,400,363,363,363,309,309,331,331,331,521,521,521,899,899,899,883,
883,883,955,955,955,744,744,744,981,981,981,1057,1057,1057,627,627,627,
679,679,679,401,401,401,364,364,364,417,417,417,219,219,295,295,284,284,
284,310,310,435,435,435,268,268,268,153,153,205,205,205,220,220,289,289,
289,296,296,95,95,120,120,120,154,154,165,165,165,243,243,243,244,244,244,
269,269,269,2,2,101,101,101,96,96,241,241,241,271,271,271,246,246,298,298,
396,396,396,403,403,332,332,332,85,85,85,84,84,81,81,81,79,79,79,35,35,
35,33,33,33,31,31,31,29,29,29,27,27,27,25,25,25,23,23,23,21,21,21,19,19,
19,19,11,11,11,13,13,13,9,9,9,15,15,15,17,17,17,156,156,156,98,98,98,1366,
661,662,86,86,86,110,110,116,116,109,109,142,142,142,117,117,162,162,234,
234,82,82,82,80,80,80,330,330,38,38,38,563,563,672,672,847,847,847,844,
844,844,845,845,845,632,632,475,475,279,279,36,36,36,843,843,843,927,927,
927,1011,1011,1011,1106,1106,1106,1069,1069,1069,1029,1029,1029,631,631,
543,543,923,923,923,925,925,474,474,278,278,34,34,34,924,924,924,544,544,
926,926,928,928,928,1012,1012,1012,920,920,920,542,542,32,32,32,2376,2376,
2348,2348,2410,2410,2410,2344,2344,2342,2342,2342,2275,2275,2275,2372,2372,
2372,2328,2328,2328,2354,2354,2276,2276,2276,2245,2245,2245,2174,2174,2174,
2175,2175,2175,2273,2273,2246,2246,2246,2131,2131,2241,2241,2267,2267,1998,
1998,1998,2099,2099,2176,2176,2176,2274,2274,2213,2213,2000,2000,2000,1999,
1999,1999,2098,2098,2002,2002,2002,2069,2069,2124,2124,2268,2268,2242,2242,
2312,2312,2214,2214,2204,2204,2196,2196,2196,2296,2296,2296,2306,2306,2310,
2310,2310,1893,1893,1893,1509,1509,1509,1929,1929,1929,1847,1847,1847,1802,
1802,1802,1750,1750,1750,1515,1515,1515,1581,1581,1581,1681,1681,1681,1980,
1980,1896,1896,1866,1866,1866,1816,1816,1816,1911,1911,1907,1907,1894,1894,
1894,1852,1852,1852,1851,1851,1851,1858,1858,1856,1856,1846,1846,1845,1845,
1855,1855,1857,1857,1768,1768,1754,1754,1754,1769,1769,1733,1733,1733,1668,
1668,1668,1755,1755,1755,1703,1703,1703,1702,1702,1702,1712,1712,1711,1711,
1597,1597,1599,1599,1605,1605,1592,1592,1592,1981,1981,2070,2070,2178,2178,
2178,2125,2125,2180,2180,2180,1930,1930,1930,1848,1848,1848,1979,1979,2127,
2127,2145,2145,1811,1811,1798,1798,1786,1786,1786,1787,1787,1787,1812,1812,
1799,1799,1803,1803,1803,1854,1854,1854,1708,1708,1708,1751,1751,1751,1744,
1744,1740,1740,1737,1737,1737,1775,1775,1775,1795,1795,1795,1783,1783,1606,
1606,1593,1593,1593,1600,1600,1598,1598,1544,1544,1544,1543,1543,1543,1589,
1589,1589,1554,1554,1552,1552,1502,1502,1502,1546,1546,1393,1393,1393,1325,
1325,1325,1510,1510,1510,1512,1512,1512,1553,1553,1390,1390,1551,1551,1545,
1545,1400,1400,1400,1501,1501,1501,1463,1463,1464,1464,1229,1229,1229,1327,
1327,1381,1381,1401,1401,1401,1391,1391,1316,1316,1316,1293,1293,1293,1294,
1294,1294,1346,1346,1484,1484,1241,1241,1347,1347,1405,1405,1323,1323,1243,
1243,1243,1311,1311,1410,1410,1410,1485,1485,1511,1511,1511,1514,1514,1514,
1513,1513,1513,1411,1411,1411,1404,1404,1516,1516,1516,1245,1245,1245,1378,
1378,1571,1571,1559,1559,1322,1322,1220,1220,1221,1221,1164,1164,1164,1165,
1165,1165,941,941,941,1244,1244,1244,1159,1159,1159,942,942,942,980,980,
980,1199,1199,1199,1175,1175,2305,2305,2353,2353,2327,2327,2327,2295,2295,
2295,2311,2311,1246,1246,1246,1582,1582,1582,1682,1682,1682,1560,1560,1572,
1572,1379,1379,1247,1247,1247,1248,1248,1248,1550,1550,1333,1333,1301,1301,
1249,1249,1249,1332,1332,1549,1549,1300,1300,1518,1518,1518,1617,1617,1362,
1362,1743,1743,1739,1739,1736,1736,1736,1720,1720,1686,1686,1250,1250,1250,
1721,1721,1687,1687,1618,1618,1564,1564,1564,1650,1650,1650,1673,1673,1251,
1251,1251,1363,1363,1253,1253,1253,1252,1252,1252,1258,1258,1258,1520,1520,
1520,1522,1522,1522,1329,1329,1409,1409,1299,1299,1298,1298,1408,1408,1328,
1328,1360,1360,1254,1254,1254,1361,1361,1524,1524,1524,1526,1526,1526,1255,
1255,1255,1257,1257,1257,1377,1377,1282,1282,1276,1276,828,828,828,1234,
1234,1234,1184,1184,1184,1126,1126,1126,1091,1091,1091,1063,1063,1063,840,
840,840,1235,1235,1235,1201,1201,1157,1157,1157,1107,1107,1107,1185,1185,
1185,1141,1141,1140,1140,1102,1102,1127,1127,1127,1103,1103,1070,1070,1070,
1092,1092,1092,1048,1048,1030,1030,1030,1047,1047,1023,1023,1039,1039,1015,
1015,1016,1016,996,996,996,1040,1040,1024,1024,1064,1064,1064,1028,1028,
1028,1027,1027,1027,1014,1014,148,148,291,291,257,257,303,303,303,223,223,
233,233,161,161,251,251,251,1701,1701,1765,1765,1707,1707,1707,1672,1672,
1759,1759,1759,1685,1685,1685,1700,1700,1774,1774,1774,1764,1764,1782,1782,
919,919,919,541,541,915,915,906,906,906,1000,1000,995,995,995,1013,1013,
1002,1002,1002,905,905,905,1001,1001,1001,999,999,914,914,841,841,841,513,
513,838,838,838,836,836,836,834,834,834,832,832,832,514,514,30,30,30,839,
839,839,837,837,837,516,516,28,28,28,515,515,517,517,835,835,835,518,518,
26,26,26,688,688,362,362,591,591,833,833,833,24,24,24,361,361,687,687,590,
590,830,830,830,762,762,762,789,789,496,496,829,829,829,921,921,921,831,
831,831,790,790,763,763,763,735,735,735,922,922,922,886,886,886,22,22,22,
497,497,385,385,385,385,20,20,20,485,485,957,957,947,947,958,958,948,948,
960,960,960,932,932,932,909,909,959,959,959,931,931,931,975,975,975,826,
826,826,976,976,976,1025,1025,1025,992,992,1026,1026,1026,812,812,812,1238,
1238,1238,1242,1242,1242,939,939,939,1240,1240,1239,1239,1239,1232,1232,
1232,1192,1192,1192,1079,1079,1079,1083,1083,1083,1019,1019,1019,1166,1166,
1166,983,983,983,816,816,816,813,813,813,814,814,814,889,889,889,1162,1162,
1162,818,818,818,820,820,820,822,822,822,824,824,824,827,827,827,903,903,
903,1041,1041,1041,1089,1089,1089,1118,1118,1118,1198,1198,1198,1310,1310,
1277,1277,1315,1315,1315,1304,1304,1305,1305,1289,1289,1289,1290,1290,1290,
1278,1278,1233,1233,1233,1213,1213,1213,1139,1139,1088,1088,1088,1225,1225,
1215,1215,1151,1151,1151,1208,1208,1193,1193,1193,197,197,242,242,242,290,
290,290,226,226,342,342,397,397,397,380,379,379,314,314,314,341,341,426,
426,122,122,122,196,196,225,225,494,494,463,463,539,539,121,121,121,166,
166,166,114,114,540,540,636,636,636,637,637,637,390,390,535,535,645,645,
653,653,653,381,381,646,646,715,715,715,624,624,624,618,618,609,609,609,
495,495,206,206,206,654,654,654,585,585,656,656,656,285,285,285,529,529,
389,389,534,534,623,623,623,617,617,608,608,608,427,427,444,444,599,599,
306,306,306,386,386,123,123,102,102,102,115,115,214,214,202,202,202,395,
395,528,528,655,655,655,665,665,666,666,737,737,568,568,669,669,669,436,
436,436,670,670,670,569,569,757,757,678,678,678,772,772,522,522,522,593,
593,815,815,815,717,717,717,890,890,890,898,898,768,768,769,769,819,819,
819,817,817,817,771,771,770,770,738,738,738,779,779,743,743,743,780,780,
823,823,823,821,821,821,786,786,760,760,785,785,797,797,825,825,825,808,
808,783,783,787,787,787,795,795,807,807,800,800,800,589,589,589,873,873,
873,620,620,620,512,512,512,904,904,904,892,892,879,879,798,798,767,767,
767,740,740,726,726,742,742,742,741,741,739,739,739,727,727,761,761,753,
753,753,755,755,784,784,788,788,788,799,799,799,796,796,752,752,752,754,
754,766,766,766,12,12,12,169,169,167,167,253,253,14,14,14,254,254,441,441,
484,484,484,10,10,10,170,170,18,18,18,16,16,16,382,382,410,410,8,8,8,107,
107,128,128,108,108,195,195,195,178,178,140,140,151,151,151,442,442,168,
168,6,6,137,137,137,129,129,182,182,235,235,235,236,236,236,383,383,349,
349,349,316,316,267,267,267,411,411,619,619,619,564,564,447,447,459,459,
476,476,565,565,676,676,676,448,448,477,477,460,460,499,499,387,387,392,
392,392,425,425,453,453,462,462,462,194,194,194,177,177,139,139,150,150,
150,734,734,734,695,695,675,675,675,696,696,877,877,891,891,908,908,991,
991,1033,1033,1042,1042,1042,1090,1090,1090,1113,1113,1073,1073,1108,1108,
1108,1074,1074,1034,1034,1119,1119,1119,1163,1163,1163,1161,1161,1174,1174,
1160,1160,1114,1114,1158,1158,1158,1097,1097,1109,1109,1109,1018,1018,1018,
1017,1017,1017,987,987,1062,1062,1062,988,988,979,979,979,1096,1096,1061,
1061,1061,878,878,872,872,872,876,876,885,885,885,1081,1081,1080,1080,1080,
1082,1082,1084,1084,1084,1086,1086,1085,1085,1172,1172,1167,1167,1167,1207,
1207,1020,1020,1020,1077,1077,1078,1078,984,984,984,940,940,940,943,943,
1076,1076,1075,1075,944,944,946,946,1056,1056,1173,1173,1052,1052,1051,
1051,945,945,1087,1087,1087,1124,1124,1197,1197,1181,1181,1181,1218,1218,
1117,1117,986,986,1228,1228,1228,1176,1176,1055,1055,1125,1125,1224,1224,
1214,1214,1297,1297,1177,1177,1150,1150,1150,1138,1138,1123,1123,1212,1212,
1212,1196,1196,1180,1180,1180,1068,1068,1093,1093,1093,1093,1067,1067,887,
887,956,956,956,900,900,900,888,888,884,884,884,874,874,929,929,982,982,
982,930,930,918,918,917,917,592,592,693,693,745,745,745,729,729,728,728,
1005,1005,1058,1058,1058,949,949,628,628,628,680,680,680,673,673,674,674,
694,694,1217,1217,1217,1122,1122,1122,1006,1006,997,997,998,998,875,875,
871,871,871,950,950,711,711,711,710,710,710,682,682,682,702,702,702,870,
870,870,867,867,701,701,701,689,689,690,690,681,681,681,677,677,677,792,
792,792,794,794,802,802,732,732,733,733,782,782,907,907,894,894,809,809,
712,712,712,758,758,713,713,713,708,708,759,759,706,706,706,709,709,810,
810,707,707,707,721,721,721,603,603,603,607,607,605,605,605,1044,1044,893,
893,781,781,756,756,714,714,714,736,736,791,791,791,793,793,801,801,866,
866,201,201,201,216,216,215,215,228,228,212,212,232,232,238,238,294,294,
237,237,423,423,423,458,458,457,457,211,211,227,227,176,176,175,175,293,
293,348,348,348,231,231,181,181,136,136,136,315,315,266,266,266,719,719,
580,580,587,587,587,588,588,588,716,716,716,897,897,718,718,720,720,720,
1043,1043,1043,450,450,525,525,573,573,449,449,511,511,511,1392,1392,1392,
1392,446,446,524,524,438,438,445,445,572,572,520,520,602,602,602,469,469,
561,561,606,606,560,560,519,519,424,424,391,391,391,579,579,422,422,422,
437,437,1116,1116,985,985,443,443,598,598,461,461,461,498,498,452,452,468,
468,586,586,586,1296,1296,604,604,604,1380,1380,1326,1326),((1,3,7),(9,
4,2),(7,12,1),(12,14,1),(17,2,16),(2,17,9),(6,5,11),(20,13,8),(11,21,6),
(8,23,20),(15,13,20),(20,24,15),(16,26,17),(22,10,27),(28,10,18),(31,27,
10),(10,33,31),(10,28,33),(25,19,35),(19,22,35),(28,18,25),(35,38,25),(38,
40,25),(25,40,28),(27,35,22),(42,43,44),(45,43,42),(44,47,42),(42,47,48),
(48,50,42),(52,42,50),(42,52,45),(54,44,43),(43,55,54),(55,43,56),(43,45,
58),(60,43,63),(58,63,43),(43,60,56),(65,44,54),(47,44,68),(71,68,44),(44,
65,73),(44,73,71),(75,54,55),(55,76,75),(76,55,77),(56,77,55),(80,54,75),
(54,83,65),(54,80,83),(85,75,76),(76,86,85),(87,86,76),(76,90,87),(76,92,
90),(92,76,93),(76,77,96),(96,93,76),(99,75,85),(75,99,80),(102,85,86),
(86,103,102),(104,103,86),(86,106,104),(86,109,106),(109,86,87),(85,102,
110),(113,99,85),(110,113,85),(115,102,103),(103,116,115),(116,103,117),
(103,104,117),(102,115,119),(110,102,122),(125,122,102),(102,119,125),(127,
115,116),(117,130,116),(132,134,116),(116,130,132),(116,134,127),(115,127,
135),(135,137,115),(141,119,115),(115,137,141),(143,144,146),(144,143,148),
(146,150,143),(151,143,150),(148,143,151),(153,147,145),(155,158,144),(144,
148,155),(145,159,153),(160,150,146),(153,161,147),(162,164,167),(164,162,
169),(167,171,162),(173,170,163),(163,172,173),(176,168,166),(179,164,169),
(165,180,181),(183,176,166),(184,171,167),(176,185,168),(169,187,179),(188,
170,173),(187,191,179),(193,191,187),(187,195,193),(197,196,190),(175,198,
189),(181,180,192),(181,192,194),(200,193,195),(195,202,200),(205,203,196),
(196,197,205),(194,201,209),(209,181,194),(210,213,215),(218,214,212),(215,
220,210),(220,222,210),(225,211,224),(212,227,218),(213,228,215),(230,229,
214),(214,218,230),(232,215,234),(236,234,215),(238,216,233),(215,241,236),
(241,215,243),(246,243,215),(248,221,217),(215,250,246),(228,250,215),(217,
240,248),(234,253,232),(255,254,235),(235,237,258),(258,259,235),(235,259,
255),(261,232,253),(263,261,253),(253,265,263),(266,254,255),(233,262,267),
(233,270,238),(267,270,233),(258,237,242),(243,271,241),(273,242,272),(242,
273,258),(267,262,264),(275,263,265),(264,277,278),(264,278,267),(243,281,
202),(284,281,243),(202,286,243),(286,271,243),(284,243,288),(291,289,245),
(244,247,292),(292,295,244),(245,296,291),(202,281,200),(297,200,281),(282,
285,299),(281,301,303),(302,283,306),(303,309,281),(309,297,281),(299,307,
282),(287,204,206),(311,223,221),(221,248,311),(279,276,266),(255,279,266),
(314,272,287),(272,314,273),(287,317,314),(206,317,287),(224,313,225),(201,
298,209),(288,318,284),(299,285,320),(288,321,318),(324,322,289),(289,291,
324),(292,247,252),(251,229,230),(252,327,292),(230,328,251),(331,319,323),
(320,332,299),(333,303,301),(333,301,335),(338,336,302),(302,341,338),(306,
341,302),(344,310,305),(345,304,334),(305,347,344),(209,298,310),(310,344,
209),(348,350,351),(352,350,348),(351,335,348),(348,354,352),(356,355,349),
(349,337,340),(340,356,349),(351,350,358),(358,350,352),(358,360,351),(362,
351,360),(335,351,362),(363,352,354),(353,365,367),(354,369,363),(366,364,
371),(359,353,372),(367,372,353),(375,370,355),(355,356,375),(377,361,359),
(359,372,377),(360,379,362),(382,380,361),(361,377,382),(362,379,385),(385,
387,362),(335,362,389),(389,362,392),(394,392,362),(362,396,394),(362,398,
396),(362,400,398),(362,403,400),(403,362,387),(405,386,381),(381,383,405),
(388,386,405),(407,409,411),(407,413,409),(411,416,407),(413,407,418),(420,
419,408),(408,417,423),(423,424,408),(408,424,420),(427,412,410),(428,410,
415),(410,428,427),(430,416,411),(433,431,412),(412,427,433),(418,434,413),
(437,414,436),(415,439,428),(440,435,419),(419,420,440),(430,443,416),(423,
417,445),(446,447,448),(450,447,446),(448,452,446),(454,446,452),(455,446,
454),(446,455,450),(457,448,447),(447,450,459),(459,462,447),(447,462,463),
(463,457,447),(453,449,466),(449,458,466),(452,468,454),(470,454,473),(454,
468,473),(475,454,470),(454,475,455),(469,453,477),(466,477,453),(473,479,
470),(473,482,479),(477,474,469),(485,483,474),(474,477,485),(471,481,486),
(482,490,479),(480,492,494),(494,487,480),(497,476,472),(489,497,472),(493,
491,483),(483,485,493),(497,451,456),(456,476,497),(498,460,451),(451,497,
498),(501,462,459),(459,504,506),(508,505,461),(506,501,459),(461,500,508),
(463,462,510),(510,462,501),(513,105,108),(515,106,109),(504,106,515),(107,
505,508),(108,518,513),(508,519,107),(522,118,105),(105,513,522),(87,523,
109),(525,109,523),(109,525,515),(527,131,118),(118,522,527),(132,528,134),
(530,133,131),(529,133,530),(532,134,528),(134,532,535),(535,537,134),(134,
537,127),(131,527,530),(538,540,542),(540,538,544),(542,547,538),(550,545,
539),(552,539,548),(539,552,550),(553,543,541),(544,555,540),(541,556,557),
(557,553,541),(559,547,542),(553,560,543),(544,562,555),(562,544,564),(565,
546,551),(557,556,563),(566,562,564),(568,563,567),(563,568,557),(570,572,
576),(578,573,571),(576,581,570),(581,583,570),(585,570,587),(571,586,589),
(583,587,570),(589,592,571),(571,592,578),(575,574,580),(582,577,593),(580,
594,575),(597,584,582),(582,598,597),(593,598,582),(587,600,585),(602,604,
585),(585,600,602),(589,586,605),(606,588,584),(609,601,588),(588,606,609),
(584,597,606),(602,610,604),(611,603,613),(613,603,601),(610,615,604),(617,
604,615),(620,605,619),(605,620,589),(622,610,624),(622,615,610),(624,626,
622),(629,623,628),(616,623,629),(632,625,612),(613,633,611),(612,635,632),
(624,636,626),(639,637,625),(625,632,639),(601,609,613),(642,627,638),(628,
644,629),(615,645,617),(647,646,616),(616,629,647),(564,617,566),(650,618,
565),(565,652,650),(551,652,565),(617,645,566),(619,651,620),(566,645,654),
(654,656,566),(658,567,657),(567,658,568),(647,655,646),(660,663,665),(667,
664,662),(665,669,660),(672,661,671),(662,674,667),(663,675,665),(663,677,
679),(679,675,663),(678,664,667),(682,666,676),(670,666,682),(684,656,686),
(657,685,688),(686,679,684),(679,677,684),(690,684,677),(688,685,692),(656,
654,686),(657,693,658),(688,693,657),(696,687,655),(697,680,687),(687,696,
697),(655,647,696),(676,681,699),(677,700,690),(702,701,678),(667,702,678),
(704,708,710),(712,707,706),(710,715,704),(717,705,716),(706,719,712),(711,
709,714),(710,720,715),(722,721,711),(711,725,722),(714,725,711),(720,726,
715),(728,715,730),(732,716,729),(730,715,726),(716,732,717),(727,721,722),
(730,734,728),(736,728,739),(728,734,739),(729,738,741),(729,741,732),(745,
735,731),(731,727,722),(731,722,745),(746,748,751),(753,749,747),(751,756,
746),(758,746,761),(763,747,760),(761,746,765),(765,746,756),(747,763,753),
(748,767,751),(770,768,750),(750,755,770),(774,752,769),(775,757,752),(752,
774,775),(769,771,774),(761,777,758),(758,777,778),(758,778,779),(782,784,
758),(758,779,782),(786,759,785),(760,788,763),(789,777,761),(790,762,791),
(791,762,766),(778,777,789),(789,793,778),(793,795,778),(798,778,795),(802,
778,798),(779,778,802),(805,794,790),(790,808,805),(791,808,790),(809,796,
794),(794,805,809),(812,814,816),(818,815,813),(816,820,812),(822,812,820),
(825,813,824),(813,825,818),(814,827,816),(829,827,814),(814,832,829),(833,
815,818),(821,817,834),(834,817,828),(820,837,822),(840,823,839),(824,842,
825),(843,838,821),(834,846,821),(821,846,843),(834,828,831),(829,832,848),
(848,850,829),(852,829,854),(829,850,854),(835,830,853),(856,849,833),(818,
859,833),(833,859,856),(851,849,856),(854,861,852),(862,861,854),(855,851,
856),(856,863,855),(852,861,866),(866,861,862),(868,853,867),(853,868,835),
(862,870,872),(874,871,865),(872,866,862),(864,858,875),(872,870,878),(879,
871,874),(867,873,868),(878,880,872),(868,873,882),(880,878,883),(874,884,
879),(883,886,880),(880,886,887),(887,888,880),(880,888,891),(891,893,880),
(881,894,895),(882,897,868),(895,898,881),(900,886,883),(901,885,877),(887,
886,900),(900,903,887),(887,903,905),(905,908,887),(888,887,908),(904,902,
909),(877,910,901),(909,906,904),(908,905,913),(915,914,907),(907,912,915),
(917,920,922),(920,917,924),(922,926,917),(929,925,919),(918,928,931),(919,
934,929),(931,935,918),(938,923,921),(924,939,920),(921,940,941),(921,944,
938),(941,944,921),(932,927,923),(923,938,932),(939,924,945),(948,946,925),
(925,929,948),(951,954,956),(951,959,954),(956,962,951),(964,960,953),(967,
952,963),(953,969,964),(970,957,955),(973,955,961),(955,973,970),(975,956,
976),(956,975,978),(980,977,958),(978,962,956),(958,972,980),(961,966,973),
(975,982,984),(975,976,982),(984,986,975),(988,975,986),(988,991,975),(975,
991,993),(993,978,975),(996,985,983),(999,983,977),(983,999,996),(984,1000,
986),(1003,1001,985),(985,996,1003),(986,1006,988),(986,1008,1006),(1011,
1008,986),(986,1013,1016),(1018,1014,987),(1016,1011,986),(987,1002,1004),
(987,1004,1018),(977,980,999),(1021,989,1007),(1024,1007,1010),(1007,1024,
1021),(1026,991,988),(988,1028,1026),(1029,990,1023),(1030,1034,1035),(1033,
1032,1037),(1035,1026,1030),(1026,1028,1030),(1038,1031,1029),(1035,1034,
1040),(1043,1041,1033),(1037,1043,1033),(1046,1027,1036),(1036,1042,1045),
(1036,1045,1046),(1049,1009,1012),(1010,1050,1024),(1051,1017,1015),(1015,
1020,1051),(1054,1012,1017),(1017,1051,1054),(1055,992,1027),(1027,1046,
1055),(994,992,1055),(1023,1058,1029),(1029,1058,1038),(1012,1054,1049),
(979,995,1059),(1055,1060,994),(962,978,1062),(1062,1065,962),(1067,963,
1066),(963,1067,967),(1070,1063,979),(979,1072,1070),(1059,1072,979),(1062,
1074,1065),(1074,1062,1075),(1077,1076,1064),(1064,1071,1077),(1065,1074,
1079),(1081,1084,1065),(1066,1085,1086),(1079,1081,1065),(1086,1067,1066),
(1088,1089,1091),(1089,1088,1075),(1091,1094,1088),(1094,1098,1088),(1100,
1088,1098),(1075,1088,1100),(1102,1092,1090),(1090,1076,1077),(1090,1077,
1102),(1091,1105,1094),(1106,1093,1104),(1107,1099,1097),(1094,1105,1111),
(1095,1113,1115),(1096,1117,1108),(1101,1099,1107),(1075,1100,1118),(1118,
1074,1075),(1119,1101,1107),(1079,1074,1118),(1122,1080,1121),(1110,1123,
1120),(1126,1127,1129),(1132,1127,1126),(1129,1134,1126),(1126,1136,1132),
(1136,1126,1137),(1139,1126,1134),(1139,1141,1126),(1137,1126,1141),(1130,
1128,1143),(1143,1128,1133),(1135,1131,1145),(1143,1146,1130),(1132,1136,
1148),(1137,1152,1136),(1152,1155,1136),(1136,1155,1156),(1148,1136,1156),
(1159,1133,1151),(1133,1159,1143),(1134,1162,1139),(1134,1164,1162),(1167,
1165,1135),(1145,1167,1135),(1171,1140,1163),(1163,1166,1168),(1163,1172,
1171),(1168,1172,1163),(1142,1140,1171),(1152,1174,1177),(1137,1174,1152),
(1177,1179,1152),(1181,1155,1152),(1184,1182,1154),(1185,1153,1180),(1154,
1187,1184),(1188,1178,1176),(1171,1175,1138),(1175,1171,1189),(1179,1177,
1191),(1194,1192,1178),(1178,1188,1194),(1138,1142,1171),(1198,1200,1202),
(1204,1199,1197),(1202,1207,1198),(1209,1198,1207),(1197,1211,1213),(1197,
1213,1204),(1216,1203,1201),(1201,1206,1216),(1208,1203,1216),(48,47,1217),
(1217,47,68),(1219,51,49),(49,1218,1219),(1221,1222,1223),(1222,1221,1225),
(1223,1227,1221),(1229,1221,1227),(1225,1221,1229),(1223,1222,1231),(1225,
1233,1222),(1222,1233,1235),(1235,1231,1222),(1228,1224,1238),(1238,1224,
1232),(1227,1241,1229),(1241,1227,1243),(1245,1244,1228),(1228,1238,1245),
(1230,1242,1248),(1243,1249,1241),(1248,1242,1251),(1226,1230,1248),(1249,
1243,1252),(1253,1244,1245),(1252,1254,1249),(1256,1250,1255),(1251,1258,
1248),(1254,1252,1259),(1262,1260,1253),(1253,1245,1262),(1234,1226,1265),
(1248,1265,1226),(1267,1268,1269),(1268,1267,1271),(1269,1273,1267),(1275,
1277,1267),(1267,1273,1275),(1271,1267,1277),(1269,1268,1279),(1271,1281,
1268),(1279,1268,1281),(1283,1274,1270),(1270,1280,1285),(1285,1283,1270),
(1289,1278,1276),(1273,1290,1275),(1290,1292,1275),(1276,1294,1296),(1276,
1299,1289),(1296,1299,1276),(1272,1278,1289),(1283,1291,1274),(1292,1290,
1300),(1303,1301,1291),(1291,1283,1303),(1295,1293,1302),(1282,1272,1289),
(1306,1308,1311),(1313,1309,1307),(1311,1316,1306),(1306,1316,1317),(1319,
1322,1306),(1307,1324,1326),(1306,1328,1319),(1317,1328,1306),(1326,1313,
1307),(1330,1312,1310),(1310,1315,1330),(1311,1332,1316),(1333,1332,1311),
(1334,1312,1330),(1335,1316,1332),(1335,1338,1316),(1317,1316,1338),(1340,
1332,1333),(1332,1340,1335),(1333,1342,1340),(1345,1336,1341),(1341,1344,
1348),(1341,1348,1345),(1349,1343,1334),(1330,1349,1334),(1339,1337,1347),
(1318,1339,1352),(1347,1352,1339),(1353,1322,1319),(1356,1322,1353),(1319,
1358,1353),(1281,1353,1279),(1281,1356,1353),(1280,1355,1285),(1358,1360,
1353),(1354,1361,1363),(1363,1286,1354),(1325,1323,1357),(1364,1359,1321),
(1367,1320,1329),(1321,1368,1364),(1369,1357,1282),(1289,1369,1282),(1358,
1371,1360),(1374,1372,1359),(1359,1364,1374),(1375,1360,1371),(1363,1361,
1376),(1377,1329,1318),(1329,1377,1367),(1352,1380,1318),(1318,1380,1377),
(1357,1369,1325),(1371,1381,1375),(1383,1382,1372),(1372,1374,1383),(1385,
1235,1233),(1387,1235,1385),(1233,1389,1385),(1389,1391,1385),(1386,1393,
1395),(1387,1385,52),(1395,53,1386),(1236,1388,1397),(1232,1237,1238),(1397,
1239,1236),(1265,1390,1234),(1389,1375,1391),(1400,1376,1390),(1390,1265,
1400),(1381,1391,1375),(1376,1400,1363),(1381,1401,1391),(1392,1403,1405),
(1405,1394,1392),(1404,1402,1382),(1382,1383,1404),(52,1407,1387),(50,1407,
52),(1409,46,53),(53,1395,1409),(1388,1408,1219),(1219,1408,51),(1219,1397,
1388),(1412,59,46),(46,1409,1412),(1413,1416,1418),(1413,1420,1416),(1418,
1422,1413),(1413,1424,1420),(1414,1423,1427),(1425,1415,1429),(1427,1430,
1414),(1419,1417,1433),(1433,1417,1421),(1418,1434,1422),(1436,1435,1419),
(1433,1439,1419),(1419,1439,1436),(1440,1421,1426),(1421,1440,1433),(1422,
1434,1442),(1442,1443,1422),(1427,1423,1445),(1429,1446,1425),(1426,1448,
1440),(1442,1434,1449),(1451,1450,1435),(1435,1436,1451),(1443,1442,92),
(1453,1442,1454),(1457,1442,1453),(1449,1454,1442),(1457,92,1442),(92,1459,
1443),(1444,1460,1461),(1461,1464,1444),(1445,1465,1427),(1454,1466,1453),
(1466,1468,1453),(1471,1453,1473),(1471,1474,1453),(1473,1453,1476),(1453,
1474,1457),(1453,1479,1476),(1453,1482,1485),(1482,1453,1468),(1453,1487,
1479),(1490,1487,1453),(1453,1493,1490),(1493,1453,1485),(1467,1456,1496),
(1497,1455,1450),(1500,1469,1467),(1467,1502,1500),(1496,1502,1467),(1450,
1451,1497),(1504,1506,1508),(1504,1510,1506),(1508,1512,1504),(1510,1504,
1514),(1516,1515,1505),(1504,1512,1518),(1521,1505,1520),(1505,1521,1516),
(1524,1509,1507),(1525,1507,1511),(1507,1525,1524),(1513,1509,1524),(1514,
1527,1510),(1511,1528,1529),(1529,1532,1511),(1511,1532,1525),(1527,1514,
1533),(1535,1534,1515),(1515,1516,1535),(1527,1533,1537),(1537,1540,1527),
(1529,1528,1541),(1542,1544,1546),(1548,1544,1542),(1546,1550,1542),(1542,
1554,1548),(1555,1553,1543),(1543,1552,1558),(1543,1558,1555),(1547,1545,
1562),(1562,1545,1549),(1559,1551,1547),(1547,1563,1559),(1562,1563,1547),
(1554,1537,1548),(1566,1549,1539),(1549,1566,1562),(1554,1540,1537),(1567,
1540,1554),(1554,1570,1567),(1555,1571,1553),(1573,1538,1534),(1539,1575,
1566),(1534,1535,1573),(1541,1569,1576),(1541,1576,1529),(1579,1581,1583),
(1579,1585,1581),(1583,1588,1579),(1590,1586,1580),(1579,1588,1592),(1592,
1594,1579),(1580,1596,1598),(1580,1598,1590),(1584,1582,1601),(1582,1587,
1591),(1591,1601,1582),(1588,1583,1602),(1604,1603,1584),(1584,1607,1604),
(1601,1607,1584),(1602,1608,1588),(1602,1609,1608),(1612,1610,1603),(1603,
1604,1612),(1588,1608,1615),(1618,1608,1609),(1608,1620,1615),(1621,1620,
1608),(1608,1618,1623),(1608,1626,1621),(1608,1628,1626),(1608,1630,1628),
(1608,1623,1633),(1633,1630,1608),(1615,1635,1588),(1637,1588,1635),(1588,
1637,1592),(1609,1640,1643),(1609,1645,1640),(1609,1643,1618),(1647,1646,
1611),(1611,1613,1647),(1649,1652,1654),(1656,1653,1651),(1654,1658,1649),
(1650,1660,1662),(1662,1664,1650),(1651,1666,1656),(1667,1654,1652),(1652,
1669,1667),(1672,1670,1653),(1653,1656,1672),(1673,1655,1668),(1659,1655,
1673),(1675,1667,1669),(1678,1676,1670),(1670,1672,1678),(1679,1667,1675),
(1668,1680,1681),(1681,1684,1668),(1668,1684,1673),(1685,1689,1690),(1689,
1685,1692),(1690,1694,1685),(1696,1691,1688),(1686,1695,1700),(1687,1702,
1697),(1690,1689,1703),(1692,1705,1689),(1707,1689,1705),(1707,1703,1689),
(1703,1709,1690),(1711,1690,1709),(1694,1690,1711),(1706,1693,1699),(1705,
1713,1707),(1705,1715,1713),(1705,1717,1715),(1720,1718,1706),(1706,1699,
1720),(1724,1708,1714),(1714,1716,1725),(1725,1728,1714),(1714,1728,1724),
(1729,1704,1708),(1708,1724,1729),(1725,1716,1719),(1719,1721,1725),(1732,
1710,1704),(1704,1729,1732),(1712,1710,1732),(1733,1737,1739),(1743,1736,
1735),(1739,1747,1733),(1734,1748,1750),(1735,1751,1743),(1750,1752,1734),
(1740,1738,1746),(1754,1747,1739),(1756,1755,1742),(1745,1757,1741),(1759,
1760,1762),(1760,1759,1764),(1762,1766,1759),(1768,1759,1766),(1764,1759,
1768),(1760,1769,1762),(1760,1772,1774),(1773,1761,1777),(1774,1779,1760),
(1779,1769,1760),(1764,1781,1760),(1784,1760,1786),(1777,1761,1785),(1760,
1781,1786),(1763,1771,1788),(1767,1763,1792),(1788,1792,1763),(1774,1772,
1794),(1797,1794,1772),(1772,1799,1802),(1799,1772,1805),(1802,1797,1772),
(1777,1806,1773),(1807,1780,1776),(1774,1794,1747),(1747,1754,1774),(1775,
1755,1756),(1776,1809,1807),(1756,1810,1775),(1789,1770,1780),(1780,1807,
1789),(1750,1748,1796),(1813,1795,1798),(1796,1814,1750),(1766,1815,1768),
(1792,1816,1767),(1818,1768,1815),(1815,1819,1818),(1821,1820,1817),(1817,
1793,1821),(1823,1768,1818),(1768,1823,1764),(1826,1818,1827),(1818,1826,
1829),(1818,1819,1827),(1818,1829,1832),(1832,1834,1818),(1823,1818,1834),
(1827,1837,1826),(1839,1842,1826),(1826,1837,1839),(1844,1826,1842),(1826,
1844,1829),(1821,1828,1820),(1838,1828,1821),(1843,1841,1847),(1848,1840,
1838),(1850,1842,1853),(1850,1856,1842),(1859,1854,1843),(1842,1856,1844),
(1843,1862,1859),(1847,1862,1843),(1864,1866,1868),(1864,1870,1866),(1868,
1850,1864),(1873,1871,1865),(1853,1864,1850),(1865,1855,1861),(1861,1873,
1865),(1877,1869,1867),(1867,1872,1874),(1874,1878,1867),(1867,1878,1877),
(1881,1851,1869),(1869,1877,1881),(1883,1857,1852),(1852,1882,1883),(1845,
1858,1885),(1886,1830,1846),(1846,1889,1886),(1885,1890,1845),(1892,1894,
1897),(1899,1895,1893),(1897,1902,1892),(1904,1906,1892),(1893,1908,1910),
(1892,1902,1904),(1910,1899,1893),(1913,1898,1896),(1896,1901,1913),(1914,
1903,1898),(1898,1913,1914),(1917,1833,1831),(1831,1888,1917),(1834,1832,
1906),(1909,1907,1833),(1833,1917,1909),(1906,1904,1834),(1918,1835,1905),
(1921,1905,1903),(1905,1921,1918),(1834,1923,1823),(1924,1836,1920),(1903,
1914,1921),(1925,1927,1930),(1925,1932,1927),(1930,1935,1925),(1935,1937,
1925),(1939,1926,1938),(1942,1933,1926),(1926,1939,1942),(1944,1930,1927),
(1927,1946,1944),(1947,1929,1948),(1928,1934,1943),(1943,1949,1928),(1951,
1931,1945),(1954,1936,1931),(1931,1951,1954),(1944,1946,1955),(1958,1956,
1947),(1947,1948,1958),(1945,1957,1960),(1945,1960,1951),(1937,1935,1961),
(1963,1962,1936),(1936,1954,1963),(1965,1937,1961),(1938,1967,1968),(1938,
1968,1939),(1971,1975,1977),(1971,1980,1975),(1977,1983,1971),(1971,1983,
1985),(1988,1971,1985),(1972,1989,1990),(1994,1981,1974),(1992,1993,1973),
(1978,1976,1997),(1975,1980,1999),(1976,2001,2003),(2003,1997,1976),(1984,
1979,2005),(1997,2006,1978),(2008,1986,1984),(2005,2008,1984),(1988,2012,
2014),(1988,1985,2012),(2014,2016,1988),(1990,1989,2018),(2019,2015,2013),
(2022,2011,1987),(2013,2023,2019),(2014,2024,2016),(2025,2015,2019),(2016,
2024,2026),(2026,2028,2016),(2016,2028,2029),(2032,2016,2035),(2037,2016,
2032),(2016,2029,2035),(2017,2038,2039),(2039,2042,2017),(2018,2043,1990),
(2044,2027,2025),(2025,2019,2044),(1987,2010,2022),(2047,2028,2026),(2048,
2027,2044),(2049,2051,2055),(2057,2052,2050),(2055,2060,2049),(2060,2062,
2049),(2064,2050,2063),(2050,2064,2057),(2067,2054,2053),(2053,2059,2067),
(2069,2061,2056),(2056,2068,2069),(2060,2071,2062),(2060,2073,2075),(2077,
2074,2061),(2075,2071,2060),(2061,2069,2077),(2064,2063,2072),(2079,2075,
2073),(2073,2082,2079),(2085,2083,2074),(2074,2077,2085),(2076,2081,2086),
(2064,2072,2076),(2076,2086,2064),(2089,2091,2095),(2092,2090,2097),(2095,
2099,2089),(2101,2089,2099),(2097,2090,2102),(2094,2093,2103),(2097,2104,
2092),(2107,2100,2096),(2096,2108,2107),(2103,2109,2094),(2099,2111,2101),
(2112,2100,2107),(2113,2101,2111),(2113,2111,2116),(2119,2117,2112),(2112,
2120,2119),(2107,2120,2112),(2102,2115,2122),(2122,2097,2102),(2125,2127,
2129),(2131,2128,2126),(2129,2133,2125),(2125,2133,2137),(2126,2138,2139),
(2126,2139,2131),(2142,2129,2127),(2142,2127,2144),(2146,2145,2128),(2128,
2131,2146),(2149,2130,2143),(2150,2134,2130),(2130,2149,2150),(2144,2153,
2142),(2155,2153,2144),(2156,2145,2146),(2157,2143,2154),(2153,2155,2159),
(2159,2161,2153),(2164,2154,2163),(2154,2164,2157),(2143,2157,2149),(2167,
2160,2156),(2156,2146,2167),(2159,2168,2161),(2171,2169,2160),(2160,2167,
2171),(2161,2174,2178),(2161,2168,2174),(2178,2180,2161),(2183,2161,2180),
(2185,2162,2184),(2163,2187,2164),(2188,2190,2192),(2188,2195,2190),(2192,
2198,2188),(2200,2196,2189),(2203,2188,2198),(2189,2205,2207),(2189,2207,
2200),(2209,2193,2191),(2212,2191,2197),(2191,2212,2209),(2199,2194,2211),
(2197,2202,2212),(2214,2216,2220),(2222,2217,2215),(2220,2225,2214),(2214,
2225,2227),(2227,2229,2214),(2231,2215,2230),(2215,2231,2222),(2234,2219,
2218),(2218,2224,2234),(2236,2226,2221),(2221,2235,2236),(2239,2228,2226),
(2226,2236,2239),(2229,2227,2240),(2241,2228,2239),(2240,2242,2229),(2230,
2243,2245),(2245,2246,2230),(2230,2246,2231),(2242,2240,2248),(2249,2241,
2251),(2239,2251,2241),(2248,2253,2242),(2245,2243,2255),(2256,2258,2260),
(2262,2259,2257),(2260,2264,2256),(2256,2264,2268),(2268,2269,2256),(2271,
2257,2270),(2257,2271,2262),(2258,2273,2260),(2258,2277,2280),(2280,2273,
2258),(2283,2278,2259),(2259,2262,2283),(2286,2265,2261),(2289,2261,2276),
(2261,2289,2286),(2267,2266,2288),(2269,2268,2292),(2288,2293,2267),(2269,
2292,2294),(2297,2270,2296),(2270,2297,2271),(2299,2280,2301),(2304,2281,
2300),(2301,2308,2299),(2308,2310,2299),(2312,2300,2311),(2300,2312,2304),
(2280,2277,2301),(2274,2282,2307),(2315,2309,2303),(2316,2301,2318),(2320,
2318,2301),(2302,2317,2323),(2301,2277,2320),(2303,2325,2315),(2323,2326,
2302),(2308,2328,2310),(2329,2309,2315),(2310,2328,2332),(2332,2333,2310),
(2335,2311,2334),(2311,2335,2312),(2331,2330,2337),(2315,2338,2329),(2333,
2332,2340),(2341,2331,2343),(2337,2343,2331),(2318,2345,2316),(2348,2346,
2319),(2349,2319,2322),(2319,2349,2348),(2345,2351,2316),(2351,2345,2354),
(2357,2355,2346),(2346,2348,2357),(2323,2317,2353),(2333,2340,2358),(2361,
2334,2360),(2334,2361,2335),(2354,2363,2351),(2366,2352,2365),(2353,2368,
2323),(2369,2364,2355),(2355,2357,2369),(2372,2320,2277),(2277,2374,2372),
(2377,2375,2279),(2279,2285,2377),(2321,2373,2378),(2378,2381,2321),(2322,
2382,2349),(2365,2371,2366),(2383,2385,2388),(2386,2384,2390),(2388,2392,
2383),(2392,2394,2383),(2394,2396,2383),(2390,2384,2397),(2385,2398,2388),
(2385,2203,2398),(2204,2387,2401),(2390,2402,2386),(2405,2389,2400),(2406,
2393,2389),(2389,2405,2406),(2372,2374,2398),(2398,2203,2372),(2203,2248,
2372),(2378,2373,2250),(2399,2375,2377),(2400,2408,2405),(2377,2409,2399),
(2198,2248,2203),(2401,2206,2204),(2198,2411,2253),(2198,2413,2411),(2253,
2248,2198),(2416,2414,2199),(2211,2416,2199),(2254,2412,2420),(2420,2412,
2415),(2255,2421,2245),(2420,2422,2254),(2395,2393,2406),(2250,2424,2378),
(2251,2425,2249),(2415,2417,2420),(2427,2396,2394),(2394,2429,2427),(2431,
2430,2395),(2395,2406,2431),(2390,2397,2428),(2433,2427,2429),(2429,2436,
2433),(2437,2430,2431),(2390,2428,2435),(2438,2433,2436),(2440,2438,2436),
(2436,2442,2440),(2444,2443,2437),(2431,2447,2437),(2437,2447,2444),(2434,
2439,2448),(2435,2450,2390),(2448,2439,2441),(2451,2440,2442),(2453,2440,
2451),(2456,2441,2455),(2441,2456,2448),(2459,2452,2443),(2443,2444,2459),
(2460,2463,2453),(2460,2465,2463),(2453,2468,2460),(2470,2460,2468),(2473,
2466,2462),(2461,2472,2476),(2476,2480,2461),(2462,2481,2473),(2482,2454,
2464),(2485,2464,2467),(2464,2485,2482),(2468,2453,2487),(2490,2487,2453),
(2451,2490,2453),(2455,2484,2456),(2492,2494,2497),(2499,2495,2493),(2497,
2502,2492),(2505,2492,2502),(2493,2506,2508),(2508,2509,2493),(2493,2509,
2499),(2511,2497,2494),(2494,2468,2511),(2468,2494,2470),(2470,2494,2514),
(2517,2515,2496),(2496,2501,2517),(2518,2498,2513),(2521,2503,2498),(2498,
2518,2521),(2523,2511,2468),(2468,2487,2525),(2525,2527,2468),(2468,2530,
2523),(2533,2531,2469),(2469,2529,2536),(2469,2539,2533),(2536,2539,2469),
(2541,2512,2524),(2513,2543,2518),(2502,2544,2546),(2548,2544,2502),(2546,
2505,2502),(2502,2550,2548),(2552,2550,2502),(2552,2502,2554),(2557,2555,
2504),(2504,2522,2557),(2547,2545,2558),(2558,2545,2549),(2508,2506,2547),
(2558,2561,2547),(2547,2561,2508),(2562,2526,2489),(2565,2488,2491),(2489,
2566,2562),(2537,2528,2526),(2526,2562,2537),(2567,2491,2452),(2452,2459,
2567),(2467,2475,2485),(2514,2569,2470),(2471,2571,2572),(2572,2477,2471),
(2491,2567,2565),(2573,2570,2515),(2515,2517,2573),(2575,2548,2550),(2551,
2553,1777),(2550,2577,2575),(2550,2580,2577),(1777,2581,2551),(2582,2549,
2576),(2549,2582,2558),(2585,2524,2532),(2532,2535,2585),(2524,2585,2541),
(2554,2586,2552),(2553,2588,2589),(2589,1777,2553),(2587,2555,2557),(2592,
2594,2596),(2592,2598,2594),(2596,2600,2592),(2603,2593,2602),(2599,2593,
2603),(2605,2597,2595),(2607,2594,2598),(2610,2594,2607),(2605,2595,2611),
(2612,2600,2596),(2596,2614,2612),(2617,2615,2597),(2597,2605,2617),(2620,
2601,2613),(2602,2622,2603),(2623,2613,2616),(2616,2619,2623),(2613,2623,
2620),(27,2625,2627),(27,2630,2625),(2627,2633,27),(27,2635,2630),(27,2633,
2636),(2639,2635,27),(27,31,2641),(2641,2643,27),(27,2643,2644),(2644,2639,
27),(2646,2650,27),(2652,27,2650),(27,2654,2646),(2652,35,27),(2636,2654,
27),(2628,2626,2657),(2626,2632,2659),(2659,2657,2626),(2627,2662,2633),
(2662,2627,2664),(2666,2665,2629),(2629,2668,2666),(2657,2669,2628),(2671,
2630,2635),(2660,2631,2672),(2673,2634,2663),(2633,2676,2636),(2633,2679,
2682),(2673,2680,2634),(2682,2684,2633),(2684,2676,2633),(2686,2635,2639),
(2671,2635,2686),(2664,2688,2691),(2689,2665,2666),(2691,2662,2664),(2691,
2688,2693),(2695,2694,2690),(2690,2697,2695),(2666,2698,2689),(2673,2663,
2692),(2700,2703,2691),(2673,2692,2704),(2693,2700,2691),(1473,2705,1471),
(2708,1472,2707),(1475,1472,2708),(2705,1473,2710),(2711,2710,1473),(1476,
2714,1473),(2714,2717,1473),(1473,2719,2722),(2724,2719,1473),(2722,2711,
1473),(1473,2727,2724),(1473,2729,2727),(2732,2729,1473),(2735,2738,1473),
(1473,2738,2741),(1473,2743,2735),(2745,2743,1473),(1473,2717,2745),(2741,
2732,1473),(2748,2705,2710),(2706,2749,2751),(2751,2752,2706),(2707,2754,
2708),(2755,1458,1475),(90,92,1457),(91,1458,2755),(1475,2758,2755),(2708,
2758,1475),(2759,88,91),(91,2762,2759),(2755,2762,91),(524,89,2761),(92,
93,1459),(523,2764,525),(525,2764,2766),(2766,2768,525),(515,525,2768),
(2765,524,2761),(2710,2770,2771),(2770,2710,2774),(2771,2748,2710),(2777,
2710,2779),(2711,2779,2710),(2710,2777,2774),(2781,2771,2770),(2783,2770,
2785),(2783,2781,2770),(2785,2770,2786),(2788,2770,2789),(2774,2789,2770),
(2791,2770,2788),(2770,2791,2793),(2770,2793,2786),(2751,2749,2773),(2772,
2782,2795),(2773,2797,2751),(2795,2798,2772),(2785,2800,2783),(2802,2784,
2801),(2795,2782,2784),(2784,2802,2795),(2800,2785,2766),(2786,2804,2785),
(2804,2768,2785),(2766,2785,2768),(2806,2801,2767),(2801,2806,2802),(2809,
1782,1765),(2811,1765,1825),(1765,2811,2809),(1784,2813,2815),(1784,2818,
2813),(2815,2821,1784),(1786,2818,1784),(1784,2821,2822),(1784,2825,2827),
(2822,2825,1784),(2827,2830,1784),(1777,1785,2831),(2816,2814,2832),(2832,
2814,2820),(2821,2815,2834),(2837,2835,2817),(2817,2838,2837),(2832,2839,
2816),(2842,2819,1787),(2844,1787,1783),(1787,2844,2842),(2820,2843,2832),
(1783,2810,2844),(2834,2846,2821),(2847,2846,2834),(2847,2834,1823),(1824,
2835,2837),(2821,2846,2850),(2846,2847,2852),(2855,2850,2846),(2852,2858,
2846),(2846,2860,2855),(2846,2858,2860),(2850,2863,2821),(2863,2866,2821),
(2821,2866,2822),(1823,1923,2847),(1825,2867,2811),(2837,2868,1824),(2871,
2848,1924),(1920,2873,1924),(1924,2873,2871),(2852,2847,2875),(2878,2876,
2849),(2849,2872,2878),(2879,1615,1620),(1636,1617,2881),(1616,2880,2885),
(2885,2882,1616),(1620,2886,2888),(2886,1620,1621),(2888,2879,1620),(2891,
2894,2896),(1635,2894,2891),(2896,2898,2891),(2901,2891,2898),(2891,2903,
1635),(2905,2904,2893),(2892,2902,2908),(2893,2909,2905),(2908,2910,2892),
(2897,2895,2913),(2913,2895,1636),(2896,2914,2898),(2914,2896,2916),(2916,
2896,2918),(2918,2896,2921),(2923,2922,2897),(2897,2913,2923),(2899,2915,
2926),(2916,2927,2914),(2915,2929,2931),(2931,2926,2915),(2933,2936,2898),
(2898,2938,2933),(2936,2901,2898),(2940,2939,2900),(2926,2943,2899),(2900,
2944,2940),(2930,2928,2917),(2916,2918,2945),(2945,2947,2916),(2930,2917,
2949),(2903,1637,1635),(1636,2950,2913),(2881,2950,1636),(2937,2935,2952),
(2938,2955,2933),(2934,2957,2959),(2959,2953,2934),(2908,2902,2937),(2937,
2962,2908),(2952,2962,2937),(2963,1638,2904),(2904,2905,2963),(2956,2939,
2940),(1593,1639,2965),(1597,1595,1593),(2965,2966,1593),(1593,2966,1597),
(2940,2958,2956),(2969,2642,32),(2970,32,34),(32,2970,2969),(2643,2641,
2972),(2975,2973,2642),(2642,2969,2975),(2976,2644,2643),(2643,2972,2979),
(2979,2982,2643),(2643,2982,2984),(2984,2976,2643),(2640,2645,2986),(2645,
2978,2986),(2986,2687,2640),(2686,2989,2671),(2989,2992,2671),(2994,2672,
2993),(2672,2994,2660),(2990,2687,2986),(2992,2989,2996),(2998,2997,2991),
(2986,2999,2990),(3001,2992,2996),(3003,2993,3002),(2993,3003,2994),(68,
3005,1217),(1218,3006,3007),(3007,1219,1218),(68,3009,3011),(3011,3005,
68),(3013,3010,70),(3016,69,72),(70,3017,3013),(335,389,333),(3018,334,
391),(392,3020,389),(3022,390,3021),(391,3024,3018),(334,3018,345),(3020,
392,3025),(3026,393,3027),(3027,393,395),(3025,3029,3020),(3031,3021,3030),
(3021,3031,3022),(3029,3025,3033),(3034,3026,3027),(3033,3035,3029),(3031,
3030,3036),(3033,3037,3035),(3038,3037,3033),(3039,3034,3027),(3035,3037,
3040),(3031,3036,3041),(3040,3037,3038),(3038,160,3040),(160,3038,3042),
(3044,3043,3039),(3027,3044,3039),(3031,3041,161),(3042,150,160),(161,153,
3031),(150,3042,151),(3044,152,3043),(3044,149,152),(3047,3049,3051),(3047,
3053,3049),(3051,3055,3047),(3048,3057,3059),(3062,3054,3048),(3048,3063,
3062),(3059,3063,3048),(3049,3065,3051),(3068,3066,3050),(3071,3073,3049),
(3049,3053,3071),(3050,3075,3077),(3077,3080,3050),(3050,3080,3068),(3052,
3067,3070),(3058,3056,3052),(3052,3081,3058),(3070,3081,3052),(155,3083,
158),(3083,155,3085),(155,3088,3085),(3044,156,149),(3088,155,3091),(3092,
157,3046),(159,3084,3093),(3093,153,159),(3071,3095,3098),(3101,3096,3072),
(3098,3073,3071),(3104,3072,3054),(3072,3104,3101),(3095,3085,3098),(3085,
3095,3083),(3093,3084,3097),(3097,3103,3093),(3073,3098,3106),(3099,3087,
3109),(3107,3100,3112),(3109,3113,3099),(3115,3117,3073),(3076,3074,3118),
(3073,3119,3115),(3073,3106,3119),(3122,3124,3128),(3130,3125,3123),(3128,
3117,3122),(3133,3122,3117),(3136,3123,3135),(3123,3136,3130),(3139,3127,
3126),(3126,3132,3139),(3118,3129,3140),(3117,3115,3133),(3118,3141,3076),
(3140,3141,3118),(3144,3134,3116),(3116,3121,3146),(3116,3150,3144),(3146,
3150,3116),(3135,3145,3136),(3086,3090,3151),(3151,3110,3086),(3054,3062,
3104),(3091,3154,3088),(3089,3156,3158),(3158,3152,3089),(3120,3108,3160),
(3160,3147,3120),(3112,3161,3107),(3163,3166,3168),(3166,3163,3171),(3168,
3173,3163),(3175,3172,3165),(3177,3163,3179),(3163,3177,3154),(3173,3179,
3163),(3154,3091,3163),(3163,3091,3182),(3182,3184,3163),(3186,3164,3185),
(3165,3188,3175),(3189,3169,3167),(3171,3192,3166),(3167,3194,3195),(3195,
3199,3167),(3167,3199,3189),(3200,3174,3170),(3170,3191,3200),(2598,3171,
2607),(2598,3202,3171),(3205,3203,2599),(2599,2603,3205),(3208,2608,3172),
(3202,3192,3171),(3172,3175,3208),(2607,3211,2610),(3213,3212,2609),(2609,
3210,3213),(3179,3215,3177),(3155,3178,3217),(3215,3219,3177),(3178,3221,
3222),(3222,3217,3178),(3226,3180,3174),(3228,3216,3181),(3181,3227,3228),
(3174,3200,3226),(3193,3204,3207),(3207,3196,3193),(3217,3157,3155),(3220,
3216,3228),(3211,3230,2610),(3233,2610,3230),(3236,2610,3233),(2605,2611,
3237),(3238,3183,3092),(3046,3238,3092),(3228,3223,3220),(3241,3231,3212),
(3212,3213,3241),(3233,3230,3243),(3246,3244,3232),(3232,3242,3246),(3247,
3182,3249),(3250,3183,3238),(3182,3247,3184),(3249,3252,3247),(3249,3255,
3252),(3258,3255,3249),(3249,3259,3258),(3260,3251,3261),(3238,3262,3250),
(3248,3254,3265),(3268,3243,3252),(3266,3253,3244),(3252,3255,3268),(3270,
3185,3248),(3265,3273,3248),(3248,3273,3270),(3243,3268,3233),(3274,3234,
3269),(3233,3277,3236),(3278,3235,3276),(3244,3246,3266),(3280,3269,3257),
(3269,3280,3274),(3185,3270,3186),(3282,3255,3258),(3256,3283,3285),(3285,
3286,3256),(3257,3288,3280),(3258,3259,3289),(3290,3260,3261),(3289,3291,
3258),(3258,3291,3292),(3295,3258,3292),(3258,3295,3297),(3297,3282,3258),
(3236,3277,3300),(3302,3236,3304),(2605,3237,3303),(3307,3236,3300),(3310,
3236,3307),(3304,3236,3310),(3313,3301,3279),(3279,3315,3313),(3276,3316,
3278),(3318,3291,3289),(3261,3319,3290),(3321,395,397),(397,399,3324),(3324,
3325,397),(397,3325,3321),(395,3321,3027),(3324,399,402),(3328,401,404),
(402,3329,3324),(3330,3332,403),(3334,404,3333),(387,3330,403),(404,3334,
3328),(3336,3338,3340),(3336,3342,3338),(3340,3346,3336),(3343,3337,3348),
(3348,3337,3347),(3341,3339,3351),(99,3338,3342),(3351,3339,101),(3340,
3353,3346),(3356,3354,3341),(3341,3357,3356),(3351,3357,3341),(3342,3359,
99),(3362,3360,3345),(3350,3363,3344),(3366,3346,3353),(3368,3347,3367),
(3347,3368,3348),(3370,3373,3366),(3376,3373,3370),(3366,3353,3370),(3371,
3354,3356),(3376,3370,3379),(3382,3380,3372),(3372,3383,3382),(3356,3384,
3371),(3367,3375,3386),(3374,3378,3389),(3389,3387,3374),(3367,3392,3368),
(3386,3392,3367),(3379,3394,913),(3397,3395,3380),(913,3376,3379),(3380,
3382,3397),(913,3394,908),(3394,3401,908),(3403,3401,3394),(3402,3396,3400),
(3377,914,915),(888,908,3401),(915,3391,3377),(3406,3408,1965),(3410,3408,
3406),(1965,3412,3406),(3406,3414,3410),(2032,3406,3412),(3417,3415,3407),
(3418,3407,2034),(3407,3418,3417),(1969,1966,3409),(3421,3409,3411),(3409,
3421,1969),(1961,3412,1965),(3410,3414,3422),(3422,3424,3410),(3425,3410,
3424),(3428,3410,3425),(3431,3410,3428),(3433,3411,3432),(3411,3433,3421),
(3413,1962,1963),(3412,3435,2032),(3438,3436,3413),(1963,3438,3413),(3423,
3415,3417),(3441,3424,3422),(3442,3423,3445),(3417,3445,3423),(3424,3448,
3425),(2860,3448,3424),(2860,3424,3441),(2864,2851,3450),(3450,2851,2857),
(3452,2866,2863),(3455,3453,2865),(2865,3456,3455),(3450,3457,2864),(2828,
2826,3460),(3460,2826,2824),(2830,2827,3461),(2827,3464,3461),(3467,3465,
2829),(2829,3468,3467),(3460,3469,2828),(2822,2866,3452),(3452,3471,2822),
(3473,2823,3472),(2824,3475,3460),(3476,3479,3481),(3476,3483,3479),(3481,
3485,3476),(3483,3476,3487),(3009,3487,3476),(3476,3011,3009),(3012,3478,
3490),(3491,3477,3486),(3494,3482,3480),(3480,3484,3495),(3495,3498,3480),
(3480,3498,3494),(3481,3499,3485),(3481,3502,3499),(3502,3481,3505),(3505,
3481,3508),(3511,3509,3482),(3482,3494,3511),(3514,3517,65),(3520,3518,
3516),(65,3521,3514),(3483,3523,3514),(3514,3525,3483),(3521,3528,3514),
(3515,3524,3530),(3528,3525,3514),(3516,3532,3520),(3530,3533,3515),(3517,
73,65),(3536,74,3518),(3518,3520,3536),(3537,3522,67),(3540,66,84),(67,
3541,3537),(3487,3523,3483),(3359,3483,3525),(3495,3484,3361),(945,3542,
3545),(3547,3542,945),(3545,3549,945),(945,3551,939),(3549,3551,945),(945,
3553,3547),(945,3556,3553),(3559,3557,947),(947,949,3559),(3542,3560,3545),
(3560,3542,3562),(3563,3544,3564),(3543,3548,3568),(3568,3565,3543),(3569,
3550,3546),(3572,3546,3561),(3546,3572,3569),(3529,3522,3537),(3530,3524,
3489),(3573,3488,3010),(3489,3575,3530),(3006,3012,3007),(3490,3007,3012),
(3010,3013,3573),(3576,3486,3501),(3578,3499,3502),(3500,3579,3581),(3501,
3582,3576),(3581,3583,3500),(3486,3576,3491),(3502,3585,3578),(3587,3578,
3585),(3581,3579,3589),(3590,3586,3504),(3592,3562,3502),(3503,3563,3594),
(3502,3596,3592),(3505,3598,3502),(3598,3596,3502),(3504,3600,3590),(3594,
3601,3503),(3585,3603,3587),(3588,3605,3607),(3607,3609,3588),(3589,3611,
3581),(3606,3604,3586),(3586,3590,3606),(941,940,3552),(3552,3550,3569),
(3562,3592,3560),(3612,3561,3593),(3561,3612,3572),(3564,3594,3563),(3615,
3593,3597),(3593,3615,3612),(3616,3618,3505),(3620,3506,3619),(3505,3508,
3616),(3623,3599,3507),(3507,3622,3623),(3625,3618,3627),(3629,3619,3626),
(3627,3631,3625),(3631,3633,3625),(3626,3634,3635),(3635,3638,3626),(3626,
3638,3629),(3616,3627,3618),(3619,3629,3620),(3639,3628,3617),(3642,3632,
3628),(3628,3639,3642),(3643,3617,3510),(3510,3512,3643),(3617,3643,3639),
(3646,72,74),(74,3536,3646),(72,3646,3016),(3552,3647,941),(3569,3647,3552),
(3597,3599,3623),(3623,3650,3597),(3597,3650,3615),(3633,3631,3651),(3651,
3631,3654),(3657,3655,3632),(3632,3642,3657),(3635,3634,3653),(3553,3660,
3547),(3568,3548,3662),(3663,3526,3529),(3537,3666,3529),(3529,3666,3663),
(3669,3661,3555),(3671,3553,3556),(3673,3554,3672),(3555,3675,3669),(3662,
3670,3568),(3525,3676,3359),(3679,3677,3527),(3527,3665,3679),(3556,3680,
3671),(3681,3557,3559),(3682,3671,3680),(3672,3684,3686),(3686,3673,3672),
(3688,3680,3691),(3694,3691,3680),(3680,3696,3682),(3680,3688,3696),(3680,
3698,3701),(3698,3680,3704),(3701,3694,3680),(3707,3705,3681),(3559,3708,
3681),(3681,3708,3707),(3711,84,82),(84,3711,3540),(3359,3676,80),(80,99,
3359),(3712,81,3677),(82,3714,3711),(3361,3365,3495),(3677,3679,3712),(100,
114,3715),(3715,3718,100),(101,3719,3351),(3720,3721,3724),(3726,3721,3720),
(3724,3728,3720),(3720,3729,3726),(3729,3720,2979),(2979,3720,3732),(3720,
3735,3295),(3720,3728,3735),(3295,3738,3720),(3720,3738,3740),(3720,3742,
3744),(3740,3742,3720),(3744,3746,3720),(3732,3720,3746),(3749,3725,3723),
(3752,3722,3727),(3723,3753,3749),(3754,3728,3724),(3755,3725,3749),(3756,
3727,3731),(2979,3758,3729),(3729,3758,3760),(3729,3760,3762),(3762,3764,
3729),(3766,3730,3765),(3731,3768,3756),(3727,3756,3752),(3769,3759,2981),
(2979,3771,3773),(3732,3771,2979),(3773,2982,2979),(3775,2980,2973),(2981,
3777,3769),(3778,3761,3759),(3759,3769,3778),(110,122,3780),(3780,3782,
110),(3715,114,112),(111,3783,3784),(112,3787,3715),(3784,3788,111),(3781,
124,3790),(123,126,3794),(3794,3791,123),(3795,3782,3780),(3797,3796,3781),
(3790,3800,3781),(3781,3800,3797),(3403,3782,3795),(3784,3783,3405),(3795,
3801,3401),(3802,3796,3797),(3401,3403,3795),(3401,3801,888),(3803,889,
3802),(3797,3806,3802),(3802,3806,3803),(3404,3399,3785),(3809,892,890),
(890,3805,3809),(795,893,798),(893,891,798),(799,892,3809),(801,800,3810),
(3809,3811,799),(895,894,797),(797,811,895),(3814,3816,3818),(3820,3817,
3815),(3818,3822,3814),(3822,3824,3814),(3824,3826,3814),(3828,3815,3827),
(3815,3828,3820),(3816,3830,3818),(3830,3816,3832),(3834,3833,3817),(3817,
3820,3834),(3823,3819,3837),(3837,3819,3831),(3825,3823,3838),(3837,3838,
3823),(3840,3826,3824),(3824,3843,3840),(3845,3843,3824),(3845,3824,3848),
(3850,3849,3825),(3825,3838,3850),(3853,3827,3842),(3827,3853,3828),(3854,
3841,3844),(3843,3845,3857),(3857,3859,3843),(3844,3861,3863),(3863,3854,
3844),(3842,3856,3853),(3865,3428,3867),(3865,3431,3428),(3867,3869,3865),
(3866,3871,3873),(3432,3866,3876),(3873,3876,3866),(3868,3430,3877),(3880,
3428,3425),(3878,3429,3881),(3867,3882,3869),(3885,3883,3868),(3877,3889,
3868),(3868,3889,3885),(3425,3890,3880),(3892,3891,3427),(3426,3449,3895),
(3427,3896,3892),(3895,3897,3426),(3890,3832,3880),(3832,3890,3830),(3900,
3831,3891),(3891,3892,3900),(3901,3881,3833),(3881,3901,3878),(3872,3870,
3884),(3831,3900,3837),(3833,3834,3901),(3432,3904,3433),(3876,3904,3432),
(3895,3449,2862),(2852,2875,3905),(3905,3848,2852),(2853,3849,3850),(3908,
2859,2854),(3850,3911,2853),(2854,3912,3908),(3913,3906,2876),(2876,2878,
3913),(3848,3905,3845),(3916,3845,3905),(3905,3918,3920),(3919,3907,3915),
(3920,3916,3905),(3441,2855,2860),(3923,2861,2859),(2862,3925,3895),(3926,
2856,3444),(2857,3929,3450),(3930,3858,3847),(3933,3846,3917),(3847,3934,
3930),(2859,3908,3923),(3447,3927,3443),(3862,3860,3858),(3858,3930,3862),
(3918,3935,3920),(3938,3936,3919),(3919,3942,3938),(3915,3942,3919),(3917,
3922,3943),(3921,3937,3939),(3939,3944,3921),(3917,3947,3933),(3943,3947,
3917),(3948,3950,2577),(3948,3952,3950),(2577,3954,3948),(3956,3952,3948),
(3958,3949,3955),(3948,2180,3956),(2181,3949,3958),(3961,2578,3951),(3963,
3951,3953),(3951,3963,3961),(3966,2576,2579),(2577,2580,3954),(2579,3962,
3966),(2576,3966,2582),(3967,3953,3957),(3953,3967,3963),(3969,3954,2580),
(3969,2580,2830),(1777,2831,2581),(3971,3955,3970),(3955,3971,3958),(2177,
2176,3973),(2175,2170,2173),(2173,3974,2175),(2180,2178,3976),(3977,2179,
3978),(3973,3979,2177),(2180,3981,2183),(3984,3982,2182),(3976,3956,2180),
(3958,3985,2181),(2182,3987,3984),(3988,2183,3981),(3981,3991,3988),(3994,
3992,3982),(3982,3984,3994),(2184,3990,3997),(2184,4001,2185),(3997,4001,
2184),(3991,2116,3988),(3998,3989,2117),(3976,4002,4004),(3976,4006,4002),
(4004,3956,3976),(4009,4007,3977),(3977,4012,4009),(3978,4012,3977),(4014,
4005,4003),(4017,4003,4008),(4003,4017,4014),(4018,3957,4005),(4005,4014,
4018),(3957,4018,3967),(4008,4011,4017),(2116,3991,2113),(2113,3991,4020),
(4020,3991,4023),(4026,4024,3993),(3993,3995,4026),(2117,2119,3998),(4027,
2889,2887),(4027,2887,1622),(4029,2879,2888),(4031,4030,2890),(2889,4027,
4032),(4029,4034,2879),(2885,2880,4035),(1640,1675,4036),(1640,1679,1675),
(4036,4039,1640),(1640,4039,4042),(1681,1680,1642),(4042,1643,1640),(4044,
1641,1646),(1642,4046,1681),(4037,1676,1678),(4039,4036,4047),(4049,4048,
4038),(4038,4051,4049),(1678,4052,4037),(4047,4054,4039),(4054,1799,4039),
(4039,1799,1805),(1805,4057,4039),(4059,4040,4058),(4062,4043,4041),(4041,
4061,4062),(4065,4055,4048),(4048,4049,4065),(1711,1802,1799),(1711,1799,
1694),(1700,1695,1801),(4067,1800,4056),(1801,4069,1700),(4070,1803,1712),
(1798,1804,4072),(1712,1732,4070),(4056,4066,4067),(4073,4057,1805),(1805,
2703,4073),(4076,2704,1806),(1806,1777,4076),(4078,4058,4075),(4058,4078,
4059),(4081,1619,1644),(4082,1623,1618),(1618,4085,4082),(4087,4086,1619),
(1619,4081,4087),(1798,4090,1813),(4072,4090,1798),(1644,4043,4062),(1644,
4093,4081),(4062,4093,1644),(1646,1647,4044),(1622,1627,4027),(4027,1627,
1629),(1629,1632,4094),(4094,4098,1629),(1629,4098,4027),(4099,1634,1625),
(4101,1624,4084),(1625,4104,4099),(4095,1631,1634),(1634,4099,4095),(4105,
4082,4085),(4085,4108,4105),(4109,4086,4087),(4083,4107,4110),(4110,4102,
4083),(4113,4105,4108),(4111,4106,4114),(4108,4115,4113),(4118,4113,4115),
(4114,4119,4111),(4087,4116,4109),(4115,4120,4118),(4121,4117,4089),(2779,
4118,4120),(2779,4120,2777),(4123,2778,4122),(4089,4124,4121),(4111,4119,
2780),(2780,2713,4127),(2780,4127,4111),(4123,2775,2778),(2789,4130,2788),
(4133,4131,2790),(4137,2790,2776),(2790,4137,4133),(4138,2788,4130),(4138,
4130,4140),(4143,4141,4132),(4132,4134,4143),(2788,4138,4144),(2982,2788,
4144),(2788,2982,4147),(2788,4147,2791),(2776,4126,4137),(4140,4149,4138),
(4152,4149,4140),(4140,4154,4152),(4156,4155,4141),(4141,4143,4156),(4158,
4139,4151),(4159,4150,4153),(4158,4145,4139),(4154,4162,4152),(4165,4154,
4167),(4165,4162,4154),(4169,4168,4155),(4155,4156,4169),(4171,4153,4164),
(4153,4171,4159),(2703,2700,4174),(4174,4176,2703),(4176,4178,2703),(2703,
4178,4167),(4167,4181,2703),(2703,4181,4073),(2704,4076,2673),(2700,4183,
4174),(4185,2700,3001),(4185,4183,2700),(4187,3002,2702),(4190,2701,2694),
(2702,4191,4187),(4174,4192,4176),(4175,4184,4194),(4193,4175,4197),(4194,
4197,4175),(3001,2996,4185),(4198,4186,2997),(4194,4184,4186),(4186,4198,
4194),(3002,4187,3003),(4201,4179,4177),(4203,4177,4193),(4177,4203,4201),
(2997,2998,4198),(4167,4178,4165),(4172,4166,4180),(4180,4202,4172),(4163,
4166,4172),(4206,4182,4168),(4168,4169,4206),(2694,2695,4190),(4207,4074,
4182),(4182,4206,4207),(4193,4210,4203),(4197,4210,4193),(4075,4209,4078),
(3292,3291,3318),(3318,4212,3292),(3293,4213,4215),(3295,3292,4216),(4218,
4217,3294),(3294,4220,4218),(4215,4221,3293),(3318,4223,4212),(4224,3320,
3264),(4226,4228,4212),(4215,4213,4229),(4212,4230,4226),(4212,4223,4230),
(4233,3296,3737),(3735,3728,3754),(3754,4235,3735),(3736,4236,4238),(3737,
4239,4233),(4238,4240,3736),(3295,4216,3738),(3297,3295,4242),(4243,3296,
4233),(3739,4217,4218),(3741,3739,4245),(4218,4245,3739),(3745,3743,4248),
(4248,3743,3741),(3747,3745,4249),(4248,4249,3745),(4245,4252,3741),(3741,
4252,4248),(510,4254,4256),(4258,4255,512),(4256,463,510),(4260,510,501),
(511,4261,4263),(4263,4264,511),(512,4266,4258),(4267,4256,4254),(443,4254,
4269),(4272,4254,443),(4254,4275,4267),(4254,4272,4275),(4270,4255,4258),
(464,4257,4277),(4277,4257,4268),(3332,3330,443),(443,4279,3332),(4282,
3333,4281),(3333,4282,3334),(4285,444,3331),(4287,3331,388),(3331,4287,
4285),(443,4269,4279),(443,4289,4272),(443,430,4289),(445,4286,423),(466,
458,465),(465,4291,466),(4277,4292,464),(4295,4268,4276),(4296,4276,4274),
(4276,4296,4295),(4268,4295,4277),(4269,4298,4279),(4301,4299,4271),(4271,
4302,4301),(4258,4303,4270),(4279,4298,4228),(4228,4226,4279),(4280,4227,
4305),(4281,4309,4282),(4305,4310,4280),(405,4313,388),(388,4313,4287),
(4273,4290,4314),(4290,431,433),(433,4314,4290),(4274,4316,4296),(4314,
4317,4273),(4320,4229,4299),(4299,4301,4320),(4229,4320,4215),(4305,4227,
4232),(4306,4231,4225),(4321,2079,4323),(2087,2080,4322),(4323,4326,4321),
(4328,4321,4326),(4331,4322,4330),(4322,4331,2087),(2079,4333,4323),(4020,
2079,4336),(2079,4020,4339),(2082,4336,2079),(4339,4333,2079),(4323,4333,
4341),(4343,4327,4325),(4341,4345,4323),(4347,4324,4346),(4325,4349,4343),
(4020,4350,2113),(4336,4350,4020),(4023,4352,4020),(4354,4021,4353),(4357,
4340,4022),(4022,4356,4357),(2123,2114,4351),(4351,4338,4359),(4351,4363,
2123),(4359,4363,4351),(4337,2083,2085),(2085,4360,4337),(4352,4023,4364),
(4366,4365,4024),(4024,4026,4366),(4364,4368,4352),(4370,4353,4369),(4353,
4370,4354),(4368,4364,4372),(4375,4373,4365),(4365,4366,4375),(4372,4376,
4368),(4369,4377,4378),(4378,4381,4369),(4369,4381,4370),(4382,4334,4340),
(4385,4342,4335),(4335,4384,4385),(4340,4357,4382),(4376,4372,4387),(4390,
4388,4373),(4373,4375,4390),(4326,4391,4328),(4391,4394,4328),(2047,4328,
4394),(2044,4329,2048),(4330,2046,4331),(4396,4392,4327),(4327,4343,4396),
(4387,4399,4376),(4378,4377,4400),(4395,4393,4398),(4394,2028,2047),(2029,
2028,4394),(4401,4394,4403),(4405,4404,4395),(4394,4401,2029),(4395,4398,
4405),(4387,4407,4399),(4410,4408,4388),(4388,4390,4410),(4407,4411,4399),
(4411,4414,4399),(4416,4400,4415),(4400,4416,4378),(4418,4421,4423),(4418,
3461,4421),(4423,4425,4418),(3461,4418,4427),(4429,4341,4418),(4431,4419,
4342),(4418,4434,4429),(4425,4434,4418),(4436,4428,4420),(4420,4433,4436),
(4424,4422,4439),(4439,4422,3463),(4440,4426,4424),(4424,4443,4440),(4439,
4443,4424),(4444,4403,4446),(4444,4448,4403),(4446,3464,4444),(4450,4445,
3465),(4449,4445,4450),(4447,4404,4405),(4403,4448,4401),(4446,4452,3464),
(4453,4447,4454),(4405,4454,4447),(2830,4456,4459),(4461,4456,2830),(4459,
3969,2830),(2830,3461,4411),(4411,4461,2830),(4463,4460,4458),(4466,4457,
4462),(4458,4467,4463),(4468,3970,4460),(4460,4463,4468),(4411,3461,4427),
(4452,3461,3464),(4471,3462,4453),(3463,4472,4439),(4473,4412,4408),(4427,
4414,4411),(4476,4462,4413),(4413,4475,4476),(4341,4429,4345),(4342,4385,
4431),(4479,4346,4430),(4346,4479,4347),(4480,4430,4435),(4483,4435,4426),
(4435,4483,4480),(4430,4480,4479),(4426,4440,4483),(3471,3452,2032),(2032,
4484,3471),(4486,3472,4485),(3472,4486,3473),(4489,2033,3453),(3453,3455,
4489),(2035,4484,2032),(2032,3435,2037),(2034,4490,3418),(4485,2036,4491),
(4491,2036,2031),(3465,3467,4450),(3970,4468,3971),(4408,4410,4473),(4415,
4428,4436),(4491,4494,4485),(4485,4494,4486),(4454,4495,4453),(4453,4495,
4471),(4462,4476,4466),(4415,4498,4416),(4436,4498,4415),(4499,4402,4449),
(4449,4502,4499),(4450,4502,4449),(2030,4402,4499),(4499,4503,2030),(2031,
4505,4491),(2039,2038,3437),(3437,3440,2039),(63,4506,60),(4508,4507,64),
(64,59,1412),(64,4511,4508),(1412,4511,64),(4506,4512,60),(4506,4514,4516),
(4506,96,4514),(4516,4512,4506),(96,4506,93),(4518,94,4507),(4507,4508,
4518),(4521,61,4513),(57,62,4523),(4524,4517,4515),(4527,4515,98),(4515,
4527,4524),(4528,4513,4517),(4517,4524,4528),(4513,4528,4521),(97,79,4530),
(98,4533,4527),(4530,4534,97),(4531,78,57),(57,4537,4531),(4523,4537,57),
(1461,1460,95),(95,4520,1461),(4538,1477,1481),(4542,2715,1478),(1478,4540,
4542),(4544,4546,1482),(4548,4546,4544),(1482,1468,4544),(4544,4550,4548),
(4550,4544,4552),(4545,1470,1501),(4555,4553,4545),(1501,4559,4545),(4545,
4559,4555),(4560,1483,4547),(4547,4549,4563),(4563,4566,4547),(4547,4566,
4560),(4567,1486,1484),(1484,4562,4567),(4550,4569,4548),(4550,4571,4569),
(4574,4572,4551),(4551,4554,4556),(4556,4574,4551),(4563,4549,4570),(1480,
1489,4577),(1481,4580,4538),(4577,4581,1480),(4583,4587,4589),(4591,4586,
4585),(4589,4594,4583),(4596,4584,4595),(4585,4598,4591),(4599,4590,4588),
(4588,4593,4599),(4589,4601,4594),(4602,4590,4599),(4603,4594,4606),(4608,
4595,4605),(4606,1493,4603),(1485,4603,1493),(4611,4604,1486),(4605,4612,
4608),(4594,4601,4606),(4595,4608,4596),(4613,1494,4607),(4616,4607,4602),
(4607,4616,4613),(4578,1488,1492),(4618,1490,1493),(1493,4620,4618),(4622,
4621,1495),(1495,4615,4622),(4625,1491,4619),(1492,4626,4578),(4627,4629,
4632),(4627,4618,4629),(4632,4634,4627),(4637,4618,4627),(4628,4636,4640),
(4627,4643,4637),(4627,4645,4643),(4648,4646,4628),(4628,4640,4648),(4633,
4631,4651),(4620,4629,4618),(4630,4621,4622),(4622,4652,4630),(4635,4633,
4655),(4651,4655,4633),(4656,4618,4637),(4659,4618,4656),(4619,4660,4661),
(4661,4625,4619),(4599,4664,4602),(4602,4664,4616),(1486,4567,4611),(4665,
4570,4573),(4570,4665,4563),(4573,4575,4665),(4668,2718,2716),(2716,4543,
4668),(4655,4641,4635),(4669,4671,4673),(4672,4670,4675),(4673,4677,4669),
(4677,4679,4669),(4681,4669,4679),(4670,4682,4683),(4683,4675,4670),(4686,
4673,4671),(4671,4688,4686),(4675,4689,4672),(4690,4678,4674),(4674,4687,
4693),(4693,4690,4674),(4680,4678,4690),(4679,4694,4681),(4681,4694,4696),
(4696,4698,4681),(4682,4699,4683),(4700,4695,4680),(4680,4690,4700),(4697,
4695,4700),(4698,4696,4703),(4700,4705,4697),(4706,4708,4710),(4706,4713,
4708),(4710,4703,4706),(4716,4706,4703),(4718,4706,4716),(4721,4714,4707),
(4707,4720,4724),(4707,4724,4721),(4684,4711,4709),(4728,4709,4715),(4709,
4728,4684),(4703,4710,4698),(4699,4712,4683),(4703,4729,4716),(4731,4729,
4703),(4703,4733,4731),(4735,4734,4704),(4704,4702,4735),(4717,4730,4738),
(4738,4730,4732),(4725,4719,4717),(4738,4725,4717),(528,4731,4733),(4732,
529,530),(4732,530,4738),(4715,4723,4728),(4733,532,528),(533,4734,4735),
(536,534,4739),(4735,4740,533),(4742,537,535),(4743,536,4739),(4744,4686,
4688),(4687,4745,4746),(4746,4693,4687),(1207,4748,1209),(1207,4750,4748),
(4753,4751,1208),(1208,1216,4753),(1210,4749,4756),(4750,4758,4748),(4756,
4749,4760),(4756,1212,1210),(4761,4764,4766),(4761,4768,4764),(4766,4771,
4761),(4769,4763,4773),(4774,4762,4772),(4777,4767,4765),(4778,4765,4770),
(4765,4778,4777),(4766,4780,4771),(4783,4781,4767),(4767,4777,4783),(4784,
4750,4786),(4750,4784,4758),(4786,4788,4784),(4758,4784,4771),(4790,4772,
4785),(4792,1181,4784),(4784,4788,4792),(4794,4785,1182),(4785,4794,4790),
(4750,3691,4786),(3691,4750,4796),(4797,4752,4755),(4798,4787,3693),(4801,
4789,4787),(4787,4798,4801),(4771,4780,4758),(4759,4781,4783),(4783,4802,
4759),(4760,4804,4756),(4773,4805,4769),(4770,4807,4778),(3691,4796,3688),
(3692,3695,4808),(3693,4810,4798),(4808,4811,3692),(4772,4790,4774),(4792,
1156,1155),(4814,1157,4793),(1155,1181,4792),(4817,4793,4789),(4793,4817,
4814),(4819,1148,1156),(1156,4821,4819),(4822,1158,4816),(1182,1184,4794),
(4789,4801,4817),(1149,4820,4825),(4829,4819,4821),(4825,4820,4830),(4828,
1160,1150),(4821,4831,4829),(4832,4831,4821),(4834,4833,4824),(4815,4835,
4823),(4829,4831,4837),(4837,4831,4832),(4825,4830,4839),(4832,4840,4837),
(4838,4841,4842),(4842,4826,4838),(4840,4832,3701),(4846,3702,4833),(4833,
4834,4846),(3685,3683,3697),(4848,3697,3690),(3697,4848,3685),(3689,4797,
4851),(4755,4851,4797),(4851,4852,3689),(3690,4854,4848),(3701,3698,4840),
(1084,4855,3698),(3698,3704,1084),(3699,4856,4857),(4841,3700,4842),(4857,
4843,3699),(4808,3695,3703),(3703,4847,4808),(1084,1081,4855),(1085,3705,
3707),(3707,1086,1085),(4857,4856,1083),(1122,1082,1080),(1083,1125,4857),
(4859,4861,4863),(4865,4862,4860),(4863,4867,4859),(4871,4873,4859),(4876,
4860,4875),(4859,4867,4871),(4860,4876,4865),(4861,4878,4863),(4861,4880,
4878),(4880,4861,2646),(4883,2647,4862),(4862,4865,4883),(4886,4864,4879),
(4889,4868,4864),(4864,4886,4889),(4879,4882,4891),(4879,4895,4886),(4891,
4895,4879),(4896,4898,4900),(2650,4898,4896),(4900,3302,4896),(4896,4903,
2650),(4904,4897,4905),(3302,4907,4896),(4905,4897,4908),(4909,4901,4899),
(4912,4899,2651),(4899,4912,4909),(4900,4914,3302),(4917,4915,4902),(4902,
4911,4917),(4873,4918,4920),(4873,4922,4918),(4920,4924,4873),(4873,4871,
4922),(4914,4873,4924),(4927,4874,4915),(4875,4929,4876),(4930,4921,4919),
(4933,4919,4923),(4919,4933,4930),(4934,4925,4921),(4921,4930,4934),(4937,
4923,4872),(4870,4869,4890),(4872,4939,4937),(4890,4940,4870),(2646,4942,
4880),(4892,4881,4944),(4903,4945,2650),(4948,4946,4904),(4904,4952,4948),
(4905,4952,4904),(2649,2648,4885),(2650,4945,2652),(2651,4953,4912),(4885,
4954,2649),(4956,4907,3302),(4924,3302,4914),(3303,4926,4936),(3304,4958,
3302),(4958,4956,3302),(4936,2605,3303),(4923,4937,4933),(2646,2654,4942),
(4960,4943,2656),(4944,4962,4892),(4963,39,37),(4966,36,2653),(37,4967,
4963),(4968,41,39),(39,4963,4968),(4971,2653,4947),(4947,4949,4971),(2653,
4971,4966),(4972,4908,4957),(4908,4972,4905),(28,40,3764),(4974,3764,40),
(4976,4974,40),(40,4978,4976),(4981,4979,41),(41,4968,4981),(4982,2655,
2638),(2656,4984,4960),(4915,4917,4927),(4985,2637,2678),(2638,4987,4982),
(4988,2683,2681),(2681,2675,4988),(2685,2683,4988),(4991,3763,3761),(3761,
3778,4991),(3762,28,3764),(4992,29,3763),(3763,4991,4992),(4995,2677,2685),
(2678,4997,4985),(2685,4998,4995),(4988,4998,2685),(5001,34,30),(30,4994,
5001),(34,5001,2970),(3765,4975,5002),(3765,5002,3766),(5002,4975,4977),
(3304,5004,4976),(4976,4978,3304),(5006,4977,5005),(4977,5006,5002),(3300,
5008,3307),(3307,5010,3310),(5011,3309,5013),(5014,3308,5009),(5008,3300,
3297),(5017,3298,3301),(3301,3313,5017),(3304,5019,5004),(5022,3305,4979),
(5025,4959,3306),(3310,5019,3304),(3306,5024,5025),(5028,5005,5021),(5005,
5028,5006),(4979,4981,5022),(5010,5029,5031),(5029,5010,4235),(5031,3310,
5010),(4238,4236,5012),(5012,5033,4238),(5013,5034,5011),(5037,5032,5030),
(4235,5038,5029),(5040,5030,5039),(5030,5040,5037),(3311,5032,5037),(3754,
5038,4235),(5043,5039,3755),(5039,5043,5040),(3755,3749,5043),(3297,5044,
5008),(5009,5045,5046),(5046,5049,5009),(5009,5049,5014),(3297,4242,5044),
(3285,3283,3299),(3299,5018,3285),(5046,5045,4244),(5050,4957,4959),(4959,
5025,5050),(5020,3312,5052),(5021,5055,5028),(5052,5056,5020),(5037,5053,
3311),(4244,5058,5046),(4233,5059,4243),(4957,5050,4972),(700,5061,690),
(5064,5062,701),(701,702,5064),(4688,690,4744),(691,4689,4675),(690,5065,
4744),(5065,690,5067),(736,5067,690),(690,5061,736),(4675,5070,691),(692,
5072,688),(4746,4745,5066),(5067,5073,5065),(5075,5073,5067),(5067,5078,
5075),(5078,5067,784),(739,5067,736),(5068,740,745),(5081,785,5069),(5069,
5083,5081),(745,5084,5068),(5087,5066,5074),(5088,5074,5077),(5074,5088,
5087),(5066,5087,4746),(5075,5078,5090),(5092,5091,5080),(784,782,5078),
(5095,5079,783),(5080,5097,5092),(5090,5098,5075),(5100,5076,5099),(5077,
5102,5088),(745,740,735),(742,737,5062),(5062,5064,742),(5103,5098,5090),
(5090,5106,5103),(5107,5091,5092),(5110,5099,5105),(5099,5110,5100),(4742,
5103,5106),(5106,127,4742),(5113,128,5109),(5094,5114,5108),(5104,4743,
4739),(4739,5111,5104),(127,537,4742),(5117,136,129),(129,5116,5117),(138,
136,5117),(5119,5121,5123),(5119,5125,5121),(5123,5127,5119),(5126,5120,
5129),(5129,5120,5128),(5132,5124,5122),(5133,5121,5125),(5135,5122,5134),
(5122,5135,5132),(5127,5123,779),(5138,780,5124),(5124,5132,5138),(5125,
119,5133),(5140,120,5126),(5126,5143,5140),(5129,5143,5126),(119,141,5133),
(3794,126,121),(121,5142,3794),(5146,5134,142),(5134,5146,5135),(779,802,
5127),(5147,5128,804),(5128,5147,5129),(5151,140,139),(142,5152,5146),(5117,
5153,138),(139,5155,5151),(5156,783,781),(783,5156,5095),(785,5081,786),
(781,5139,5156),(803,3813,5148),(5158,5160,5162),(5161,5159,2923),(5162,
5164,5158),(2921,5158,5164),(5159,2922,2923),(5166,5162,5160),(5166,5160,
5168),(5170,5169,5161),(2923,5170,5161),(5165,5163,5173),(5163,5167,5173),
(2946,2920,5174),(2921,5164,2918),(5175,2919,5165),(2947,2945,5177),(5178,
2946,5179),(5174,5179,2946),(5181,2947,5177),(5183,2948,5182),(5177,5186,
5181),(5188,5181,5186),(5182,5189,5183),(2949,5185,2930),(5187,5178,5190),
(5179,5190,5178),(5173,5175,5165),(5186,5192,5188),(5193,5187,5190),(5195,
5188,5197),(5189,5196,5200),(5202,5197,5188),(5205,5188,5192),(5188,5205,
5202),(5200,5183,5189),(4637,5208,5210),(4637,5213,5208),(5210,5216,4637),
(5213,4637,5218),(5221,5218,4637),(5216,4656,4637),(5223,4638,4644),(5226,
4637,1570),(1570,4637,5229),(4637,5226,5221),(5232,5230,4639),(4639,5225,
5232),(5233,5211,5209),(5236,5209,5215),(5209,5236,5233),(5238,5216,5210),
(5210,5241,5244),(5241,5210,5246),(5244,5248,5210),(5250,5247,5212),(5248,
5238,5210),(5212,5235,5250),(5252,5213,5218),(5214,5253,5255),(5218,5256,
5252),(5258,5252,5195),(5252,5256,5195),(5255,5253,5260),(5255,5261,5214),
(5215,5263,5236),(5264,5257,5220),(5219,5222,5267),(5220,5268,5264),(5267,
5269,5219),(5195,5197,5258),(5200,5196,5257),(5259,5199,5271),(5198,5204,
5274),(5274,5272,5198),(5260,5277,5255),(5271,5278,5259),(5166,5168,5280),
(5280,5282,5166),(5173,5167,5283),(5284,5281,5169),(5169,5170,5284),(5280,
2729,5282),(5287,2730,5281),(5281,5284,5287),(4657,5217,5289),(5289,5217,
5240),(5257,5264,5200),(4656,5291,4659),(4656,5293,5291),(5295,4656,5298),
(4656,5295,5293),(5301,5299,4658),(4658,5302,5301),(5289,5303,4657),(2719,
5305,4034),(2719,5307,5305),(4034,4029,2719),(5309,2723,2721),(2719,2724,
5307),(5312,2720,4030),(2721,5313,5309),(4035,5306,5314),(5306,5308,5317),
(5317,5314,5306),(4035,5314,2885),(2729,5318,5282),(5283,5319,5320),(5320,
5323,5283),(5283,5323,5173),(5324,5245,5243),(5246,5326,5241),(5328,5202,
5241),(5241,5202,5295),(5326,5330,5241),(5241,5332,5328),(5330,5332,5241),
(5295,5298,5241),(5334,5242,5299),(5243,5336,5324),(5249,5245,5324),(5337,
4644,4647),(4644,5337,5223),(5340,5327,5247),(5247,5250,5340),(4128,2712,
2723),(2723,5309,4128),(5317,5308,2726),(2725,2728,5341),(5341,2728,2731),
(2726,5343,5317),(5341,5344,2725),(2729,2732,5318),(2731,5288,5341),(5205,
5192,5346),(5346,5348,5205),(5350,5206,5349),(5202,5205,5353),(5355,5354,
5207),(5207,5352,5355),(5357,5347,5194),(5190,5358,5193),(5348,5346,2738),
(5361,2739,5347),(5347,5357,5361),(2738,2735,5348),(5363,2742,2740),(2740,
5362,5363),(5366,5349,2737),(5367,2736,2744),(2737,5369,5366),(5349,5366,
5350),(5370,2744,2747),(2744,5370,5367),(2745,2717,5372),(5375,5373,2718),
(2718,4668,5375),(5376,2745,5202),(5202,2745,5295),(5378,2746,5377),(5381,
5295,2745),(2745,5372,5381),(2747,5380,5370),(5383,5239,5249),(5324,5386,
5249),(5249,5386,5383),(4647,4649,5337),(5202,5388,5376),(5353,5388,5202),
(5203,5329,5390),(5390,5276,5203),(5393,5377,5389),(5394,5389,5354),(5389,
5394,5393),(5377,5393,5378),(5354,5355,5394),(5397,5331,5327),(5327,5340,
5397),(5320,5319,2734),(5398,2733,2742),(2742,5363,5398),(4661,4660,5292),
(5401,5292,5294),(5292,5401,4661),(5240,5385,5289),(1570,5403,5226),(5405,
5403,1570),(1570,5407,5405),(5410,5408,1572),(5229,1567,1570),(1572,1557,
5410),(5227,5404,5414),(5414,5404,5406),(5267,5222,5228),(5228,5415,5267),
(5414,5416,5227),(5406,5409,5411),(5411,5419,5406),(5406,5419,5414),(5329,
5333,5420),(5333,5331,5397),(5397,5420,5333),(5420,5390,5329),(5423,5296,
5382),(5425,5294,5297),(5297,5424,5425),(5299,5301,5334),(2734,5400,5320),
(5428,5382,5373),(5373,5375,5428),(5382,5428,5423),(5294,5425,5401),(1577,
1568,5230),(5230,5232,1577),(4030,4031,5312),(3774,3772,5429),(3772,3734,
5431),(5431,5429,3772),(2983,3774,5435),(5429,5435,3774),(5436,3732,3746),
(5432,3733,5437),(2973,2975,3775),(3746,5438,5436),(5436,5438,5441),(5443,
5436,5445),(5436,5441,5445),(5447,5437,5444),(5437,5447,5432),(5450,5439,
3748),(4251,5450,3748),(4144,2984,2982),(5452,4148,2983),(5435,5455,2983),
(2983,5455,5452),(5442,5440,5451),(5456,2985,4146),(2977,2985,5456),(4146,
4161,5456),(5456,2987,2977),(5459,2792,4148),(4148,5452,5459),(5460,2794,
2792),(2792,5459,5460),(5463,2805,2787),(5464,2787,2794),(2787,5464,5463),
(5467,2769,2805),(2805,5463,5467),(2794,5460,5464),(2806,2767,2765),(2765,
2761,2806),(5468,516,2769),(2769,5467,5468),(515,506,504),(502,507,5471),
(5471,507,517),(501,5473,4260),(5476,5474,503),(503,5477,5476),(5471,5478,
502),(517,5470,5471),(5480,4260,5473),(5473,5443,5480),(5482,5444,5474),
(5474,5476,5482),(4263,4261,5481),(5445,5480,5443),(5485,5481,5446),(5451,
5446,5442),(5446,5451,5485),(5481,5485,4263),(5444,5482,5447),(3264,4307,
4224),(3884,3886,3872),(2557,2590,2587),(2306,2290,2275),(5486,2295,2293),
(2293,2288,5486),(2296,5488,2297),(2343,2359,2341),(2360,2344,2361),(2136,
2135,2152),(2152,2140,2136),(2000,1982,1996),(1996,2002,2000),(1838,1821,
1848),(1673,1661,1659),(5489,1519,1513),(1513,1524,5489),(1520,5491,1521),
(1302,1304,1295),(1255,1261,1264),(1264,1256,1255),(1179,1191,5492),(5495,
1180,5494),(1180,5495,1185),(5493,1193,1195),(1195,5498,5493),(5494,5499,
5495),(1114,1112,1106),(1106,1104,1114),(5500,3652,3656),(3653,5502,3635),
(3656,3658,5500),(839,845,840),(766,757,775),(766,775,791),(699,682,676),
(682,5503,670),(671,5505,672),(638,640,642),(548,561,552),(436,442,437),
(371,376,366),(323,325,331),(172,186,178),(178,173,172),(3710,3667,3538),
(3538,3539,3710),(3664,3667,3710),(3710,3713,3678),(3710,3678,3664),(2291,
2305,2313),(2291,2313,2336),(2336,2362,2291),(2291,2362,2342),(2342,2287,
2291),(2539,2288,2343),(2343,2337,2539),(5486,2288,2539),(1860,1863,5506),
(5506,1863,1849),(5506,5508,1860),(1861,5510,5511),(5511,1873,1861),(1849,
5514,5506),(5517,5515,1848),(5520,1848,1821),(1848,5520,5517),(5507,5516,
5523),(5527,5509,5507),(5523,5529,5507),(5507,5529,5527),(5531,5524,5515),
(5535,5515,5517),(5515,5535,5531),(5537,5510,5528),(5511,5510,5537),(5530,
5525,5540),(5525,5533,5540),(5526,5530,5542),(5542,5544,5526),(5528,5546,
5537),(5540,5547,5530),(5547,5542,5530),(5036,5007,5027),(5036,5027,5057),
(5003,5007,5041),(5007,5036,5041),(5057,5054,5036),(5041,5042,5003),(5003,
5042,3750),(3750,3767,5003),(3750,3751,3757),(3757,3767,3750),(4887,4932,
4938),(4938,4941,4888),(4888,4887,4938),(4887,4931,4932),(4931,4887,4894),
(4931,4894,4893),(4893,4961,4931),(4961,4983,4986),(4935,4931,4961),(2674,
4935,4961),(4961,4986,4996),(4996,4999,4961),(4999,4989,4961),(4961,4989,
2674),(2605,4936,2673),(2673,4076,2605),(5549,4077,1778),(5552,1777,2589),
(1778,5553,5554),(5554,5556,1778),(1778,5556,5549),(5559,2606,4077),(4077,
3980,3975),(3975,5562,4077),(4013,3980,4077),(4077,5549,4013),(4077,3198,
3197),(4077,3197,5559),(3198,4077,5563),(5564,4077,5562),(4077,5565,5563),
(4077,5566,5565),(4077,5567,5566),(5564,5567,4077),(2617,2605,5569),(5570,
5568,2606),(2606,5559,5573),(2606,5573,5570),(2589,5576,5552),(5579,5581,
5552),(5552,5576,5579),(5554,5553,5583),(2519,5577,2591),(2591,2556,2519),
(5582,5580,5584),(5585,5578,2584),(5578,5577,2519),(2519,2542,5578),(2542,
2584,5578),(5584,5586,5582),(5583,5587,2478),(5583,2478,5554),(5586,5584,
2533),(2584,2534,5585),(2533,2539,5586),(5587,2540,2479),(2479,2478,5587),
(5588,5591,2540),(2540,5593,5588),(2540,5591,2479),(2234,2224,2539),(2539,
2224,5595),(2539,2337,2366),(2366,2371,2539),(2539,2371,2234),(2539,2536,
5486),(5594,2539,5598),(5595,5601,2539),(2539,5601,5605),(2539,5605,5607),
(5607,5611,2539),(5611,5613,2539),(2539,5613,5617),(5617,5598,2539),(2556,
2520,2519),(4663,4600,4654),(4600,4592,4642),(4642,4654,4600),(4654,4653,
4663),(4663,4653,4623),(4617,4663,4623),(4640,4591,5619),(5619,4591,4598),
(5619,4648,4640),(4623,4614,4617),(1350,1331,5622),(1331,1314,5624),(5624,
5622,1331),(5622,5627,1350),(1394,1348,5629),(1345,1348,1394),(5625,1313,
5630),(5630,1313,1326),(5623,5626,5633),(5636,5634,5625),(5625,5639,5636),
(5639,5625,5642),(5630,5642,5625),(5645,5628,5623),(5633,5648,5623),(5623,
5648,5645),(5629,5647,5651),(5651,5653,5629),(5629,5656,1394),(5656,5629,
5653),(5649,5635,5637),(5646,5649,5659),(5659,5650,5646),(5637,5659,5649),
(5662,5660,5638),(5638,5641,5662),(5652,5660,5662),(5662,5654,5652),(1790,
1808,1758),(1808,1811,1758),(1758,1791,1790),(1791,1758,1744),(1744,5663,
1791),(5521,5664,1743),(5521,1743,1751),(5663,1822,1791),(1821,5665,5520),
(3792,3793,5130),(3793,5141,5144),(5144,5130,3793),(5149,3799,3792),(3792,
5130,5149),(5149,3812,3798),(3798,3799,5149),(3812,3808,3798),(3807,3798,
3808),(3808,3804,3807),(2583,3965,3968),(3965,3960,3964),(3964,3968,3965),
(3968,4019,2583),(2559,2583,4019),(4019,2560,2559),(4019,2507,2560),(4019,
4015,2510),(2510,2507,4019),(2510,4016,4010),(2510,4015,4016),(4010,5666,
2510),(2510,5670,5672),(5666,5670,2510),(5672,2516,2510),(2516,2500,2510),
(5551,5667,4009),(4009,4012,5551),(5673,5671,5557),(5669,5668,5550),(5550,
5558,5669),(5672,2574,2516),(2572,5673,5555),(5557,5555,5673),(5555,2477,
2572),(5674,3974,2173),(3975,5675,5562),(5676,5679,5681),(2449,5678,5677),
(5681,5674,5676),(2173,5676,5674),(5677,2172,2166),(2403,5677,2166),(5677,
2403,2391),(5677,2391,2449),(5684,5682,5680),(5680,5687,5684),(2457,5688,
5678),(5678,2449,2457),(5562,5683,5685),(5675,5683,5562),(5589,5686,5689),
(5689,5691,5589),(2457,5690,5688),(5685,5588,5593),(5685,5593,5562),(5592,
5590,5692),(5692,5693,5592),(2483,5694,5690),(5690,2457,2483),(5592,5693,
2473),(2486,2474,5694),(5694,2483,2486),(2473,2481,5592),(2166,2147,2403),
(2147,2132,2403),(2132,2141,2403),(2206,2401,2140),(2140,2152,2206),(5047,
5060,4234),(4234,4241,5047),(5047,4241,4237),(4237,5048,5047),(5048,4237,
5035),(5035,5015,5048),(5695,1196,1190),(1190,1170,5697),(5697,5699,1190),
(1190,5699,5695),(5701,5498,1195),(5695,5704,1196),(5701,1195,5706),(5697,
1170,1173),(1173,1169,5707),(5707,5697,1173),(1167,1145,5710),(5710,5708,
1167),(930,3709,3558),(3558,950,930),(930,3706,3709),(930,936,1068),(1068,
1087,930),(930,1087,3706),(936,968,1068),(969,935,5710),(5710,935,931),
(5710,964,969),(1057,1022,1025),(1057,1025,1048),(1048,1053,1057),(1053,
1052,1057),(1019,1039,1057),(1057,1052,1019),(1037,1018,5710),(5710,1043,
1037),(5710,1018,1004),(5254,5339,5251),(5251,5234,5237),(5251,5262,5254),
(5237,5262,5251),(5396,5339,5254),(5254,5391,5421),(5391,5254,5279),(5421,
5396,5254),(5279,5275,5391),(5279,5273,5275),(5712,2247,2244),(5714,2244,
2423),(5717,2244,5714),(2244,5719,5712),(5717,5719,2244),(5596,2232,2247),
(2247,5712,5596),(2423,2419,5714),(2419,2418,5714),(2416,2211,5721),(5721,
5715,2416),(5596,2223,2232),(3032,208,343),(343,346,3019),(3019,3032,343),
(3032,182,208),(3019,3023,3032),(182,3032,154),(3105,3061,177),(177,182,
3105),(154,3105,182),(3105,154,3094),(3094,3102,3105),(3061,3064,177),(3064,
3060,177),(178,3058,3081),(3081,173,178),(3899,3893,3894),(3893,3898,3894),
(3894,3836,3899),(3894,3839,3836),(3851,3839,3894),(3894,3924,3851),(3851,
3924,3909),(3909,3910,3851),(4464,4465,4477),(4477,4474,4464),(4474,4409,
4464),(4409,4389,4464),(4389,4469,4464),(3959,4025,3996),(3959,4367,4025),
(3996,3983,3959),(3983,3986,3959),(4367,3959,3972),(3972,4374,4367),(4374,
3972,4469),(4469,4389,4374),(2339,2314,2324),(2314,2327,2324),(2324,2367,
2339),(1605,1683,1682),(1682,4045,1648),(1682,1614,1605),(1682,1648,1614),
(1683,1605,1606),(1606,1674,1683),(1606,1600,1674),(1663,1674,1600),(1600,
1589,1663),(5521,1662,1590),(1664,1662,5521),(1590,1598,5521),(5496,4795,
1183),(1183,1186,5496),(5496,4791,4795),(5497,4775,4791),(4791,5496,5497),
(4773,5498,5701),(5701,4805,4773),(1991,2041,2040),(2040,3439,1964),(1964,
1991,2040),(1995,1991,1953),(1953,1952,1995),(1952,1959,1995),(1996,1958,
1948),(2002,1996,5725),(1948,5725,1996),(1991,1964,1953),(1701,4068,4064),
(4064,4050,1701),(4050,4053,1677),(1677,1701,4050),(1677,1671,1701),(1701,
1671,1657),(1657,1698,1701),(1657,1665,1698),(5521,1699,1664),(1720,1699,
5521),(4097,4096,4100),(4100,4103,4028),(4100,4028,4097),(4028,4103,4112),
(4112,4033,4028),(4033,4112,4129),(4129,5310,4033),(5310,5311,4033),(631,
634,614),(631,614,608),(641,608,607),(608,641,631),(607,596,641),(596,599,
641),(599,595,641),(5727,640,594),(5727,642,640),(594,580,5727),(5729,2158,
2165),(2165,2186,5729),(5729,2148,2158),(2121,2186,4000),(5729,2186,2106),
(2121,2106,2186),(4000,3999,2118),(2118,2121,4000),(5729,2151,2148),(2106,
2110,5729),(2152,5731,5733),(5732,5730,2109),(5733,2206,2152),(2109,2103,
5732),(5735,2208,5734),(2200,2207,5737),(5739,5736,2208),(2208,5735,5739),
(5732,2103,2067),(2067,2010,5732),(5734,2009,5565),(5565,5566,5734),(5734,
5566,5735),(5200,5410,1557),(1557,5183,5200),(5184,1556,5740),(1555,1558,
5741),(5741,5519,1555),(1556,5518,5744),(5744,5740,1556),(5412,5201,5265),
(5418,5412,5265),(2959,2930,5185),(5185,5521,2959),(5563,5522,5184),(5184,
5745,5563),(5740,5745,5184),(5265,5266,5417),(5265,5270,5266),(5417,5413,
5265),(5413,5418,5265),(5737,5746,2200),(2201,5748,5749),(5749,2213,2201),
(5751,5747,5738),(5755,5738,2008),(2009,5736,5739),(5738,5755,5757),(5738,
5761,5751),(5757,5761,5738),(5763,5749,5748),(5748,5753,5763),(5765,2210,
2213),(2213,5749,5765),(2211,5767,5768),(5768,5721,2211),(1409,1395,5620),
(5621,1396,5771),(1396,5658,5744),(1394,1405,1345),(5744,5771,1396),(5620,
5772,1409),(1411,1410,5774),(1429,5773,5619),(5619,1446,1429),(4556,1446,
5619),(5619,4574,4556),(4648,5619,5775),(5740,5776,5621),(4598,4574,5619),
(5621,5778,5740),(5771,5778,5621),(4509,4510,5774),(5774,1463,4509),(5774,
4510,1411),(5774,1428,1463),(5774,1431,1428),(4509,1463,1462),(1462,4519,
4509),(425,422,373),(422,4284,4288),(422,406,384),(422,4312,406),(384,378,
422),(378,373,422),(4288,4312,422),(373,368,425),(368,421,425),(368,441,
421),(442,366,3081),(3081,366,376),(3081,437,442),(974,998,981),(981,971,
974),(998,974,965),(965,997,998),(965,1005,997),(1004,964,5710),(2098,2124,
4362),(2098,4362,4361),(4361,2084,2098),(2098,2078,2070),(2084,2078,2098),
(2070,2105,2098),(2070,2066,2105),(2010,2067,2059),(2059,2022,2010),(2008,
2005,5755),(5739,5565,2009),(2020,2021,2058),(2058,2065,2020),(2065,2088,
4332),(2065,4332,2045),(2045,2020,2065),(569,659,4676),(4676,659,694),(4685,
558,569),(569,4676,4685),(694,689,4676),(4727,4722,554),(554,558,4727),
(558,4685,4727),(5727,552,4721),(4721,4724,5727),(550,552,5727),(689,5071,
4676),(4079,4080,4092),(4092,4063,4079),(4080,4205,4170),(4208,4205,4080),
(4170,4088,4080),(4080,4079,4208),(4063,4060,4079),(4170,4157,4088),(4136,
4088,4142),(4136,4125,4088),(4142,4135,4136),(4088,4157,4142),(2252,2380,
2379),(2379,2426,2252),(2350,2380,2252),(2238,2347,2350),(2238,2356,2347),
(2350,2252,2238),(2370,2356,2238),(2238,2237,2370),(2237,2233,2370),(290,
294,293),(293,329,290),(329,231,326),(326,290,329),(231,219,326),(219,226,
326),(325,225,3081),(3081,225,313),(3081,331,325),(2941,2942,2925),(2925,
2932,2960),(2960,2941,2925),(2953,2959,5521),(4383,4380,4379),(4386,4379,
4417),(4379,4386,4383),(4383,4358,4380),(4371,4380,4358),(4417,4432,4386),
(4417,4497,4437),(4437,4432,4417),(4358,4355,4371),(4253,4246,4219),(4219,
4222,4214),(4219,4250,4247),(4250,4219,4214),(4247,4253,4219),(4262,4300,
4304),(4300,4262,5484),(4304,4259,4262),(4259,4265,4262),(5484,4319,4300),
(4214,5449,4250),(4319,5484,5449),(5449,4214,4319),(2967,2964,2906),(2967,
2906,2911),(2911,2907,2967),(2907,2961,2967),(1599,2967,2961),(2961,2954,
1599),(5521,1598,2953),(1751,1720,5521),(5744,5518,5522),(5522,5563,5744),
(1726,1722,1753),(1753,1749,1730),(1730,1723,1753),(1753,1727,1726),(1723,
1727,1753),(1731,1730,1749),(1731,1749,1812),(1812,4091,1731),(4091,4071,
1731),(4481,4482,4496),(4496,4482,4441),(4478,4481,4455),(4496,4455,4481),
(4441,4442,4496),(4478,4406,4397),(4455,4406,4478),(4397,4344,4478),(4344,
4348,4478),(4470,4496,4442),(4442,4438,4470),(4536,4525,4526),(4526,4535,
4532),(4532,4536,4526),(4529,4525,4536),(4536,4522,4529),(5427,5402,5426),
(5426,5422,5427),(4662,5402,5427),(5427,5374,4662),(5374,4667,4624),(4624,
4662,5374),(4624,4667,4541),(4541,4539,4624),(4624,4539,4582),(4582,4579,
4624),(683,698,695),(695,648,683),(648,630,683),(630,643,5504),(5504,683,
630),(5505,642,5727),(5727,672,5505),(4691,4741,4736),(4736,4701,4691),
(4741,4691,4692),(4692,5112,4741),(4692,4747,5112),(5112,4747,5086),(5086,
5089,5112),(5089,5101,5112),(4800,4799,4836),(4799,4812,4809),(4799,4809,
4845),(4845,4836,4799),(4836,4818,4800),(4836,4813,4818),(733,743,5063),
(5063,703,733),(703,668,733),(668,673,718),(718,733,668),(5727,719,672),
(719,5727,712),(3649,3624,3630),(3624,3621,3630),(3630,3614,3649),(5501,
937,943),(5501,933,937),(943,3636,5501),(931,5500,5710),(5710,5500,3658),
(3636,943,942),(942,3637,3636),(3637,942,3648),(3648,3630,3637),(3648,3570,
3630),(3613,3614,3630),(3630,3571,3613),(3630,3570,3571),(3079,3078,3142),
(3142,3138,5779),(3142,3069,3079),(5781,3069,3142),(3142,5779,5781),(5783,
5780,3139),(3139,5569,5783),(5569,3139,3132),(3070,5782,5786),(5786,3081,
3070),(5786,5782,5780),(5780,5783,5786),(3148,3082,5785),(5785,5784,3149),
(5785,3149,3148),(3082,3162,3114),(3114,5728,3082),(3148,3162,3082),(376,
331,3081),(437,3081,5727),(313,267,3081),(267,278,3081),(278,173,3081),
(5784,5568,5570),(5570,3149,5784),(3132,5787,5569),(5569,5787,2617),(5788,
3131,5789),(5789,3131,3137),(2618,5788,5789),(5789,2624,2618),(2621,2624,
5789),(5789,5793,2621),(5792,5791,5571),(3137,3143,5789),(5572,5790,3144),
(2604,2621,5793),(5793,5795,2604),(5796,5794,5574),(5571,5575,5792),(5795,
3206,2604),(3207,5797,5560),(5574,5561,5796),(3144,3150,5572),(5560,3196,
3207),(3159,3218,5745),(3189,3199,3217),(3218,3198,5563),(3217,3222,3189),
(5563,5745,3218),(3153,3159,5745),(3111,3153,5740),(5745,5740,3153),(3114,
3111,5728),(5740,5728,3111),(3201,3190,3224),(3201,3224,3229),(3229,3225,
3201),(4980,4973,5051),(5051,5026,4980),(4973,4980,4969),(4906,4973,4969),
(5026,5023,4980),(4964,4970,4950),(4964,4965,4970),(4950,4951,4964),(4969,
4964,4906),(4951,4906,4964),(2563,2564,2568),(2568,2458,2563),(2298,2563,
2458),(2458,2445,2298),(2284,2407,2404),(2432,2407,2284),(2404,2376,2284),
(2284,2263,2432),(2404,2410,2376),(2563,2298,5487),(2272,2298,2445),(5487,
2538,2563),(2446,2432,2263),(2263,2272,2446),(2445,2446,2272),(5754,2007,
1998),(5798,1998,2004),(1998,5798,5754),(2004,5800,5798),(5802,5800,2004),
(2004,5804,5802),(5725,5805,2002),(1940,1970,3420),(1940,3420,3434),(3434,
3903,1940),(1940,3903,3875),(3875,1941,1940),(3875,3874,1941),(1949,1943,
3872),(3872,3886,1949),(4492,4504,4500),(4500,4501,4492),(4501,4451,4492),
(4451,4493,4492),(4493,4451,3466),(3466,4487,4493),(4487,3466,3470),(3470,
3459,4487),(3459,3474,4487),(3416,3419,3454),(3419,4488,3454),(3454,3446,
3416),(3446,3454,3458),(3458,3451,3446),(3451,3928,3446),(3349,3497,3496),
(3496,3364,3349),(3493,3497,3349),(3641,3369,3393),(3369,3641,3640),(3393,
3659,3641),(3640,3349,3369),(3393,3388,3659),(3640,3644,3349),(3349,3644,
3513),(3513,3493,3349),(5710,3658,3387),(3387,3389,5710),(1452,1499,1503),
(1503,1498,1452),(4558,1499,1452),(1452,1437,4558),(4557,4558,1432),(1438,
1432,4558),(1437,1438,4558),(1432,1441,4557),(1441,1447,4557),(3717,3716,
3786),(3716,3789,3786),(3786,3352,3717),(3786,3398,3358),(3358,3352,3786),
(3355,3358,3398),(3398,3381,3355),(3381,3385,3355),(5807,819,826),(826,
841,5810),(826,5813,5807),(5816,5813,826),(826,5810,5816),(5819,859,818),
(818,5809,5819),(5811,840,5727),(840,845,5727),(5822,3390,916),(5822,916,
911),(3389,5824,5710),(911,876,5822),(876,857,5825),(5828,5822,876),(876,
5831,5828),(5825,5831,876),(5834,5826,856),(856,859,5834),(5837,5822,5828),
(5839,5823,5838),(5824,5841,5843),(5710,5824,5845),(5843,5845,5824),(5828,
5848,5837),(5849,5830,5851),(5829,5833,5854),(5854,5852,5829),(5857,5838,
5850),(5850,5859,5857),(5863,5860,5849),(5849,5864,5863),(5851,5864,5849),
(5838,5857,5839),(5832,5827,5836),(5836,5856,5832),(5842,5840,5858),(5866,
5858,5861),(5866,5842,5858),(5861,5862,5866),(5868,5863,5864),(5862,5870,
5866),(5864,5871,5868),(5874,5869,5873),(5870,5876,5877),(5877,5866,5870),
(5711,5872,5865),(5879,5865,5853),(5865,5879,5711),(5873,5881,5874),(5884,
5875,5883),(5877,5876,5886),(5711,5882,5872),(5883,5887,5884),(5890,5885,
5889),(5893,5886,5892),(5886,5893,5877),(5895,5888,5882),(5882,5711,5895),
(5889,5898,5890),(5901,5891,5900),(5904,5892,5903),(5892,5904,5893),(5899,
5888,5907),(5895,5907,5888),(5900,5910,5901),(5902,5912,5913),(5913,5917,
5902),(5903,5918,5919),(5919,5904,5903),(5921,5911,5899),(5899,5923,5921),
(5907,5923,5899),(5855,5835,5562),(5879,5853,5855),(5855,5562,5879),(5835,
860,5562),(5562,860,5821),(5926,5820,5808),(5821,5928,5728),(5821,5728,
5562),(5808,5815,5926),(5929,5927,5814),(5814,5818,5929),(5728,5928,5930),
(5931,5817,5913),(5932,5914,5816),(5932,5816,5934),(5816,5810,5934),(5913,
5912,5931),(5728,5930,5911),(5911,5921,5728),(5916,5915,5933),(5933,5920,
5916),(5934,5936,5932),(5939,5937,5935),(5935,5812,5942),(5935,5946,5939),
(5942,5946,5935),(5920,5933,5938),(5938,5940,5920),(5947,5943,5811),(5727,
5922,5811),(5811,5922,5947),(5919,5941,5904),(5904,5941,5945),(5945,5944,
5904),(5904,5944,5948),(3608,3591,3567),(3591,3602,3595),(3591,3595,3566),
(3566,3567,3591),(3567,3668,3608),(5949,3607,3669),(3609,3607,5949),(3669,
3675,5949),(5778,5950,3674),(3673,3686,1204),(1204,5701,3673),(3674,5952,
5778),(5953,5952,3674),(3674,5703,5953),(5949,5955,3609),(1264,5954,5951),
(5951,1256,1264),(1304,1256,5951),(5951,1295,1304),(1295,5951,5957),(5771,
5958,5950),(5950,5778,5771),(3580,3610,5956),(3008,5956,1263),(3008,3492,
5956),(3580,5956,3577),(5956,3492,3577),(1263,1246,3008),(1246,1220,3008),
(1246,1240,1398),(1398,1220,1246),(3577,3584,3580),(1284,1287,1362),(1362,
1399,1284),(1399,1266,1284),(1284,1266,1247),(1247,1305,1284),(1247,1257,
1305),(5150,5154,5118),(5118,5115,5145),(5118,5145,5150),(5136,5145,5115),
(5136,5115,5093),(5093,5131,5136),(5131,5093,5096),(5096,5157,5131),(5157,
5137,5131),(5191,5180,5172),(5180,5176,5172),(5172,5359,5191),(5364,5322,
5321),(5322,5364,5359),(5321,5399,5364),(5364,5360,5359),(5359,5172,5322),
(5448,5434,5430),(5430,5433,5448),(5454,5434,5448),(5461,5448,5483),(5461,
5458,5448),(5483,5465,5461),(5448,5453,5454),(5458,5453,5448),(5465,5483,
5475),(5475,5462,5465),(5475,5479,5466),(5466,5462,5475),(5466,5479,5472),
(5472,5469,5466),(1517,1522,1561),(1522,5490,5960),(1560,1564,1522),(1564,
1561,1522),(1522,5742,1560),(5960,5742,1522),(1517,1561,1565),(1565,1536,
1517),(5489,1524,5657),(5657,5962,5489),(5490,5964,5960),(1565,1574,1536),
(5777,5657,1524),(1524,5966,5777),(5965,1523,1526),(5968,5963,5656),(5744,
5658,5776),(5656,5653,5972),(5972,5968,5656),(5964,5970,5974),(5974,5960,
5964),(5775,5967,4648),(5776,5740,5744),(5965,1531,1530),(5965,1526,1531),
(1530,1578,5965),(5965,5231,5338),(1578,5231,5965),(5338,4650,5965),(5231,
5224,5338),(4666,4576,4597),(4597,4564,4666),(4564,4597,4609),(4609,4565,
4564),(4565,4609,4610),(4610,4568,4565),(4568,4561,4565),(357,339,342),
(357,342,308),(308,300,357),(374,357,300),(300,330,374),(3263,3239,3028),
(3239,3045,3028),(3028,4308,3263),(3335,3326,3323),(3335,4283,3326),(3323,
3327,3335),(4283,4311,3326),(4311,3322,3326),(3322,4311,4308),(4308,3028,
3322),(764,787,5082),(764,5082,5085),(5085,744,764),(754,764,723),(723,
724,754),(724,713,754),(755,712,5727),(5727,770,755),(764,744,723),(5976,
1327,1370),(5979,1370,1288),(1370,5979,5976),(1326,5978,5630),(5979,1288,
1298),(1298,1297,5979),(5957,5980,1295),(3888,3879,3902),(3888,3902,3835),
(3888,3835,3821),(3821,3887,3888),(3821,3829,3887),(3887,3829,3852),(3852,
3855,3887),(1949,3886,3854),(3854,3863,1949),(1875,1911,1916),(1916,1887,
1876),(1916,1879,1875),(1876,1879,1916),(1910,1873,5511),(5511,1899,1910),
(1876,1887,1891),(1880,1876,1891),(1891,1884,1880),(3931,3932,3946),(3946,
3945,3864),(3864,3931,3946),(1949,3863,3944),(3944,3939,1949),(5982,1949,
3939),(5565,1950,5984),(1950,5565,5739),(5739,5724,1950),(3939,5985,5982),
(2877,5986,3940),(3940,3941,2877),(5983,5987,1899),(1899,5511,5983),(5984,
5513,5744),(5984,5563,5565),(5744,5563,5984),(2877,2870,5986),(1900,5986,
2870),(3941,3914,2877),(2874,1919,1922),(1922,1915,2874),(2870,2874,1915),
(1915,1912,2870),(2870,1912,1900),(1351,1373,1365),(1365,1366,1378),(1365,
1379,1351),(1378,1379,1365),(1351,1384,1373),(1384,1351,1346),(1346,1406,
1384),(3574,3014,3519),(3014,3015,3645),(3014,3645,3535),(3535,3519,3014),
(3519,3531,3574),(3519,3534,3531),(836,869,792),(869,899,896),(807,869,
896),(807,792,869),(773,847,836),(836,776,773),(792,776,836),(896,806,807),
(896,810,806),(773,772,844),(844,847,773),(5727,845,770),(590,621,653),
(621,649,653),(653,591,590),(579,591,653),(653,549,579),(5727,580,550),
(5395,5356,5365),(5356,5351,5365),(5365,5392,5395),(5392,5365,5368),(5368,
5371,5392),(5371,5379,5392),(4173,4200,4204),(4204,4211,4173),(4173,4211,
4196),(4173,4196,4195),(4195,4199,4173),(4199,3000,4173),(4173,3000,2988),
(2988,5457,4173),(5457,4160,4173),(1116,1161,4827),(4827,4844,4858),(4827,
4858,1124),(1124,1109,4827),(4827,1109,1116),(1144,1161,1116),(1116,1147,
1144),(1145,1114,5710),(5710,1114,1104),(5655,5661,5988),(5661,5640,5990),
(5990,5988,5661),(5988,5971,5655),(5642,5991,5639),(5989,5992,5994),(5996,
5993,5991),(5991,6000,5996),(6000,5991,5642),(6002,5973,5989),(5994,6005,
5989),(5989,6005,6002),(5968,5972,6004),(6006,5995,6007),(5995,6009,6007),
(5995,5998,6009),(6003,6006,6011),(6004,6013,5968),(6011,6014,6003),(6007,
6011,6006),(5975,5969,6015),(6015,6012,5975),(6008,6010,6016),(5975,6012,
6008),(6008,6019,5975),(6016,6019,6008),(6010,5997,6001),(6001,6016,6010),
(5974,6018,6020),(6020,5960,5974),(6020,6018,6017),(6017,5999,6020),(5642,
6021,6000),(496,531,526),(496,526,521),(4737,531,496),(499,521,514),(521,
499,496),(514,509,499),(514,520,509),(496,488,4737),(488,4726,4737),(5727,
4724,487),(487,494,5727),(432,478,467),(467,4293,4278),(467,4297,4318),
(467,4294,4297),(4318,4315,467),(467,4315,432),(4278,4294,467),(484,478,
432),(432,426,484),(426,495,484),(495,426,429),(429,438,495),(5727,494,
437),(312,249,269),(249,239,269),(269,268,312),(260,257,207),(257,274,315),
(315,316,257),(316,207,257),(199,256,260),(260,207,199),(280,256,199),(199,
174,280),(6023,5562,5728),(5740,5778,5728),(5728,5778,5952),(5952,6024,
5728),(5728,6024,6023),(5947,5922,5925),(5925,6025,5947),(6028,5948,6027),
(6031,5948,6028),(5948,6034,5904),(5948,6031,6034),(3779,2971,5000),(5000,
4993,4990),(5000,4990,3779),(2971,3779,3770),(2968,2971,3770),(3770,3776,
2974),(2974,2968,3770),(4757,4803,4782),(4782,4776,4757),(4776,4779,4757),
(1214,4757,4779),(4779,4806,1214),(5701,1213,4805),(5701,1204,1213),(1078,
1069,1073),(1078,1073,1061),(1061,1056,1078),(1056,1047,1078),(1044,1103,
1078),(1104,1043,5710),(1078,1047,1044),(2884,2912,2951),(2951,2883,2884),
(2884,2924,2912),(5285,5316,5345),(5316,5285,5171),(5345,5342,5285),(5342,
5286,5285),(5171,5315,5316),(5315,5171,2924),(2924,2884,5315),(3272,3267,
3245),(3176,3245,3240),(3245,3176,3187),(3245,3271,3272),(3187,3271,3245),
(3240,3214,3176),(3214,3209,3176),(5300,5387,5325),(5325,5335,5300),(5387,
5300,5290),(5290,5384,5387),(5300,5304,5290),(2833,2841,2845),(2845,2808,
2812),(2845,2812,2833),(2812,2869,2836),(2836,2840,2812),(2812,2840,2833),
(2807,2753,2750),(2750,2799,2796),(2750,2803,2807),(2796,2803,2750),(2807,
2709,2753),(2807,2760,2763),(2763,2756,2807),(2756,2757,2807),(2757,2709,
2807),(2667,3004,4188),(4188,4189,2696),(2696,2699,4188),(4188,2699,2667),
(3004,2667,2670),(2670,2995,3004),(2995,2670,2658),(2658,2661,2995),(4853,
4850,1215),(4850,4754,1215),(1215,1205,4853),(1205,4849,4853),(1205,3687,
4849),(4877,4928,4916),(4916,4910,4877),(4877,4910,4913),(4913,4866,4877),
(4913,4955,4884),(4884,4866,4913),(3287,3284,3314),(3284,5016,3314),(3314,
3281,3287),(3281,3314,3317),(3317,3275,3281),(6036,6022,5644),(5744,5643,
5632),(5644,6040,6036),(6040,5644,6042),(5739,6043,5643),(5643,5744,5739),
(6020,6038,5960),(5631,5977,6045),(6045,6048,5631),(5631,6048,6052),(6054,
6057,5631),(6060,5631,6057),(5631,6063,6054),(6052,6063,5631),(5632,6062,
6066),(5632,5771,5744),(6066,5771,5632),(5976,5979,6067),(6067,6046,5976),
(6069,5743,5961),(6072,5961,6037),(5961,6072,6069),(5741,6071,6075),(6075,
6076,5741),(5519,5741,6076),(6037,6078,6072),(6079,6036,6040),(6068,5981,
6081),(6084,6082,5980),(5980,5957,6084),(6087,6047,6068),(6081,6090,6068),
(6068,6090,6087),(6048,6045,6089),(6074,6070,6073),(6073,6080,6092),(6092,
6074,6073),(6080,6094,6092),(6040,6095,6079),(6076,6075,6093),(6097,6093,
6096),(6093,6097,6076),(6096,6041,6097),(6076,6100,5519),(5517,6101,5535),
(6099,6077,6098),(6102,6099,6098),(6105,5534,6099),(6107,6109,6099),(6107,
6099,6102),(6109,6105,6099),(6098,6039,6111),(6111,6102,6098),(6042,6114,
6040),(6039,6116,6117),(6039,6119,6111),(6117,6119,6039),(5532,5536,6106),
(6106,5541,5532),(6121,6115,6044),(6044,6125,6121),(6127,6044,6061),(6044,
6127,6130),(6062,6043,5739),(6130,6134,6044),(6044,6134,6136),(6136,6125,
6044),(6116,6139,6117),(6139,6116,6123),(6110,5548,5541),(5541,6106,6110),
(6108,5543,5548),(5538,5545,5543),(5543,6108,5538),(5548,6110,6108),(6102,
5539,6107),(5537,6104,5511),(5512,6103,6113),(5726,5512,6141),(5513,5724,
5739),(6113,6141,5512),(5739,5744,5513),(6091,6083,6085),(6088,6091,6144),
(6144,6146,6088),(6089,6148,6048),(6144,6091,6085),(6086,5959,6149),(6152,
6149,5959),(5959,5702,6152),(5703,5958,5771),(6085,6155,6144),(6149,6156,
6086),(6147,6145,6158),(6145,6157,6151),(6151,6158,6145),(6158,6049,6147),
(6160,6050,6159),(6162,6159,6150),(6159,6165,6160),(6159,6167,6165),(6169,
6167,6159),(6159,6162,6169),(6160,6051,6050),(6162,6150,6172),(6150,6154,
6172),(5879,5562,6174),(6174,6177,5879),(6179,6181,5879),(6183,5880,6182),
(5879,6185,6179),(6177,6185,5879),(6188,5710,5880),(5880,6191,6188),(6191,
5880,6183),(6193,6174,5562),(6196,5562,5593),(5562,6196,6199),(6199,6193,
5562),(5562,6201,5564),(5562,6202,6201),(5562,6203,6202),(5562,6204,6205),
(5562,6023,6204),(6205,6203,5562),(6178,6176,6206),(6175,6195,6209),(6209,
6213,6175),(6206,6176,6214),(5593,6215,6196),(5593,6218,6215),(5593,6221,
6223),(6226,6222,5594),(6223,6218,5593),(5594,6229,6233),(6235,6229,5594),
(6233,6238,5594),(5594,6241,6235),(5594,6245,6241),(5594,6247,6226),(6238,
6251,5594),(5598,6245,5594),(5594,6251,6247),(6197,6217,6253),(6216,6220,
6256),(6256,6254,6216),(6200,6198,6259),(6253,6260,6197),(6221,6262,6264),
(6266,6263,6222),(6264,6223,6221),(6222,6269,6266),(6271,6269,6222),(6222,
6226,6271),(6274,6264,6262),(6262,6277,6274),(6278,6263,6279),(6279,6263,
6283),(6283,6263,6266),(6265,6276,6284),(6224,6265,6288),(6284,6288,6265),
(6274,6277,6289),(6290,6278,6291),(6295,6278,6296),(6291,6278,6295),(6279,
6296,6278),(6289,6299,6274),(6275,6301,6302),(6302,6306,6275),(6284,6276,
6307),(6299,6289,6181),(6308,6182,6290),(6291,6311,6290),(6313,6290,6311),
(6290,6313,6308),(6181,6179,6299),(6316,6300,6180),(6303,6300,6316),(6182,
6308,6183),(6180,6187,6318),(6318,6322,6180),(6180,6322,6316),(6186,6178,
6323),(6323,6319,6186),(6206,6323,6178),(6326,6194,6200),(6259,6328,6200),
(6200,6328,6326),(6219,6225,6330),(6330,6258,6219),(6288,6331,6224),(6210,
6194,6326),(6334,5896,5710),(5710,6336,6334),(6338,6336,5710),(5710,6342,
6338),(6344,5708,5710),(6347,6344,5710),(5710,6351,6347),(5845,6342,5710),
(6353,6351,5710),(5710,6357,6353),(6359,6357,5710),(6363,6359,5710),(5710,
6365,6363),(5710,6369,6365),(5710,6372,6375),(5710,6378,6372),(6375,6382,
5710),(6384,6369,5710),(5710,6188,6378),(5710,6382,6384),(6388,5908,5897),
(5897,6390,6388),(6391,5896,6334),(6026,5924,5909),(5909,6389,6026),(5735,
5566,5567),(6024,5952,5953),(5567,5564,5735),(5564,6201,6393),(6201,6202,
6394),(6394,6393,6201),(6393,5735,5564),(5953,6023,6024),(6202,6203,6205),
(6205,6394,6202),(6394,6205,6204),(6395,6204,6023),(6204,6395,6394),(6023,
5953,6395),(6387,6392,6028),(6334,6396,6391),(6392,6398,6399),(6392,6399,
6028),(6027,6387,6028),(6401,6333,6337),(6397,6335,6403),(6404,6333,6401),
(6337,6340,6401),(6403,6400,6397),(6400,6403,6406),(6406,6029,6400),(6401,
6405,6404),(6030,6407,6402),(6402,6408,6030),(6028,6409,6410),(6410,6412,
6028),(6028,6412,6031),(6408,6402,6339),(6339,6414,6408),(6410,6409,6416),
(6415,6338,6342),(6416,6418,6410),(6342,6417,6415),(6420,5698,5709),(5709,
6422,6420),(6344,6423,5708),(6426,5700,5698),(5698,6420,6426),(6427,5696,
5700),(5700,6426,6427),(5705,5696,6427),(6427,6430,5705),(6432,5706,6431),
(5706,6432,5701),(6436,6429,6428),(6438,6428,6425),(6428,6438,6436),(6431,
6437,6432),(6425,6421,6440),(6440,6438,6425),(6442,6421,6424),(6421,6442,
6440),(6424,6444,6442),(6344,6445,6423),(6432,6447,5701),(5702,6449,6451),
(6451,6453,5702),(6457,6152,5702),(6459,6457,5702),(6463,6459,5702),(5702,
6453,6463),(5771,5953,5703),(6433,6435,6439),(6448,6434,6465),(6439,6466,
6433),(6465,6467,6448),(6448,6467,6469),(6469,6472,6448),(6472,6450,6448),
(6439,6441,6474),(6474,6441,6443),(6474,6466,6439),(6477,6443,6446),(6443,
6477,6474),(6446,6346,6477),(6467,6465,6475),(6467,6475,6476),(6476,6345,
6349),(6349,6467,6476),(6468,6348,6478),(6479,6347,6351),(6482,6470,6468),
(6468,6484,6482),(6478,6484,6468),(6487,6473,6471),(6471,6483,6487),(6488,
6452,6473),(6473,6487,6488),(6453,6451,6490),(6491,6489,6486),(6486,6481,
6491),(6490,6492,6453),(6494,6481,6485),(6494,6491,6481),(6497,6485,6480),
(6480,6499,6497),(6351,6500,6479),(6485,6497,6494),(6502,5799,5801),(6505,
5801,5803),(5801,6505,6502),(6506,5756,5799),(5799,6502,6506),(6509,5803,
5806),(5806,6511,6509),(6512,5805,6514),(6514,5805,5725),(5803,6509,6505),
(5755,6508,6517),(6517,5757,5755),(6504,6510,6520),(6510,6513,6520),(6523,
6503,6504),(6504,6520,6523),(6514,6525,6512),(6520,6513,6527),(6518,6507,
6503),(6503,6523,6518),(5725,6528,6514),(6528,5725,6531),(6532,5726,6534),
(6141,6534,5726),(6537,6515,6530),(6531,6539,6528),(6529,6541,6542),(6542,
5750,6529),(6544,6530,5749),(6546,6537,6530),(6544,6546,6530),(6526,6516,
6538),(6543,6540,6533),(6533,6548,6543),(6551,6548,6533),(6533,6553,6551),
(6534,6554,6532),(6538,6556,6526),(6527,6557,6520),(5750,6542,6550),(6550,
5766,5750),(5749,6558,6544),(5749,5763,6558),(5767,6549,6560),(6551,6561,
6548),(6560,6564,5767),(5768,5767,6564),(6567,6552,6555),(6555,6536,6567),
(6563,6562,6552),(6552,6567,6563),(6568,6565,6566),(6566,6535,6568),(6564,
6570,5768),(6568,6535,6571),(6535,6573,6571),(6535,6143,6573),(6556,6538,
6547),(6547,6575,6556),(6520,6557,6576),(6575,6547,6545),(6545,6578,6575),
(6579,6576,6577),(6576,6579,6520),(6578,6545,6559),(6581,6559,5764),(6559,
6581,6578),(6584,5764,5752),(5764,6584,6581),(5752,6585,6584),(6586,5751,
5761),(6577,6582,6588),(6577,6588,6579),(6582,6583,6591),(6591,6588,6582),
(6583,6587,6591),(5761,6593,6586),(6587,6595,6591),(6596,5716,5723),(5722,
5770,5739),(5723,6599,6596),(6600,5722,5735),(5739,5735,5722),(5714,6598,
5717),(5769,6569,6602),(6602,6605,5769),(5769,6605,6609),(6609,6611,5769),
(6614,5769,6617),(5739,5770,6616),(6621,6617,5769),(5769,6611,6621),(6571,
6623,6568),(6623,6603,6568),(5597,5713,6625),(6625,6628,5597),(5595,6629,
6630),(6630,5601,5595),(5713,5720,6633),(6633,5720,5718),(6633,6625,5713),
(6636,5718,6597),(6597,6637,6636),(6640,6638,6596),(6596,6643,6640),(6643,
6596,6599),(5718,6636,6633),(6634,6635,6646),(6635,6639,6641),(6641,6646,
6635),(6626,6634,6648),(6646,6648,6634),(6627,6626,6650),(6648,6650,6626),
(6650,6631,6627),(6652,6651,6649),(5602,6632,6651),(6651,6652,5602),(6655,
6649,6647),(6649,6655,6652),(6656,6647,6642),(6647,6656,6655),(6642,6645,
6656),(6658,6654,6657),(6657,6644,6660),(6657,6660,6658),(6653,6654,6658),
(6599,6661,6643),(5604,5603,6653),(6653,6658,5604),(5606,6659,6663),(6663,
6666,5606),(5605,6667,6668),(6668,5607,5605),(6663,6659,6662),(6662,6671,
6663),(6674,6672,6661),(6661,6677,6674),(6677,6661,6599),(6665,6664,6680),
(6680,6664,6673),(6680,6669,6665),(6673,6675,6680),(6681,6676,6679),(5608,
6670,6681),(6681,6682,5608),(6679,6682,6681),(5609,6683,6684),(6683,6678,
6686),(6686,6688,6683),(6688,6684,6683),(6684,5610,5609),(6678,6690,6686),
(6599,6691,6677),(6693,6624,6572),(6696,6572,6574),(6572,6696,6693),(6604,
6624,6693),(6574,6142,6697),(6574,6701,6696),(6697,6701,6574),(6702,6698,
6141),(6141,6113,6702),(6693,6706,6604),(6605,6602,6707),(6708,6705,6694),
(6694,6695,6711),(6694,6711,6708),(6707,6710,6605),(6711,6695,6700),(6700,
6699,6713),(6699,6704,6715),(6715,6713,6699),(6700,6713,6711),(6703,6112,
6120),(6120,6716,6703),(6709,6712,6140),(6140,6712,6714),(6140,6606,6709),
(6118,6714,6716),(6714,6118,6140),(6716,6120,6118),(6717,6607,6139),(6139,
6123,6717),(6719,6607,6717),(6719,6608,6607),(6717,6721,6719),(6724,6722,
6718),(6728,6718,6122),(6718,6728,6724),(6729,6720,6723),(6723,6725,6729),
(6732,6610,6720),(6720,6729,6732),(6122,6734,6728),(6735,6121,6125),(6611,
6609,6733),(6737,6731,6730),(6730,6726,6737),(6733,6740,6611),(6743,6741,
6731),(6731,6745,6743),(6731,6747,6745),(6747,6731,6737),(6750,6726,6727),
(6737,6726,6750),(6727,6736,6753),(6727,6756,6750),(6753,6756,6727),(6125,
6754,6735),(6758,6689,6687),(6687,6692,6760),(6760,6764,6687),(6687,6764,
6758),(6765,6685,6689),(5612,6685,6765),(6689,6758,6765),(6767,6761,6691),
(6771,6691,6599),(6691,6771,6767),(6765,6773,5612),(5613,5611,6775),(6763,
6762,6769),(6759,6763,6776),(6778,6766,6759),(6776,6778,6759),(6769,6776,
6763),(6780,6774,6766),(6766,6778,6783),(6766,6783,6780),(6785,6774,6780),
(6775,6788,5613),(6789,6774,6785),(6599,6791,6771),(6794,6792,6601),(6601,
6615,6794),(6066,6616,6600),(6600,6393,6066),(5735,6393,6600),(6768,6772,
6797),(6797,6777,6768),(6798,6770,6793),(6793,6799,6798),(6799,6793,6795),
(6797,6801,6779),(6802,6798,6799),(6779,6777,6797),(6779,6801,6804),(6805,
6803,6802),(6799,6805,6802),(6804,6784,6779),(6784,6804,6808),(6808,6781,
6784),(6811,6809,6803),(6803,6805,6811),(6782,6810,6812),(6812,6813,6782),
(6815,6780,6814),(6818,6780,6815),(6780,6820,6785),(6780,6818,6820),(6813,
6812,6807),(6807,6822,6813),(6815,6814,6824),(6823,6806,6800),(6800,6826,
6823),(6824,6825,6827),(6815,6824,6827),(6800,6830,6834),(6836,6831,6799),
(6834,6826,6800),(6836,6799,6838),(6795,6838,6799),(6833,6832,6837),(6825,
6835,6840),(6837,6842,6833),(6835,6843,6844),(6835,6844,6846),(6846,6848,
6835),(6835,6848,6840),(6840,6851,6825),(6851,6827,6825),(6838,6853,6836),
(6842,6837,6855),(6856,6839,6796),(6854,6839,6856),(6796,6858,6856),(6861,
6859,6794),(6794,6864,6861),(6864,6794,6615),(6855,6867,6842),(6856,6868,
6854),(6843,6869,6862),(6862,6844,6843),(6862,6869,6857),(6857,6860,6862),
(6863,6866,6871),(6871,6845,6863),(6615,6872,6864),(6617,6873,6614),(6616,
6066,5739),(6870,6865,6874),(6870,6874,6875),(6875,6874,6878),(6874,6619,
6880),(6880,6882,6874),(6882,6878,6874),(6845,6871,6884),(6884,6847,6845),
(6875,6885,6870),(6847,6884,6887),(6875,6886,6885),(6887,6889,6847),(6848,
6846,6888),(6887,6890,6894),(6875,6891,6886),(6894,6889,6887),(6893,6892,
6897),(6892,6877,6899),(6899,6897,6892),(6902,6888,6895),(6897,6905,6893),
(6895,6907,6908),(6895,6908,6902),(6911,6848,6888),(6888,6914,6911),(6902,
6914,6888),(6594,5762,6916),(5760,5759,6918),(6918,6917,5760),(6916,6592,
6594),(5758,6519,6524),(6524,6919,5758),(6919,6524,6522),(6920,6521,6580),
(6522,6922,6919),(6580,6590,6923),(6589,6592,6916),(6916,6924,6589),(6923,
6927,6580),(6580,6927,6920),(6918,6926,6925),(6918,6921,6926),(6925,6917,
6918),(6878,6928,6875),(6900,6876,6930),(6881,6618,6931),(6934,6932,6617),
(6617,6621,6934),(6937,6883,6881),(6931,6940,6881),(6881,6940,6937),(6941,
6879,6883),(6944,6929,6879),(6879,6941,6944),(6883,6937,6941),(6946,6930,
6945),(6930,6946,6900),(6949,6939,6933),(6933,6935,6949),(6949,6938,6939),
(6942,6938,6949),(6951,6943,6942),(6942,6949,6951),(6943,6951,6953),(6953,
6955,6943),(6945,6957,6946),(6954,6952,6958),(6952,6950,6961),(6961,6958,
6952),(6947,6956,6954),(6958,6962,6954),(6954,6962,6947),(6961,6950,6936),
(6936,6622,6961),(6959,6960,6964),(6967,6960,6620),(6960,6967,6128),(6128,
6964,6960),(6963,6959,6969),(6059,6969,6959),(6959,6964,6059),(6620,6613,
6971),(6620,6971,6973),(6620,6973,6975),(6975,6978,6620),(6978,6980,6620),
(6620,6980,6967),(6948,6963,6969),(6969,6982,6948),(6900,6946,6984),(6972,
6612,6742),(6742,6744,6972),(6746,6974,6972),(6972,6744,6746),(6974,6746,
6749),(6749,6976,6974),(6979,6977,6748),(6748,6985,6979),(6737,6986,6747),
(6988,6981,6979),(6979,6985,6988),(6981,6988,6989),(6987,6986,6737),(6990,
6987,6737),(6989,6968,6981),(6968,6989,6992),(6994,6991,6990),(6737,6997,
6990),(6990,6997,6994),(6992,6129,6968),(6127,6993,6996),(6061,6965,6127),
(6996,6130,6127),(6999,6983,6970),(7002,6970,6058),(6970,7002,6999),(6984,
7001,7005),(7005,7007,6984),(7010,6984,7007),(6984,7010,6900),(6057,6966,
6060),(6058,7013,7002),(7016,7014,6057),(6057,6054,7016),(7019,7000,7003),
(7003,7015,7017),(7003,7021,7019),(7017,7021,7003),(7000,7019,7023),(7023,
7004,7000),(7025,7024,7020),(7020,7022,7028),(7020,7029,7025),(7028,7029,
7020),(7008,7006,7024),(7024,7025,7008),(7022,7018,6056),(6056,7028,7022),
(7009,7026,7031),(7031,7026,7030),(7031,7033,7009),(7007,7035,7010),(7030,
7027,6065),(6065,7031,7030),(7027,6055,6065),(7036,7032,6064),(6064,7038,
7036),(7041,7039,6063),(6063,6052,7041),(7034,7032,7036),(7036,7044,7034),
(7035,7046,7048),(7048,6170,7035),(7010,7035,6170),(7045,7037,7050),(7037,
7040,7042),(7042,7050,7037),(7045,7052,7054),(7050,7052,7045),(7054,7047,
7045),(7051,7043,6053),(6053,6161,7051),(5739,6066,6062),(7055,7053,6166),
(7053,7051,6161),(6161,6166,7053),(6171,7049,7055),(6166,6168,7055),(7055,
6168,6171),(6170,6164,7010),(6066,6901,7012),(6897,6899,7056),(7057,6901,
6066),(7011,6163,7059),(7059,7062,7011),(7011,7062,7066),(7066,7068,7011),
(7011,7068,7072),(7072,7074,7011),(5771,7012,7076),(7012,5771,6066),(6172,
7060,6162),(7077,7061,6173),(7080,6173,6153),(6173,7080,7077),(7062,7059,
7079),(6153,7082,7080),(7085,7083,6152),(6152,6457,7085),(7088,7078,7081),
(7091,7081,7084),(7081,7091,7088),(7079,7090,7062),(7084,7086,7091),(7063,
7089,7092),(7094,7092,7087),(7092,7094,7063),(7087,6458,7094),(7065,7064,
7093),(7095,7093,6456),(7093,7095,7065),(6456,6461,7095),(7097,7067,7096),
(7100,7096,6460),(7096,7100,7097),(7068,7066,7099),(6460,7102,7100),(7103,
6459,6463),(7105,7098,7101),(7108,7101,7104),(7101,7108,7105),(7099,7107,
7068),(7104,7110,7108),(6463,7111,7103),(7069,7106,7109),(7109,7112,6464),
(7109,7113,7069),(6464,7113,7109),(7071,7070,7114),(7114,6462,7115),(7115,
7117,7114),(7114,7117,7071),(6462,6455,7119),(7119,7115,6462),(6454,6493,
7122),(7122,7120,6454),(7121,6491,7123),(7123,6491,6494),(7116,7120,7122),
(7126,7118,7116),(7122,7129,7116),(7116,7129,7126),(7130,7073,7118),(7118,
7126,7130),(7072,7132,7134),(7134,7136,7072),(7074,7072,7136),(7128,7121,
7123),(7127,7128,7123),(7131,7127,7139),(7123,7139,7127),(7139,7133,7131),
(7141,5867,5878),(5844,5867,7141),(5905,6035,7144),(7145,5894,5906),(5906,
7147,7145),(7144,7148,5905),(7151,5878,5894),(5878,7151,7141),(7141,5846,
5844),(7152,6413,6411),(6411,6419,6343),(6411,7155,7152),(6343,7155,6411),
(7156,6032,6413),(6413,7152,7156),(7144,6035,6033),(6033,7158,7144),(5894,
7145,7151),(7150,7146,7153),(7146,7149,7143),(7146,7143,7157),(7157,7153,
7146),(7153,7154,7150),(7142,7150,7154),(7154,6341,7142),(6341,5847,7142),
(7159,6737,7161),(7163,6738,7160),(6750,7161,6737),(7166,6998,6739),(6739,
7165,7166),(7161,7168,7159),(7168,7172,7159),(7160,7173,6135),(7160,7174,
7163),(6135,7174,7160),(6137,7169,7162),(7162,6752,7176),(7162,7180,6137),
(7176,7180,7162),(6995,6998,7166),(7166,6131,6995),(6134,7171,7170),(7170,
6136,6134),(7177,6751,6757),(7181,6757,6755),(6757,7181,7177),(6755,6126,
7181),(7167,7164,7175),(7167,7175,6133),(6133,6132,7167),(7182,6124,6138),
(7182,6138,7179),(7179,7178,7182),(7184,6495,6498),(7186,6498,6501),(6498,
7186,7184),(6494,7188,7123),(7189,6496,7185),(7190,7193,7123),(7123,7188,
7190),(7195,7124,7194),(7198,7140,7125),(7125,7197,7198),(7190,7200,7193),
(7201,7192,7203),(7204,7191,7189),(7194,7202,7206),(7194,7210,7195),(7206,
7210,7194),(6501,6352,7186),(7135,7140,7198),(7203,7207,7201),(7189,7211,
7204),(7185,7211,7189),(7198,7137,7135),(7213,7205,7212),(7212,7183,7213),
(7074,7207,7203),(7203,7215,7074),(7183,7187,7213),(7216,7187,6350),(7218,
7213,7187),(7187,7216,7218),(6350,6355,7216),(7199,7196,7209),(7199,7209,
7208),(7208,7138,7199),(7136,7207,7074),(7075,7214,7220),(7220,7221,7075),
(7075,7221,7225),(7225,7227,7075),(7058,7075,7227),(7076,7057,6395),(7076,
5953,5771),(6395,5953,7076),(7231,7217,6354),(6354,7232,7231),(7233,6353,
6357),(7219,7217,7231),(7231,7236,7219),(7221,7220,7237),(7238,7235,7230),
(7241,7230,7234),(7230,7241,7238),(7237,7240,7221),(7234,7243,7241),(6357,
7244,7233),(7246,7242,7245),(7245,6358,7246),(7222,7239,7242),(7242,7246,
7222),(7224,7223,7247),(7248,7247,6356),(7247,7248,7224),(6356,6361,7248),
(7250,7226,7249),(7253,7249,6360),(7249,7253,7250),(7227,7225,7252),(6360,
7255,7253),(6363,7256,6359),(7258,7251,7254),(7260,7254,7257),(7260,7262,
7254),(7254,7262,7258),(7258,7264,7251),(7252,7266,7227),(7257,7267,7260),
(6363,7268,7256),(7270,7261,7269),(7269,6364,7270),(7263,7261,7270),(7273,
7259,7263),(7263,7274,7273),(7270,7274,7263),(7265,7259,7273),(7273,7228,
7265),(7276,7229,7272),(7272,7275,7279),(7272,7282,7276),(7272,7279,7282),
(7227,7278,7058),(7275,7271,7284),(7284,7279,7275),(7271,6362,6367),(6367,
7284,7271),(7286,7058,7278),(7289,7056,7288),(7056,7289,6897),(6066,6395,
7057),(7278,7292,7286),(7287,7294,7295),(7287,7295,7297),(7297,7300,7287),
(7288,7303,7289),(7304,7287,7306),(7306,7287,7300),(7293,7277,7283),(7283,
7296,7293),(7296,7283,7281),(7299,7280,7285),(7281,7298,7296),(7285,6366,
7309),(7285,7313,7299),(7309,7313,7285),(7310,6365,6369),(7300,7297,7312),
(7312,7311,7314),(6369,7318,7310),(7314,7311,7320),(7314,7321,7312),(7312,
7321,7300),(6906,6898,7323),(6896,7291,7325),(7325,7324,6896),(7323,7327,
6906),(6908,6907,7328),(7290,7305,7330),(7330,7326,7290),(7306,7329,7304),
(7326,7330,7331),(7334,7332,7329),(7329,7337,7334),(7306,7337,7329),(7331,
7339,7326),(7324,7325,7341),(7342,7340,7333),(7333,7335,7342),(7341,7345,
7324),(7346,7340,7348),(7348,7340,7342),(7323,7347,7351),(7351,7327,7323),
(7352,7346,7354),(7348,7354,7346),(7357,7328,7353),(7354,7359,7352),(7353,
7361,7357),(7328,7357,6908),(7350,6395,6066),(7362,6394,6395),(6395,7350,
7362),(6066,6393,7366),(7366,7368,6066),(6066,7368,7350),(6393,6394,7362),
(7362,7366,6393),(7371,7365,7364),(7374,7369,7367),(7367,7376,7374),(7379,
7377,7365),(7365,7382,7379),(7365,7385,7389),(7365,7391,7385),(7389,7394,
7365),(7394,7382,7365),(7397,7391,7365),(7365,7371,7397),(7363,7349,7400),
(7404,7363,7406),(7409,7364,7405),(7400,7406,7363),(7364,7409,7371),(7413,
7348,7370),(7415,7400,7349),(7349,7418,7415),(7422,7418,7349),(7349,7424,
7422),(7424,7349,7427),(7428,7348,7430),(7342,7430,7348),(7433,7354,7348),
(7348,7437,7433),(7439,7437,7348),(7348,7413,7439),(6850,7369,7374),(7442,
7370,6849),(7370,7442,7413),(7374,6841,6850),(6849,6913,7442),(7445,7375,
7378),(6841,7374,7446),(7447,7445,7378),(7378,7380,7447),(7446,6852,6841),
(6852,7446,7449),(7449,6828,6852),(7452,7450,7445),(7452,7445,7447),(6829,
7451,7453),(7453,7454,6829),(6815,6827,7455),(7447,7456,7452),(7453,7458,
7460),(7460,7454,7453),(7459,7457,7448),(7463,7448,7381),(7448,7463,7459),
(7381,7464,7463),(7465,7379,7382),(7467,7455,7461),(7467,7461,7462),(7470,
7455,7472),(7472,7455,7467),(7455,7475,6815),(7477,7475,7455),(7477,7455,
7479),(7470,7479,7455),(7482,7462,7466),(7462,7482,7467),(7382,7484,7465),
(7466,7486,7482),(6305,6304,7487),(6316,7489,6303),(6304,7491,7487),(6307,
7493,6284),(7495,7492,6305),(7487,6294,6305),(7495,6305,6294),(7497,6212,
6211),(6326,7499,6210),(6211,7501,7502),(7503,7497,6211),(6211,7502,7503),
(6214,7505,6206),(7497,7506,6212),(6207,7507,7498),(6324,6208,7508),(7498,
7509,6207),(6320,6324,7510),(7508,7510,6324),(6321,6320,7512),(7510,7512,
6320),(7515,6315,6321),(6321,7512,7515),(7488,7490,6317),(6317,7516,7488),
(6285,7494,7496),(6287,6286,7517),(7496,7518,6285),(6281,6332,6287),(7517,
6281,6287),(6281,6257,6332),(7519,6255,6257),(6257,6281,7519),(7519,6261,
6255),(6329,6261,7519),(6325,6329,7519),(7521,7500,6327),(7521,6327,7524),
(7519,7523,6325),(7522,7502,7501),(7487,7525,6294),(6292,7526,7488),(7488,
7516,6292),(6294,7528,7495),(6296,7529,6295),(6295,7527,6291),(7518,7496,
7530),(7530,6298,7518),(7517,6297,6281),(6293,7515,7512),(7512,7531,6293),
(7531,6310,6293),(7533,7524,7536),(7524,7533,7521),(7536,7538,7533),(7541,
7522,7534),(7543,7534,7540),(7534,7543,7541),(7545,7535,7523),(7519,7547,
7523),(7523,7547,7545),(7539,7537,7546),(7522,7541,7550),(7550,7502,7522),
(7546,7552,7539),(7554,7540,7553),(7540,7557,7543),(7560,7557,7540),(7540,
7562,7560),(7554,7562,7540),(7565,7520,6280),(6280,7567,7565),(6283,7568,
6279),(7571,7548,7520),(7520,7565,7571),(7552,7546,7549),(7549,7572,7552),
(7553,7570,7554),(7570,7566,7573),(7573,7575,7570),(7554,7570,7575),(7566,
7569,6282),(6282,7578,7566),(7566,7578,7581),(7581,7573,7566),(7509,7498,
7504),(7504,7583,7509),(7510,7508,7584),(7583,7504,7551),(7551,7542,7583),
(7583,7542,7544),(7544,7586,7583),(7510,7584,7585),(7503,7502,7550),(7586,
7544,7559),(7559,7587,7586),(7585,7589,7590),(7590,7510,7585),(7591,7588,
7558),(7558,7561,7591),(7564,7592,7591),(7591,7561,7564),(7590,7594,7510),
(7511,7593,7563),(7563,7596,7511),(7597,7595,7562),(7554,7599,7562),(7562,
7599,7597),(7513,7511,7601),(7511,7604,7601),(7511,7596,7604),(7532,7514,
7607),(7603,7607,7514),(7608,6312,7532),(7607,7611,7532),(7532,7611,7608),
(6311,7610,6313),(7613,7602,7605),(7615,7606,7602),(7602,7613,7615),(7618,
7605,7595),(7605,7618,7613),(7595,7597,7618),(6309,7612,7606),(7606,7615,
6309),(6314,7609,7612),(7612,6309,6314),(7615,6184,6309),(6266,7579,6283),
(7620,6267,6270),(7582,7580,6268),(6268,7621,7582),(7620,6270,6273),(7622,
7576,7574),(7577,7624,7625),(7574,7621,7622),(7626,7623,7620),(7625,7627,
7577),(7629,7575,7628),(7575,7629,7554),(7574,7582,7621),(6273,7631,7620),
(7620,7631,7633),(7633,7626,7620),(7632,6272,7636),(7637,6271,6226),(7640,
7634,7632),(7632,7642,7640),(7636,7642,7632),(7627,7625,7635),(7635,7641,
7627),(7628,7639,7644),(7644,7629,7628),(7646,7639,7643),(7649,7639,7646),
(7639,7649,7644),(7643,7638,7651),(6226,7652,7637),(7651,7654,7643),(7643,
7654,7646),(7406,7656,7404),(7659,7403,7658),(7405,7662,7409),(7663,7403,
7665),(7659,7665,7403),(7667,7407,7402),(7670,7657,7408),(7408,7668,7670),
(7400,7415,7671),(7671,7675,7400),(7401,7676,7677),(7402,7680,7681),(7677,
7679,7401),(7681,7667,7402),(7672,7417,7684),(7685,7416,7420),(7678,7674,
7673),(7686,7678,7673),(7673,7689,7686),(7684,7690,7672),(7418,7422,7691),
(7691,7695,7418),(7419,7696,7697),(7699,7685,7420),(7420,7701,7699),(7697,
7702,7419),(7703,7421,7426),(7427,7705,7424),(7425,7707,7708),(7426,7710,
7712),(7426,7715,7710),(7712,7703,7426),(7715,7426,7717),(7708,7718,7425),
(7692,7423,7704),(7709,7706,7429),(7429,7719,7709),(7719,7429,7722),(7429,
7725,7728),(7728,7731,7429),(7430,7734,7428),(7429,7736,7737),(7737,7739,
7429),(7739,7725,7429),(7429,7731,7722),(7698,7694,7693),(7704,7741,7692),
(7693,7742,7743),(7743,7698,7693),(7658,7669,7659),(7680,7746,7748),(7680,
7750,7746),(7748,7681,7680),(7688,7751,7679),(7679,7677,7688),(7749,7747,
7753),(7753,7747,7752),(7756,7682,7749),(7749,7758,7756),(7753,7758,7749),
(7670,7668,7683),(7683,7757,7670),(7752,7687,7753),(7754,7686,7722),(7689,
7760,7686),(7760,7762,7686),(7762,7765,7686),(7686,7765,7722),(7669,7755,
7659),(7755,7759,7659),(7722,7759,7754),(7722,7659,7759),(7713,7711,7767),
(7767,7711,7716),(7704,7714,7769),(7767,7770,7713),(7717,7772,7715),(7775,
7716,7774),(7716,7775,7767),(7769,7741,7704),(7721,7773,7718),(7718,7708,
7721),(7774,7720,7775),(7776,7719,7722),(7742,7771,7743),(7771,7768,7743),
(7722,7768,7776),(7743,7768,7722),(7690,7684,7700),(7701,7777,7699),(7761,
7700,7779),(7700,7761,7690),(7780,7777,7701),(7701,7782,7780),(7745,7783,
7702),(7702,7697,7745),(7778,7781,7766),(7779,7763,7761),(7766,7764,7778),
(7766,7781,7784),(7784,7744,7766),(7722,7765,7743),(6375,6372,7785),(6373,
6380,7788),(7786,6374,7790),(7788,7791,6373),(6381,6377,7792),(7785,7794,
6375),(6376,7796,7797),(7797,7793,6376),(6368,6386,7799),(7315,7319,6371),
(6370,7801,7316),(7799,7802,6368),(7804,6378,6188),(6379,7806,7807),(7807,
7789,6379),(6382,7810,6384),(6382,7812,7810),(7816,7813,6383),(6383,7817,
7816),(7792,7818,6381),(7800,6385,7811),(6188,7819,7804),(7820,6190,7823),
(6189,6192,7824),(7824,7822,6189),(7805,7821,7826),(7828,7808,7805),(7805,
7831,7828),(7833,7835,7805),(7805,7835,7831),(7826,7833,7805),(7823,7827,
7820),(7815,7809,7814),(7838,7809,7815),(7811,7839,7800),(7795,7787,7840),
(7790,7841,7786),(7798,7795,7840),(6183,7842,6191),(7843,6184,7844),(7844,
6184,7615),(6191,7842,7847),(7849,7848,7843),(7844,7849,7843),(7847,7825,
6191),(7851,7789,7807),(7807,7855,7851),(7828,7854,7808),(7788,7853,7791),
(7852,7856,7841),(7841,7790,7852),(7840,7854,7798),(7854,7857,7798),(7859,
7857,7854),(7849,7854,7828),(7854,7862,7859),(7854,7849,7864),(7854,7864,
7862),(7867,7817,7870),(7817,7867,7816),(7870,7729,7867),(7815,7868,7838),
(7838,7868,7728),(7872,7869,7818),(7818,7874,7876),(7792,7874,7818),(7876,
7878,7818),(7878,7872,7818),(7730,7871,7873),(7873,7880,7730),(7728,7881,
7731),(7728,7882,7838),(7728,7725,7882),(7877,7875,7885),(7858,7875,7793),
(7858,7885,7875),(7888,7879,7877),(7877,7889,7888),(7885,7889,7877),(7793,
7797,7858),(7873,7879,7888),(7888,7880,7873),(7881,7887,7731),(7887,7890,
7731),(7731,7890,7886),(7891,7886,7857),(7886,7891,7731),(7893,7857,7859),
(7857,7893,7895),(7857,7895,7898),(7898,7900,7857),(7857,7902,7891),(7900,
7902,7857),(7905,7825,7847),(7847,7830,7905),(7828,7848,7849),(7824,7907,
7908),(7824,7908,7910),(7910,7822,7824),(7909,7906,7829),(7829,7832,7909),
(7837,7912,7909),(7909,7832,7837),(7908,7914,7910),(7913,7836,7834),(7834,
7911,7913),(7911,7834,7827),(7827,7823,7911),(7322,7803,7916),(7803,7322,
7317),(7916,7301,7322),(7918,7915,7802),(7920,7918,7802),(7802,7799,7920),
(7302,7917,7919),(7919,7923,7302),(7300,7924,7306),(7923,7919,7922),(7922,
7883,7923),(7924,7882,7725),(7924,7925,7306),(7924,7725,7925),(7884,7921,
7800),(7800,7839,7884),(7927,7431,7343),(7344,7336,7338),(7343,7929,7927),
(7338,7930,7344),(7360,7356,7931),(7355,7435,7933),(7933,7932,7355),(7735,
7432,7928),(7931,7358,7360),(7935,7433,7437),(7437,7938,7935),(7436,7441,
7941),(7939,7438,7943),(7436,7941,7945),(7945,7944,7436),(7934,7434,7937),
(7936,7940,7948),(7937,7950,7934),(7948,7951,7936),(7953,7439,7413),(7413,
7955,7953),(7959,7956,7414),(7412,7444,7960),(7414,7962,7959),(7963,7412,
7960),(7440,7954,7965),(7965,7942,7440),(7952,7957,7958),(7952,7958,6902),
(6902,7964,7952),(7943,7949,7939),(7443,6912,6915),(6915,7961,7443),(7928,
7738,7735),(7959,7962,7966),(7966,6903,7959),(7960,7967,7963),(6904,7968,
7961),(7961,6915,6904),(7969,6902,6908),(6902,7971,7964),(7969,7971,6902),
(7974,7978,7934),(7934,7950,7974),(7932,7933,7979),(7981,7977,7976),(7982,
7975,7951),(7976,7985,7981),(7986,7975,7982),(7979,7980,7932),(7948,7982,
7951),(6910,7987,7981),(7981,7985,6910),(7980,7989,7932),(7988,6909,7358),
(7982,6908,7986),(6908,7982,7969),(7358,7931,7988),(7946,7942,7965),(7944,
7945,7990),(7991,7947,7972),(7965,7973,7946),(7990,7992,7944),(7949,7943,
7994),(7984,7993,7991),(7991,7970,7984),(7972,7970,7991),(7994,7983,7949),
(7738,7928,7995),(7995,7740,7738),(7996,7927,7929),(7726,7740,7995),(7995,
7998,7726),(7997,7996,7929),(8000,8003,7307),(7929,8002,8001),(7307,7926,
8000),(7727,7999,8000),(8000,7926,7727),(7929,8001,7997),(7308,8004,7930),
(7930,7338,7308),(7388,7387,8005),(8007,7385,7391),(7386,8009,8010),(8010,
8006,7386),(7394,7389,8012),(8016,8013,7390),(7390,8018,8016),(8005,8017,
7388),(7383,7396,8019),(8012,8021,7394),(8020,7395,8023),(7485,7384,8024),
(8019,8025,7383),(8024,7483,7485),(7391,8026,8007),(8027,7393,8030),(8029,
7392,7399),(8008,8028,8031),(8030,8032,8027),(8031,8011,8008),(8022,8014,
8015),(8033,7397,7371),(7371,8036,8033),(8037,7373,8040),(8039,7372,7411),
(7398,8035,8041),(8041,8043,7398),(7399,8044,8029),(8034,8038,8045),(8034,
8047,8049),(8034,8045,8047),(8049,8042,8034),(8022,8015,7472),(7472,8051,
8022),(8023,8052,8020),(8040,8046,8037),(7410,7664,8053),(8053,8056,7410),
(8057,7411,8055),(7411,8057,8039),(7665,8054,7663),(8016,8018,8059),(8059,
7473,8016),(8005,8060,8017),(7474,8061,8006),(8006,8010,7474),(7472,8011,
8031),(7472,8062,7470),(8031,8062,7472),(7467,8064,7472),(8064,8066,7472),
(7472,8066,8051),(8056,8053,8069),(8071,8070,8054),(7665,8073,8054),(8054,
8073,8071),(8069,8075,8056),(8078,8055,8077),(8055,8080,8057),(8078,8080,
8055),(8069,6817,8075),(6815,8070,8082),(8071,8082,8070),(8076,6816,7476),
(8077,8084,8086),(7476,8085,8076),(8086,8078,8077),(8082,8088,6815),(6815,
8088,6818),(7478,8087,8085),(8085,7476,7478),(8090,8079,8087),(8087,7478,
8090),(8046,8040,8058),(8048,8058,8081),(8058,8048,8046),(8081,8079,8090),
(8090,8050,8081),(8081,8050,8048),(7479,8091,7477),(8049,8091,7479),(7479,
8042,8049),(8092,8043,8041),(8041,7481,8092),(8044,8094,8095),(8095,8097,
8044),(8097,8029,8044),(8096,8093,7480),(7480,7471,8096),(8063,8098,8096),
(8096,7471,8063),(8030,8098,8063),(8063,8032,8030),(7483,8024,8099),(8099,
7468,7483),(8102,8100,8025),(8104,8102,8025),(8025,8019,8104),(7469,8101,
8103),(8103,8065,7469),(8103,8106,8067),(8067,8065,8103),(8068,8105,8020),
(8020,8052,8068),(5614,6790,8107),(8109,8108,6789),(6789,6785,8109),(5616,
5615,8113),(8107,8114,5614),(6232,6231,8115),(6229,6235,8117),(8117,8121,
6229),(6230,8122,8123),(8123,8116,6230),(6238,6233,8125),(8126,6234,8129),
(8115,8128,6232),(6236,6243,8130),(8132,6241,6245),(6242,8134,8135),(8135,
8131,6242),(8138,8118,6237),(8130,8139,6236),(6237,8140,8138),(8141,6227,
6249),(7653,6228,8142),(8143,6250,6240),(8125,8145,6238),(6239,8147,8148),
(8148,8150,6239),(8143,6240,8151),(6244,5600,8152),(6245,8154,8132),(8155,
6246,8158),(8152,8157,6244),(8159,6247,6251),(6251,8162,8159),(8163,6252,
8144),(8166,6248,8161),(6249,8165,8141),(8167,8160,8164),(8144,8169,8163),
(8164,8170,8167),(8161,8168,8166),(8120,8119,8137),(8142,7655,7653),(8137,
8124,8120),(5598,5617,8171),(8171,8175,5598),(5599,8176,8177),(8177,8153,
5599),(8172,5618,8180),(8113,8179,5616),(8174,8173,8181),(8180,8182,8172),
(8146,8127,8183),(8129,8184,8126),(8185,8149,8146),(8146,8183,8185),(8133,
8156,8188),(8188,8136,8133),(8181,8178,8174),(8158,8189,8155),(8150,8148,
8190),(8191,8149,8185),(8190,8194,8150),(8151,8195,8143),(8193,8192,8169),
(8167,8170,8191),(8185,8196,8191),(8191,8199,8167),(8199,8191,8196),(8169,
8144,8193),(8116,8123,8187),(8185,8124,8137),(8187,8202,8116),(8115,8204,
8128),(8203,8186,8184),(8196,8185,8205),(8137,8205,8185),(8184,8129,8203),
(8201,8207,8166),(8166,8168,8201),(8141,8165,8209),(8211,8208,8200),(8200,
8213,8211),(8196,8212,8199),(8209,8210,8141),(8141,8210,8214),(8214,8218,
8141),(8142,8219,7647),(7647,7655,8142),(8198,8215,8211),(8211,8213,8198),
(8217,8216,8197),(8197,7648,8217),(7646,8196,7649),(8220,7649,8196),(8223,
8220,8196),(8196,8225,8223),(8205,8225,8196),(8182,8180,8227),(8227,8229,
8182),(8181,8230,8231),(8181,8233,8178),(8235,8233,8181),(8231,8235,8181),
(8237,8228,8179),(8179,8113,8237),(8229,8227,8239),(8242,8240,8228),(8228,
8237,8242),(8239,8244,8229),(7554,8230,8246),(8230,7554,8231),(8242,8247,
8240),(8249,8243,8238),(8242,8251,8247),(8252,8243,8249),(8241,8248,8254),
(8254,8245,8241),(8238,8114,8107),(8238,8257,8249),(8107,8257,8238),(8254,
8248,8253),(8249,8258,8252),(8253,8260,8254),(8261,8259,8250),(8261,8250,
8256),(7599,8255,8259),(7722,8259,8261),(8259,7722,8264),(8264,8267,8259),
(8259,8269,7599),(8267,8269,8259),(8256,8108,8272),(8272,8261,8256),(7599,
8246,8255),(8246,7599,7554),(8108,8109,8272),(8153,8177,8234),(8234,8274,
8153),(8157,8152,8275),(8234,8236,8274),(8277,8274,8236),(8278,8275,8276),
(8275,8278,8157),(8236,8232,8277),(8276,8280,8283),(7556,8281,8277),(8283,
8278,8276),(8277,8232,7556),(7630,8284,8282),(8282,7555,7630),(7645,8279,
8284),(8284,7630,7645),(8158,8279,7650),(8279,7645,7650),(7650,8189,8158),
(8188,7649,8220),(8220,8136,8188),(8131,8135,8222),(8222,8285,8131),(8130,
8287,8288),(8130,8288,8290),(8290,8292,8130),(8292,8139,8130),(8286,8221,
8224),(8224,8289,8286),(8289,8224,8226),(8226,8291,8289),(8293,8291,8226),
(8226,8206,8293),(8293,8206,8138),(8138,8140,8293),(8294,7616,7614),(7844,
7615,8297),(8299,8298,7617),(7617,8296,8299),(8294,7614,7619),(7893,8301,
8303),(8305,8301,7893),(8303,8307,7893),(7893,7859,8309),(8309,8305,7893),
(7894,8308,8311),(8313,7893,8316),(8318,8317,7894),(7895,7893,8313),(8311,
8318,7894),(8321,8304,8302),(8322,8302,8306),(8302,8322,8321),(8303,8324,
8307),(8327,8325,8304),(8304,8321,8327),(8328,8310,7861),(8331,7860,7863),
(7861,8332,8328),(8306,8310,8328),(8297,8307,8324),(8311,8308,8298),(8328,
8333,8306),(8306,8333,8322),(8297,8324,7844),(8336,7850,7846),(8337,7845,
8325),(7846,8339,8336),(8298,8299,8311),(7865,7850,8336),(8325,8327,8337),
(8340,7863,7866),(7863,8340,8331),(8336,8343,7865),(7866,8344,8340),(8345,
7659,7722),(8261,8345,7722),(8347,7722,7731),(8264,7722,8349),(8350,7724,
8352),(8353,7723,8348),(8356,7660,8346),(8358,7666,7661),(7661,8357,8358),
(8361,8346,8263),(8362,8262,8273),(8263,8364,8361),(8346,8361,8356),(8365,
8273,8112),(8273,8365,8362),(7731,8368,8370),(8370,8372,7731),(8374,8369,
7733),(8372,8347,7731),(8377,7732,7892),(7733,8378,8374),(8110,6787,8379),
(8382,8366,8111),(8383,8370,8368),(8385,8371,8384),(8368,7895,8383),(7895,
8387,8383),(8389,8384,8388),(8384,8389,8385),(8392,8373,8371),(8371,8385,
8392),(7896,8369,8374),(8316,8264,8393),(8395,8265,8317),(8393,8398,8316),
(8316,8398,8313),(8317,8318,8395),(8264,8400,8393),(8264,8349,8400),(8402,
8268,8266),(8266,8397,8402),(8394,8401,8405),(8399,8394,8406),(8405,8406,
8394),(8409,7899,7897),(7895,8313,8387),(8374,8410,7896),(7897,8412,8409),
(7901,7899,8409),(8413,8348,8373),(8373,8392,8413),(8388,8315,8415),(8388,
8419,8389),(8415,8419,8388),(8074,7666,8358),(8420,8072,8074),(8358,8423,
8074),(8074,8423,8420),(8083,8072,8420),(8424,7598,7600),(8427,7600,8271),
(7600,8427,8424),(8405,8401,8351),(7892,7904,8428),(8429,7903,7901),(7892,
8432,8377),(8428,8432,7892),(7901,8433,8429),(8409,8433,7901),(8416,8314,
8399),(8399,8436,8416),(8406,8436,8399),(8351,8437,8405),(8352,8438,8350),
(8441,8089,8083),(8083,8420,8441),(8270,8268,8402),(7619,7598,8424),(7619,
8424,8294),(8271,8442,8427),(8402,8443,8270),(8348,8413,8353),(6786,6821,
8446),(8446,8380,6786),(8447,6819,8089),(8089,8441,8447),(8446,6821,6819),
(6819,8447,8446),(8408,8411,8375),(8375,8376,8431),(8434,8375,8431),(8375,
8434,8408),(8431,8430,8434),(8359,8363,8367),(8367,8381,8445),(8367,8445,
8440),(8440,8421,8367),(8367,8422,8359),(8421,8422,8367),(8360,8363,8359),
(8445,8448,8440),(8359,8355,8360),(8435,8390,8418),(8418,8417,8435),(8386,
8390,8435),(8391,8386,8404),(8404,8439,8391),(8414,8391,8439),(8386,8407,
8404),(8435,8407,8386),(8439,8354,8414),(8335,8334,8329),(8329,8330,8341),
(8329,8342,8335),(8341,8342,8329),(8323,8334,8335),(8335,8320,8323),(8335,
8326,8320),(8335,8338,8326),(8426,8444,8403),(8403,8396,8426),(8426,8396,
8319),(8319,8425,8426),(8425,8319,8312),(8312,8300,8425),(8300,8295,8425)),
());
#28=COORDINATES_LIST('',3521,((-0.0171508636474609,-0.00966541385650635,
-0.0875100021362305),(-0.0171508636474609,-0.00966541385650635,-0.0845100021362305),
(-0.0171508636474609,-0.00673213577270508,-0.0845100021362305),(-0.0171508636474609,
-0.00614041423797607,-0.0875100021362305),(-0.0171508636474609,-0.00301854991912842,
-0.084800407409668),(-0.0171508636474609,-0.00301854991912842,-0.0845100021362305),
(-0.0171508636474609,-0.00052684497833252,-0.084800407409668),(-0.0171508636474609,
-0.00052684497833252,-0.0845100021362305),(-0.0171508636474609,0.00580360221862793,
-0.084800407409668),(-0.0171508636474609,0.00580360221862793,-0.0845100021362305),
(-0.0171508636474609,0.00664212894439697,-0.084800407409668),(-0.0171508636474609,
0.00664212894439697,-0.0845100021362305),(-0.0171508636474609,0.00822350978851318,
-0.084800407409668),(-0.0171508636474609,0.00822350978851318,-0.0845100021362305),
(-0.0171508636474609,0.0104696378707886,-0.084800407409668),(-0.0171508636474609,
0.0104696378707886,-0.0845100021362305),(-0.0171508636474609,0.0121637544631958,
-0.084800407409668),(-0.0171508636474609,0.0121637544631958,-0.0845100021362305),
(-0.0171508636474609,0.0167105140686035,-0.084800407409668),(-0.0171508636474609,
0.0167105140686035,-0.0845100021362305),(-0.0171508636474609,0.018355318069458,
-0.084800407409668),(-0.0171508636474609,0.018355318069458,-0.0845100021362305),
(-0.0171508636474609,0.021589075088501,-0.084800407409668),(-0.0171508636474609,
0.021589075088501,-0.0845100021362305),(-0.0171508636474609,0.0233139438629151,
-0.084800407409668),(-0.0171508636474609,0.0233139438629151,-0.0845100021362305),
(-0.0171508636474609,0.0260936946868897,-0.084800407409668),(-0.0171508636474609,
0.0260936946868897,-0.0845100021362305),(-0.0171508636474609,0.0279253234863281,
-0.084800407409668),(-0.0171508636474609,0.0279253234863281,-0.0845100021362305),
(-0.0171508636474609,0.0302050533294678,-0.084800407409668),(-0.0171508636474609,
0.0302050533294678,-0.0845100021362305),(-0.0171508636474609,0.032039379119873,
-0.084800407409668),(-0.0171508636474609,0.032039379119873,-0.0845100021362305),
(-0.0171508636474609,0.0331786155700683,-0.084800407409668),(-0.0171508636474609,
0.0331786155700683,-0.0845100021362305),(-0.0171508636474609,0.0351428604125977,
-0.084800407409668),(-0.0171508636474609,0.0351428604125977,-0.0845100021362305),
(-0.0171508636474609,0.0352097434997558,-0.084800407409668),(-0.0171508636474609,
0.0352097434997558,-0.0845100021362305),(-0.0171508636474609,0.037319206237793,
-0.0845100021362305),(-0.0171508636474609,0.0377712059020996,-0.084800407409668),
(-0.0171508636474609,0.0377712059020996,-0.0845100021362305),(-0.0171508636474609,
0.0389298095703125,-0.084800407409668),(-0.0171508636474609,0.0389298095703125,
-0.0845100021362305),(-0.0171508636474609,0.0414457969665527,-0.0845100021362305),
(-0.0171508636474609,0.042929515838623,-0.084800407409668),(-0.0171508636474609,
0.042929515838623,-0.0845100021362305),(-0.0171508636474609,0.0454713706970215,
-0.084800407409668),(-0.0171508636474609,0.0454713706970215,-0.0845100021362305),
(-0.0171508636474609,0.0464368476867676,-0.0845100021362305),(-0.0171508636474609,
0.0484699668884277,-0.084800407409668),(-0.0171508636474609,0.0484699668884277,
-0.0845100021362305),(-0.0171508636474609,0.0496855697631836,-0.084800407409668),
(-0.0171508636474609,0.0496855697631836,-0.0845100021362305),(-0.0171508636474609,
0.0517475662231445,-0.0845100021362305),(-0.0171508636474609,0.0522670249938965,
-0.084800407409668),(-0.0171508636474609,0.0522670249938965,-0.0845100021362305),
(-0.0171508636474609,0.0534963417053223,-0.084800407409668),(-0.0171508636474609,
0.0534963417053223,-0.0845100021362305),(-0.0171508636474609,0.0551704635620117,
-0.084800407409668),(-0.0171508636474609,0.0551704635620117,-0.0845100021362305),
(-0.0171508636474609,0.0564950904846191,-0.084800407409668),(-0.0171508636474609,
0.0564950904846191,-0.0845100021362305),(-0.0171508636474609,0.0581306266784668,
-0.084800407409668),(-0.0171508636474609,0.0581306266784668,-0.0845100021362305),
(-0.0171508636474609,0.0602906341552734,-0.084800407409668),(-0.0171508636474609,
0.0602906341552734,-0.0845100021362305),(-0.0171508636474609,0.0620254440307617,
-0.084800407409668),(-0.0171508636474609,0.0620254440307617,-0.0845100021362305),
(-0.0171508636474609,0.065121223449707,-0.084800407409668),(-0.0171508636474609,
0.065121223449707,-0.0845100021362305),(-0.0171508636474609,0.0693364334106445,
-0.084800407409668),(-0.0171508636474609,0.0693364334106445,-0.0845100021362305),
(-0.0171508636474609,0.0775221405029297,-0.084800407409668),(-0.0171508636474609,
0.0775221405029297,-0.0845100021362305),(-0.0171508636474609,0.0844517364501953,
-0.084800407409668),(-0.0171508636474609,0.0844517364501953,-0.0845100021362305),
(-0.0171508636474609,0.0873099670410156,-0.084800407409668),(-0.0171508636474609,
0.0873099670410156,-0.0845100021362305),(-0.0171508636474609,0.0904662399291992,
-0.084800407409668),(-0.0171508636474609,0.0904662399291992,-0.0845100021362305),
(-0.0171508636474609,0.091462287902832,-0.0875100021362305),(-0.0171508636474609,
0.091462287902832,-0.084800407409668),(-0.0171447944641114,0.091701042175293,
-0.084800407409668),(-0.0171447944641114,0.091701042175293,-0.0845100021362305),
(-0.0169641304016113,0.0380681343078614,-0.084800407409668),(-0.0169641304016113,
0.0380681343078614,-0.0845100021362305),(-0.0168679313659668,0.0500357284545899,
-0.084800407409668),(-0.0168679313659668,0.0500357284545899,-0.0845100021362305),
(-0.0168329620361328,0.0523797264099121,-0.084800407409668),(-0.0168329620361328,
0.0523797264099121,-0.0845100021362305),(-0.0168125858306885,0.0383859901428223,
-0.084800407409668),(-0.0168125858306885,0.0383859901428223,-0.0845100021362305),
(-0.0167930965423584,-0.0114640245437622,-0.0875100021362305),(-0.0167930965423584,
-0.0114640245437622,-0.0845100021362305),(-0.0167930965423584,0.0932608947753906,
-0.0875100021362305),(-0.0167930965423584,0.0932608947753906,-0.0845100021362305),
(-0.0167903556823731,0.0669337387084961,-0.084800407409668),(-0.0167903556823731,
0.0669337387084961,-0.0845100021362305),(-0.0167730350494385,-0.01151171875,
-0.084800407409668),(-0.0167730350494385,-0.01151171875,-0.0845100021362305),
(-0.0166436367034912,0.0699596099853516,-0.084800407409668),(-0.0166436367034912,
0.0699596099853516,-0.0845100021362305),(-0.0166336460113525,0.0580785369873047,
-0.084800407409668),(-0.0166336460113525,0.0580785369873047,-0.0845100021362305),
(-0.0166233634948731,0.00137967598438263,-0.084800407409668),(-0.0166233634948731,
0.00137967598438263,-0.0845100021362305),(-0.0165997104644776,0.0921119613647461,
-0.084800407409668),(-0.0165997104644776,0.0921119613647461,-0.0845100021362305),
(-0.0165924530029297,0.0464821510314941,-0.0845100021362305),(-0.0165797271728515,
0.0503816528320313,-0.084800407409668),(-0.0165797271728515,0.0503816528320313,
-0.0845100021362305),(-0.0165761299133301,-0.0112401466369629,-0.084800407409668),
(-0.0165761299133301,-0.0112401466369629,-0.0845100021362305),(-0.0165640182495117,
0.0914336929321289,-0.084800407409668),(-0.0165640182495117,0.0914336929321289,
-0.0845100021362305),(-0.0165131759643555,0.0524868049621582,-0.084800407409668),
(-0.0165131759643555,0.0524868049621582,-0.0845100021362305),(-0.0164958171844483,
-0.0120588121414185,-0.084800407409668),(-0.0164958171844483,-0.0120588121414185,
-0.0845100021362305),(-0.016338005065918,-0.0109957675933838,-0.084800407409668),
(-0.016338005065918,-0.0109957675933838,-0.0845100021362305),(-0.0163068637847901,
0.0496896018981934,-0.084800407409668),(-0.0163068637847901,0.0496896018981934,
-0.0845100021362305),(-0.0163033256530761,0.0506012191772461,-0.084800407409668),
(-0.0163033256530761,0.0506012191772461,-0.0845100021362305),(-0.0162642269134521,
0.000633971989154816,-0.084800407409668),(-0.0162642269134521,0.000633971989154816,
-0.0845100021362305),(-0.0162215480804443,0.0362199172973633,-0.084800407409668),
(-0.0162215480804443,0.0362199172973633,-0.0845100021362305),(-0.0161227340698242,
0.0705721054077148,-0.084800407409668),(-0.0161227340698242,0.0705721054077148,
-0.0845100021362305),(-0.016118371963501,0.0580258827209473,-0.084800407409668),
(-0.016118371963501,0.0580258827209473,-0.0845100021362305),(-0.016111759185791,
-0.00624165487289429,-0.084800407409668),(-0.016111759185791,-0.00624165487289429,
-0.0845100021362305),(-0.0160159854888916,0.0415012512207031,-0.0845100021362305),
(-0.0159963855743408,0.00325967407226563,-0.084800407409668),(-0.0159963855743408,
0.00325967407226563,-0.0845100021362305),(-0.0159905290603638,0.0725603637695313,
-0.0845100021362305),(-0.0159719038009643,0.0923977661132813,-0.084800407409668),
(-0.0159719038009643,0.0923977661132813,-0.0845100021362305),(-0.0159306125640869,
0.0533168563842773,-0.084800407409668),(-0.0159306125640869,0.0533168563842773,
-0.0845100021362305),(-0.0158442010879516,0.0681797485351563,-0.084800407409668),
(-0.0158442010879516,0.0681797485351563,-0.0845100021362305),(-0.0158340177536011,
0.087933235168457,-0.084800407409668),(-0.0158340177536011,0.087933235168457,
-0.0845100021362305),(-0.0158163080215454,0.0035969250202179,-0.084800407409668),
(-0.0158163080215454,0.0035969250202179,-0.0845100021362305),(-0.0157834539413452,
0.0745003509521484,-0.0845100021362305),(-0.0157742652893067,-0.0129888153076172,
-0.0875100021362305),(-0.0157742652893067,-0.0129888153076172,-0.0845100021362305),
(-0.0157742652893067,0.0947856903076172,-0.0875100021362305),(-0.0157742652893067,
0.0947856903076172,-0.0845100021362305),(-0.0156863269805908,0.0507961273193359,
-0.084800407409668),(-0.0156863269805908,0.0507961273193359,-0.0845100021362305),
(-0.0155841522216797,0.0527861633300781,-0.084800407409668),(-0.0155841522216797,
0.0527861633300781,-0.0845100021362305),(-0.0155830354690552,0.0902760925292969,
-0.084800407409668),(-0.0155830354690552,0.0902760925292969,-0.0845100021362305),
(-0.0155200605392456,0.0838822708129883,-0.084800407409668),(-0.0155200605392456,
0.0838822708129883,-0.0845100021362305),(-0.0154936428070069,-0.0132475214004517,
-0.084800407409668),(-0.0154936428070069,-0.0132475214004517,-0.0845100021362305),
(-0.0154584045410156,0.00697477102279663,-0.084800407409668),(-0.0154584045410156,
0.00697477102279663,-0.0845100021362305),(-0.0154247932434082,0.00649910497665405,
-0.084800407409668),(-0.0154247932434082,0.00649910497665405,-0.0845100021362305),
(-0.0154189882278443,0.0484117774963379,-0.084800407409668),(-0.0154189882278443,
0.0484117774963379,-0.0845100021362305),(-0.0154151544570923,0.0508776206970215,
-0.084800407409668),(-0.0154151544570923,0.0508776206970215,-0.0845100021362305),
(-0.0152886295318604,-0.00463734102249146,-0.084800407409668),(-0.0152886295318604,
-0.00463734102249146,-0.0845100021362305),(-0.0152745809555053,0.00402311706542969,
-0.084800407409668),(-0.0152745809555053,0.00402311706542969,-0.0845100021362305),
(-0.0152481756210327,0.0778153991699219,-0.0845100021362305),(-0.0152134199142456,
0.0464616889953613,-0.0845100021362305),(-0.0151981763839721,-0.000519562005996704,
-0.084800407409668),(-0.0151981763839721,-0.000519562005996704,-0.0845100021362305),
(-0.015136872291565,0.0418918571472168,-0.0845100021362305),(-0.0150780363082886,
0.0369570426940918,-0.084800407409668),(-0.0150780363082886,0.0369570426940918,
-0.0845100021362305),(-0.0150315351486206,0.037319206237793,-0.0845100021362305),
(-0.0150315351486206,0.0414457969665527,-0.0845100021362305),(-0.0150315351486206,
0.0464368476867676,-0.0845100021362305),(-0.0150315351486206,0.0517475662231445,
-0.0845100021362305),(-0.0150315351486206,0.0701566848754883,-0.0845100021362305),
(-0.0150315351486206,0.072535400390625,-0.0845100021362305),(-0.0150315351486206,
0.0744626007080078,-0.0845100021362305),(-0.0150300855636597,0.0369807395935058,
-0.0845100021362305),(-0.0150226001739502,0.00418815422058106,-0.084800407409668),
(-0.0150226001739502,0.00418815422058106,-0.0845100021362305),(-0.0150220041275024,
-0.0106250219345093,-0.084800407409668),(-0.0150220041275024,-0.0106250219345093,
-0.0845100021362305),(-0.0149748058319092,0.0791130218505859,-0.0845100021362305),
(-0.0148629064559936,0.0693997802734375,-0.084800407409668),(-0.0148629064559936,
0.0693997802734375,-0.0845100021362305),(-0.0148098621368408,-0.00722261619567871,
-0.084800407409668),(-0.0148098621368408,-0.00722261619567871,-0.0845100021362305),
(-0.0147033519744873,0.0531915702819824,-0.084800407409668),(-0.0147033519744873,
0.0531915702819824,-0.0845100021362305),(-0.0146344423294067,-0.0138273820877075,
-0.084800407409668),(-0.0146344423294067,-0.0138273820877075,-0.0845100021362305),
(-0.0145899257659912,0.0807007217407227,-0.084800407409668),(-0.0145899257659912,
0.0807007217407227,-0.0845100021362305),(-0.0144960718154907,0.0476287956237793,
-0.084800407409668),(-0.0144960718154907,0.0476287956237793,-0.0845100021362305),
(-0.0144703531265259,-0.00302975606918335,-0.084800407409668),(-0.0144703531265259,
-0.00302975606918335,-0.0845100021362305),(-0.0144184608459473,0.0372867393493653,
-0.0845100021362305),(-0.0143996648788452,-0.00676232814788818,-0.0845100021362305),
(-0.0143074579238892,-0.00604124593734741,-0.084800407409668),(-0.0143074579238892,
-0.00604124593734741,-0.0845100021362305),(-0.0142774534225464,0.0728075408935547,
-0.084800407409668),(-0.0142774534225464,0.0728075408935547,-0.0845100021362305),
(-0.0142494745254517,-0.0140076484680176,-0.0875100021362305),(-0.0142494745254517,
-0.0140076484680176,-0.0845100021362305),(-0.0142494745254517,0.0958045196533203,
-0.0875100021362305),(-0.0142494745254517,0.0958045196533203,-0.0845100021362305),
(-0.0142086515426636,0.0912884902954102,-0.084800407409668),(-0.0142086515426636,
0.0912884902954102,-0.0845100021362305),(-0.0141856260299683,-0.0119381246566772,
-0.084800407409668),(-0.0141856260299683,-0.0119381246566772,-0.0845100021362305),
(-0.0140992393493652,-0.00205440497398377,-0.084800407409668),(-0.0140992393493652,
-0.00205440497398377,-0.0845100021362305),(-0.0139287977218628,0.0650937347412109,
-0.084800407409668),(-0.0139287977218628,0.0650937347412109,-0.0845100021362305),
(-0.0138694229125977,-0.00103336298465729,-0.084800407409668),(-0.0138694229125977,
-0.00103336298465729,-0.0845100021362305),(-0.0137850036621094,0.0931153411865234,
-0.084800407409668),(-0.0137850036621094,0.0931153411865234,-0.0845100021362305),
(-0.0137738876342773,0.00734377384185791,-0.084800407409668),(-0.0137738876342773,
0.00734377384185791,-0.0845100021362305),(-0.0137052268981934,-0.00488910579681397,
-0.084800407409668),(-0.0137052268981934,-0.00488910579681397,-0.0845100021362305),
(-0.0136355218887329,0.0460236930847168,-0.084800407409668),(-0.0136355218887329,
0.0460236930847168,-0.0845100021362305),(-0.013585431098938,-0.00915442943572998,
-0.084800407409668),(-0.013585431098938,-0.00915442943572998,-0.0845100021362305),
(-0.0135587291717529,-0.00971242141723633,-0.0875100021362305),(-0.0135587291717529,
-0.00971242141723633,-0.0845100021362305),(-0.0135587291717529,-0.00901840591430664,
-0.0875100021362305),(-0.0135587291717529,-0.00901840591430664,-0.084800407409668),
(-0.0135587291717529,0.0907750778198242,-0.0875100021362305),(-0.0135587291717529,
0.0907750778198242,-0.0845100021362305),(-0.0135587291717529,0.0914690933227539,
-0.0875100021362305),(-0.0135587291717529,0.0914690933227539,-0.0845100021362305),
(-0.0134857501983643,0.0935029449462891,-0.084800407409668),(-0.0134857501983643,
0.0935029449462891,-0.0845100021362305),(-0.0134561948776245,0.008996169090271,
-0.084800407409668),(-0.0134561948776245,0.008996169090271,-0.0845100021362305),
(-0.0134302988052368,0.0511908187866211,-0.084800407409668),(-0.0134302988052368,
0.0511908187866211,-0.0845100021362305),(-0.0134053068161011,0.0926447677612305,
-0.084800407409668),(-0.0134053068161011,0.0926447677612305,-0.0845100021362305),
(-0.0133894081115723,0.0738349380493164,-0.084800407409668),(-0.0133894081115723,
0.0738349380493164,-0.0845100021362305),(-0.0133774118423462,0.0464582176208496,
-0.0845100021362305),(-0.0132727146148682,0.0417394371032715,-0.084800407409668),
(-0.0132727146148682,0.0417394371032715,-0.0845100021362305),(-0.013262903213501,
0.0545909843444824,-0.084800407409668),(-0.013262903213501,0.0545909843444824,
-0.0845100021362305),(-0.0132549867630005,0.00493850708007813,-0.084800407409668),
(-0.0132549867630005,0.00493850708007813,-0.0845100021362305),(-0.0132362041473389,
-0.010326940536499,-0.0875100021362305),(-0.0132362041473389,-0.010326940536499,
-0.0845100021362305),(-0.0132362041473389,-0.00840388584136963,-0.0875100021362305),
(-0.0132362041473389,-0.00840388584136963,-0.084800407409668),(-0.0132362041473389,
0.0901605606079102,-0.0875100021362305),(-0.0132362041473389,0.0901605606079102,
-0.0845100021362305),(-0.0132362041473389,0.092083610534668,-0.0875100021362305),
(-0.0132362041473389,0.092083610534668,-0.0845100021362305),(-0.0132151679992676,
0.0713483428955078,-0.084800407409668),(-0.0132151679992676,0.0713483428955078,
-0.0845100021362305),(-0.0131754093170166,0.035080810546875,-0.084800407409668),
(-0.0131754093170166,0.035080810546875,-0.0845100021362305),(-0.0130190696716309,
0.0899607467651367,-0.084800407409668),(-0.0130190696716309,0.0899607467651367,
-0.0845100021362305),(-0.0129990711212158,0.0457762298583984,-0.084800407409668),
(-0.0129990711212158,0.0457762298583984,-0.0845100021362305),(-0.0129713430404663,
-0.0143365058898926,-0.084800407409668),(-0.0129713430404663,-0.0143365058898926,
-0.0845100021362305),(-0.012943078994751,0.0515496406555176,-0.084800407409668),
(-0.012943078994751,0.0515496406555176,-0.0845100021362305),(-0.0129255123138428,
0.0858815231323242,-0.0845100021362305),(-0.0129012889862061,-0.0106061239242554,
-0.084800407409668),(-0.0129012889862061,-0.0106061239242554,-0.0845100021362305),
(-0.0128496265411377,0.0938947143554688,-0.084800407409668),(-0.0128496265411377,
0.0938947143554688,-0.0845100021362305),(-0.0128302659988403,0.00260362505912781,
-0.084800407409668),(-0.0128302659988403,0.00260362505912781,-0.0845100021362305),
(-0.0126650409698486,-0.0107211875915527,-0.0875100021362305),(-0.0126650409698486,
-0.0107211875915527,-0.084800407409668),(-0.0126650409698486,-0.00800963878631592,
-0.0875100021362305),(-0.0126650409698486,-0.00800963878631592,-0.084800407409668),
(-0.0126650409698486,0.0897663116455078,-0.0875100021362305),(-0.0126650409698486,
0.0897663116455078,-0.084800407409668),(-0.0126650409698486,0.0924778594970703,
-0.0875100021362305),(-0.0126650409698486,0.0924778594970703,-0.0845100021362305),
(-0.0126250715255737,0.0940090637207031,-0.084800407409668),(-0.0126250715255737,
0.0940090637207031,-0.0845100021362305),(-0.0125737838745117,0.0464745178222656,
-0.0845100021362305),(-0.0125704193115234,-0.00681547021865845,-0.0845100021362305),
(-0.0125362911224365,0.0748868103027344,-0.084800407409668),(-0.0125362911224365,
0.0748868103027344,-0.0845100021362305),(-0.0124508638381958,-0.0143654136657715,
-0.0875100021362305),(-0.0124508638381958,-0.0143654136657715,-0.084800407409668),
(-0.0124508638381958,0.0961622848510742,-0.0875100021362305),(-0.0124508638381958,
0.0961622848510742,-0.0845100021362305),(-0.0124404201507568,-0.00794461917877197,
-0.084800407409668),(-0.0124404201507568,-0.00794461917877197,-0.0845100021362305),
(-0.0124074974060059,0.00559198808670044,-0.084800407409668),(-0.0124074974060059,
0.00559198808670044,-0.0845100021362305),(-0.0123614358901978,0.0823032989501953,
-0.084800407409668),(-0.0123614358901978,0.0823032989501953,-0.0845100021362305),
(-0.0123218469619751,0.0724449615478516,-0.084800407409668),(-0.0123218469619751,
0.0724449615478516,-0.0845100021362305),(-0.0123211603164673,0.0402278976440429,
-0.084800407409668),(-0.0123211603164673,0.0402278976440429,-0.0845100021362305),
(-0.0123137559890747,0.0668850250244141,-0.084800407409668),(-0.0123137559890747,
0.0668850250244141,-0.0845100021362305),(-0.012280252456665,0.0759533843994141,
-0.084800407409668),(-0.012280252456665,0.0759533843994141,-0.0845100021362305),
(-0.0120839414596558,0.0770330429077148,-0.084800407409668),(-0.0120839414596558,
0.0770330429077148,-0.0845100021362305),(-0.0120159873962402,0.0375105934143067,
-0.084800407409668),(-0.0120159873962402,0.0375105934143067,-0.0845100021362305),
(-0.0119760856628418,-0.0108048419952393,-0.0875100021362305),(-0.0119760856628418,
-0.0108048419952393,-0.084800407409668),(-0.0119760856628418,-0.00792598581314087,
-0.0875100021362305),(-0.0119760856628418,-0.00792598581314087,-0.0845100021362305),
(-0.0119760856628418,0.0896826553344727,-0.0875100021362305),(-0.0119760856628418,
0.0896826553344727,-0.084800407409668),(-0.0119760856628418,0.0925615158081055,
-0.0875100021362305),(-0.0119760856628418,0.0925615158081055,-0.0845100021362305),
(-0.0118411121368408,0.0518673324584961,-0.084800407409668),(-0.0118411121368408,
0.0518673324584961,-0.0845100021362305),(-0.011778621673584,-0.00723544120788574,
-0.084800407409668),(-0.011778621673584,-0.00723544120788574,-0.0845100021362305),
(-0.0117377128601074,0.0714217910766602,-0.084800407409668),(-0.0117377128601074,
0.0714217910766602,-0.0845100021362305),(-0.0116292505264282,0.0924750137329102,
-0.084800407409668),(-0.0116292505264282,0.0924750137329102,-0.0845100021362305),
(-0.0114939012527466,0.0848916091918945,-0.0845100021362305),(-0.011465142250061,
0.00613445711135864,-0.084800407409668),(-0.011465142250061,0.00613445711135864,
-0.0845100021362305),(-0.0114615173339844,0.04819287109375,-0.0845100021362305),
(-0.0114553565979004,0.0494228897094727,-0.0845100021362305),(-0.0114268894195557,
0.0434915733337402,-0.084800407409668),(-0.0114268894195557,0.0434915733337402,
-0.0845100021362305),(-0.011420708656311,0.0893621292114258,-0.0845100021362305),
(-0.0114204816818237,0.0453979301452637,-0.0845100021362305),(-0.0114190902709961,
0.0893654861450195,-0.0845100021362305),(-0.0113853645324707,0.0735056991577149,
-0.084800407409668),(-0.0113853645324707,0.0735056991577149,-0.0845100021362305),
(-0.0113431549072266,0.052019401550293,-0.084800407409668),(-0.0113431549072266,
0.052019401550293,-0.0845100021362305),(-0.0113410043716431,0.0236663188934326,
-0.084800407409668),(-0.0113410043716431,0.0236663188934326,-0.0845100021362305),
(-0.011327169418335,-0.0105587406158447,-0.0875100021362305),(-0.011327169418335,
-0.0105587406158447,-0.084800407409668),(-0.011327169418335,-0.00817208576202393,
-0.0875100021362305),(-0.011327169418335,-0.00817208576202393,-0.0845100021362305),
(-0.011327169418335,0.0899287567138672,-0.0875100021362305),(-0.011327169418335,
0.0899287567138672,-0.084800407409668),(-0.011327169418335,0.0923154144287109,
-0.0875100021362305),(-0.011327169418335,0.0923154144287109,-0.084800407409668),
(-0.0113257637023926,0.0544832229614258,-0.0845100021362305),(-0.0113243007659912,
0.0414457969665527,-0.0845100021362305),(-0.0113243007659912,0.0464368476867676,
-0.0845100021362305),(-0.0113243007659912,0.0517475662231445,-0.0845100021362305),
(-0.0113243007659912,0.0701566848754883,-0.0845100021362305),(-0.0113243007659912,
0.0744626007080078,-0.0845100021362305),(-0.0113243007659912,0.0790916290283203,
-0.0845100021362305),(-0.0113243007659912,0.0857831115722656,-0.0845100021362305),
(-0.0113117189407349,-0.00673252677917481,-0.0845100021362305),(-0.011288703918457,
-0.00673213577270508,-0.0845100021362305),(-0.011288330078125,-0.00670729923248291,
-0.0845100021362305),(-0.0112765941619873,0.0124366912841797,-0.0845100021362305),
(-0.0112758359909058,0.00958849811553955,-0.0845100021362305),(-0.0112657403945923,
0.038973403930664,-0.0845100021362305),(-0.0112535066604614,0.0185929679870605,
-0.0845100021362305),(-0.0112362232208252,-0.00517617797851563,-0.0845100021362305),
(-0.011199423789978,-0.00166736900806427,-0.0845100021362305),(-0.0111274881362915,
0.0858650970458984,-0.0845100021362305),(-0.0111190204620361,-0.00652460289001465,
-0.084800407409668),(-0.0111190204620361,-0.00652460289001465,-0.0845100021362305),
(-0.0111122665405273,0.00320508289337158,-0.084800407409668),(-0.0111122665405273,
0.00320508289337158,-0.0845100021362305),(-0.0110542316436768,0.059627384185791,
-0.084800407409668),(-0.0110542316436768,0.059627384185791,-0.0845100021362305),
(-0.0110496053695679,-0.00273780798912049,-0.0845100021362305),(-0.010976203918457,
-0.0085153112411499,-0.084800407409668),(-0.010976203918457,-0.0085153112411499,
-0.0845100021362305),(-0.0109540815353394,0.0903034210205078,-0.084800407409668),
(-0.0109540815353394,0.0903034210205078,-0.0845100021362305),(-0.0108669519424438,
-0.0100392627716064,-0.0875100021362305),(-0.0108669519424438,-0.0100392627716064,
-0.084800407409668),(-0.0108669519424438,-0.00869156646728516,-0.0875100021362305),
(-0.0108669519424438,-0.00869156646728516,-0.084800407409668),(-0.0108669519424438,
0.0904482345581055,-0.0875100021362305),(-0.0108669519424438,0.0904482345581055,
-0.0845100021362305),(-0.0108669519424438,0.0917959365844727,-0.0875100021362305),
(-0.0108669519424438,0.0917959365844727,-0.084800407409668),(-0.0108460092544556,
0.0417559738159179,-0.084800407409668),(-0.0108460092544556,0.0417559738159179,
-0.0845100021362305),(-0.0108238096237183,0.0126309499740601,-0.084800407409668),
(-0.0108238096237183,0.0126309499740601,-0.0845100021362305),(-0.0107894077301025,
0.0906231460571289,-0.084800407409668),(-0.0107894077301025,0.0906231460571289,
-0.0845100021362305),(-0.0107088794708252,0.0652570190429688,-0.084800407409668),
(-0.0107088794708252,0.0652570190429688,-0.0845100021362305),(-0.0107008638381958,
-0.00936541366577148,-0.0875100021362305),(-0.0107008638381958,-0.00936541366577148,
-0.084800407409668),(-0.0107008638381958,0.0911220855712891,-0.0875100021362305),
(-0.0107008638381958,0.0911220855712891,-0.084800407409668),(-0.0105806112289429,
0.0941428909301758,-0.084800407409668),(-0.0105806112289429,0.0941428909301758,
-0.0845100021362305),(-0.0105335674285889,0.00125019705295563,-0.084800407409668),
(-0.0105335674285889,0.00125019705295563,-0.0845100021362305),(-0.0104431324005127,
0.00504478788375855,-0.084800407409668),(-0.0104431324005127,0.00504478788375855,
-0.0845100021362305),(-0.0103559331893921,-0.00404757881164551,-0.084800407409668),
(-0.0103559331893921,-0.00404757881164551,-0.0845100021362305),(-0.0103442554473877,
0.0838465118408203,-0.084800407409668),(-0.0103442554473877,0.0838465118408203,
-0.0845100021362305),(-0.0103198318481445,0.0697817611694336,-0.0845100021362305),
(-0.010294095993042,0.077361572265625,-0.084800407409668),(-0.010294095993042,
0.077361572265625,-0.0845100021362305),(-0.0102651119232178,0.0715766983032227,
-0.084800407409668),(-0.0102651119232178,0.0715766983032227,-0.0845100021362305),
(-0.0102276086807251,-0.0143654136657715,-0.084800407409668),(-0.0102276086807251,
-0.0143654136657715,-0.0845100021362305),(-0.0102213716506958,0.00187808799743652,
-0.084800407409668),(-0.0102213716506958,0.00187808799743652,-0.0845100021362305),
(-0.0101937589645386,0.0474386138916016,-0.084800407409668),(-0.0101937589645386,
0.0474386138916016,-0.0845100021362305),(-0.0100368070602417,0.0147065477371216,
-0.084800407409668),(-0.0100368070602417,0.0147065477371216,-0.0845100021362305),
(-0.00993968963623047,-0.00129244494438171,-0.084800407409668),(-0.00993968963623047,
-0.00129244494438171,-0.0845100021362305),(-0.0098793134689331,0.00248962306976319,
-0.084800407409668),(-0.0098793134689331,0.00248962306976319,-0.0845100021362305),
(-0.00983935356140137,0.0100577354431152,-0.084800407409668),(-0.00983935356140137,
0.0100577354431152,-0.0845100021362305),(-0.00973087406158447,0.00549385023117065,
-0.084800407409668),(-0.00973087406158447,0.00549385023117065,-0.0845100021362305),
(-0.00969221115112305,0.0517868957519531,-0.0845100021362305),(-0.00964420223236084,
0.00683711290359497,-0.084800407409668),(-0.00964420223236084,0.00683711290359497,
-0.0845100021362305),(-0.00961020755767822,0.0893876113891602,-0.0845100021362305),
(-0.00959763145446777,0.0452601737976074,-0.084800407409668),(-0.00959763145446777,
0.0452601737976074,-0.0845100021362305),(-0.00952692890167236,0.000566974997520447,
-0.084800407409668),(-0.00952692890167236,0.000566974997520447,-0.0845100021362305),
(-0.00950694942474365,0.0102619791030884,-0.084800407409668),(-0.00950694942474365,
0.0102619791030884,-0.0845100021362305),(-0.0094433765411377,0.00717107391357422,
-0.084800407409668),(-0.0094433765411377,0.00717107391357422,-0.0845100021362305),
(-0.00943906784057617,-0.00675563001632691,-0.0845100021362305),(-0.00943343353271484,
0.0756869659423828,-0.084800407409668),(-0.00943343353271484,0.0756869659423828,
-0.0845100021362305),(-0.00939586734771729,0.0957163162231445,-0.084800407409668),
(-0.00939586734771729,0.0957163162231445,-0.0845100021362305),(-0.00934947109222412,
0.00288117408752442,-0.084800407409668),(-0.00934947109222412,0.00288117408752442,
-0.0845100021362305),(-0.00933367729187012,0.05449853515625,-0.084800407409668),
(-0.00933367729187012,0.05449853515625,-0.0845100021362305),(-0.00930595970153809,
0.0784214706420899,-0.084800407409668),(-0.00930595970153809,0.0784214706420899,
-0.0845100021362305),(-0.00926712608337402,0.0371092796325684,-0.084800407409668),
(-0.00926712608337402,0.0371092796325684,-0.0845100021362305),(-0.00922941875457764,
0.0105363969802856,-0.084800407409668),(-0.00922941875457764,0.0105363969802856,
-0.0845100021362305),(-0.00918612003326416,0.0934527587890625,-0.084800407409668),
(-0.00918612003326416,0.0934527587890625,-0.0845100021362305),(-0.00916286754608154,
0.0430442886352539,-0.084800407409668),(-0.00916286754608154,0.0430442886352539,
-0.0845100021362305),(-0.00909195518493652,0.052526065826416,-0.084800407409668),
(-0.00909195518493652,0.052526065826416,-0.0845100021362305),(-0.00909080028533936,
0.0194415798187256,-0.084800407409668),(-0.00909080028533936,0.0194415798187256,
-0.0845100021362305),(-0.00904620170593262,0.0612469863891602,-0.084800407409668),
(-0.00904620170593262,0.0612469863891602,-0.0845100021362305),(-0.00903805255889893,
0.0959416122436523,-0.084800407409668),(-0.00903805255889893,0.0959416122436523,
-0.0845100021362305),(-0.00894007873535156,0.0907483749389648,-0.0845100021362305),
(-0.00892586326599121,-0.0143654136657715,-0.0875100021362305),(-0.00892586326599121,
-0.00614041423797607,-0.0875100021362305),(-0.00892586326599121,0.0961622848510742,
-0.0875100021362305),(-0.00890867424011231,-0.00828758907318115,-0.084800407409668),
(-0.00890867424011231,-0.00828758907318115,-0.0845100021362305),(-0.00879551315307617,
0.0211149921417236,-0.084800407409668),(-0.00879551315307617,0.0211149921417236,
-0.0845100021362305),(-0.00876336479187012,0.00758033990859985,-0.084800407409668),
(-0.00876336479187012,0.00758033990859985,-0.0845100021362305),(-0.00874995136260986,
0.0517953910827637,-0.0845100021362305),(-0.00867656135559082,0.0961622848510742,
-0.084800407409668),(-0.00867656135559082,0.0961622848510742,-0.0845100021362305),
(-0.00866394519805908,0.0912818756103516,-0.084800407409668),(-0.00866394519805908,
0.0912818756103516,-0.0845100021362305),(-0.00860648727416992,0.0525273628234863,
-0.084800407409668),(-0.00860648727416992,0.0525273628234863,-0.0845100021362305),
(-0.00838352966308594,0.0768909912109375,-0.084800407409668),(-0.00838352966308594,
0.0768909912109375,-0.0845100021362305),(-0.00837776184082031,0.0795252685546875,
-0.084800407409668),(-0.00837776184082031,0.0795252685546875,-0.0845100021362305),
(-0.00834441471099854,0.00778092813491821,-0.084800407409668),(-0.00834441471099854,
0.00778092813491821,-0.0845100021362305),(-0.00830062389373779,0.0316216297149658,
-0.084800407409668),(-0.00830062389373779,0.0316216297149658,-0.0845100021362305),
(-0.00828743743896484,0.0299098567962646,-0.084800407409668),(-0.00828743743896484,
0.0299098567962646,-0.0845100021362305),(-0.00825136566162109,0.0265783939361573,
-0.084800407409668),(-0.00825136566162109,0.0265783939361573,-0.0845100021362305),
(-0.00823354434967041,0.00455805397033691,-0.084800407409668),(-0.00823354434967041,
0.00455805397033691,-0.0845100021362305),(-0.00822868061065674,-0.0143654136657715,
-0.084800407409668),(-0.00822868061065674,-0.0143654136657715,-0.0845100021362305),
(-0.00819669628143311,0.0893561706542969,-0.0845100021362305),(-0.00818507289886475,
0.00546062707901001,-0.084800407409668),(-0.00818507289886475,0.00546062707901001,
-0.0845100021362305),(-0.00812281322479248,0.052523811340332,-0.084800407409668),
(-0.00812281322479248,0.052523811340332,-0.0845100021362305),(-0.00805903434753418,
-0.00933019256591797,-0.084800407409668),(-0.00805903434753418,-0.00933019256591797,
-0.0845100021362305),(-0.00788983106613159,0.0560860939025879,-0.084800407409668),
(-0.00788983106613159,0.0560860939025879,-0.0845100021362305),(-0.00784549379348755,
0.0672164077758789,-0.084800407409668),(-0.00784549379348755,0.0672164077758789,
-0.0845100021362305),(-0.00779077911376953,-0.00265589809417724,-0.084800407409668),
(-0.00779077911376953,-0.00265589809417724,-0.0845100021362305),(-0.00770802879333496,
0.0903729553222656,-0.084800407409668),(-0.00770802879333496,0.0903729553222656,
-0.0845100021362305),(-0.00763903522491455,0.0742260665893555,-0.0845100021362305),
(-0.00754170989990234,-0.00445781421661377,-0.084800407409668),(-0.00754170989990234,
-0.00445781421661377,-0.0845100021362305),(-0.00752297115325928,0.0345530815124512,
-0.084800407409668),(-0.00752297115325928,0.0345530815124512,-0.0845100021362305),
(-0.0074042649269104,0.0362891578674316,-0.084800407409668),(-0.0074042649269104,
0.0362891578674316,-0.0845100021362305),(-0.00737677478790283,0.0961622848510742,
-0.084800407409668),(-0.00737677478790283,0.0961622848510742,-0.0845100021362305),
(-0.00730196905136108,0.078070426940918,-0.084800407409668),(-0.00730196905136108,
0.078070426940918,-0.0845100021362305),(-0.0072886209487915,0.0413563766479492,
-0.084800407409668),(-0.0072886209487915,0.0413563766479492,-0.0845100021362305),
(-0.00723791599273682,0.0871554565429688,-0.084800407409668),(-0.00723791599273682,
0.0871554565429688,-0.0845100021362305),(-0.00721558713912964,0.0937664566040039,
-0.084800407409668),(-0.00721558713912964,0.0937664566040039,-0.0845100021362305),
(-0.00715086317062378,-0.00436541318893433,-0.0875100021362305),(-0.00715086317062378,
-4.64639998972416E-5,-0.0875100021362305),(-0.00715086317062378,0.0207971954345703,
-0.0875100021362305),(-0.00715086317062378,0.0398472442626953,-0.0875100021362305),
(-0.00715086317062378,0.0861220855712891,-0.0875100021362305),(-0.00702190589904785,
0.00644885110855103,-0.084800407409668),(-0.00702190589904785,0.00644885110855103,
-0.0845100021362305),(-0.00701381587982178,0.0401474151611328,-0.084800407409668),
(-0.00701381587982178,0.0401474151611328,-0.0845100021362305),(-0.00699008989334107,
0.013068751335144,-0.084800407409668),(-0.00699008989334107,0.013068751335144,
-0.0845100021362305),(-0.00693688821792603,0.0491820793151856,-0.084800407409668),
(-0.00693688821792603,0.0491820793151856,-0.0845100021362305),(-0.00669785213470459,
-0.0107058229446411,-0.084800407409668),(-0.00669785213470459,-0.0107058229446411,
-0.0845100021362305),(-0.00643624210357666,0.0855861282348633,-0.084800407409668),
(-0.00643624210357666,0.0855861282348633,-0.0845100021362305),(-0.00643258380889893,
0.00840071201324463,-0.084800407409668),(-0.00643258380889893,0.00840071201324463,
-0.0845100021362305),(-0.0063634147644043,0.0857876358032227,-0.0845100021362305),
(-0.00621833276748657,0.057717399597168,-0.084800407409668),(-0.00621833276748657,
0.057717399597168,-0.0845100021362305),(-0.00617974615097046,0.0525391464233398,
-0.084800407409668),(-0.00617974615097046,0.0525391464233398,-0.0845100021362305),
(-0.00617478609085083,0.00876055240631104,-0.084800407409668),(-0.00617478609085083,
0.00876055240631104,-0.0845100021362305),(-0.0060859489440918,0.0933388290405273,
-0.084800407409668),(-0.0060859489440918,0.0933388290405273,-0.0845100021362305),
(-0.00598482608795166,0.0439609375,-0.084800407409668),(-0.00598482608795166,
0.0439609375,-0.0845100021362305),(-0.00596457195281982,-0.0069008059501648,
-0.0845100021362305),(-0.00588033723831177,0.00837890338897705,-0.084800407409668),
(-0.00588033723831177,0.00837890338897705,-0.0845100021362305),(-0.00581378507614136,
0.00901613426208496,-0.084800407409668),(-0.00581378507614136,0.00901613426208496,
-0.0845100021362305),(-0.00574287223815918,0.0262423152923584,-0.084800407409668),
(-0.00574287223815918,0.0262423152923584,-0.0845100021362305),(-0.00563707208633423,
-0.0114877891540527,-0.084800407409668),(-0.00563707208633423,-0.0114877891540527,
-0.0845100021362305),(-0.00562108612060547,0.0961622848510742,-0.084800407409668),
(-0.00562108612060547,0.0961622848510742,-0.0845100021362305),(-0.00559146213531494,
0.055337703704834,-0.084800407409668),(-0.00559146213531494,0.055337703704834,
-0.0845100021362305),(-0.00557867479324341,0.00500801277160645,-0.084800407409668),
(-0.00557867479324341,0.00500801277160645,-0.0845100021362305),(-0.00557206296920776,
0.0824308624267578,-0.084800407409668),(-0.00557206296920776,0.0824308624267578,
-0.0845100021362305),(-0.00556981182098389,0.00617807388305664,-0.084800407409668),
(-0.00556981182098389,0.00617807388305664,-0.0845100021362305),(-0.00546112203598023,
0.00523924112319946,-0.084800407409668),(-0.00546112203598023,0.00523924112319946,
-0.0845100021362305),(-0.00545690011978149,0.00557842779159546,-0.084800407409668),
(-0.00545690011978149,0.00557842779159546,-0.0845100021362305),(-0.00511084794998169,
0.00345524692535401,-0.084800407409668),(-0.00511084794998169,0.00345524692535401,
-0.0845100021362305),(-0.00506074094772339,0.052664966583252,-0.084800407409668),
(-0.00506074094772339,0.052664966583252,-0.0845100021362305),(-0.00505305576324463,
0.0828859176635742,-0.084800407409668),(-0.00505305576324463,0.0828859176635742,
-0.0845100021362305),(-0.00493369913101196,0.0893647918701172,-0.0845100021362305),
(-0.00493089294433594,0.0598331756591797,-0.084800407409668),(-0.00493089294433594,
0.0598331756591797,-0.0845100021362305),(-0.00491807079315186,0.00243675494194031,
-0.084800407409668),(-0.00491807079315186,0.00243675494194031,-0.0845100021362305),
(-0.00490219020843506,0.01571865940094,-0.084800407409668),(-0.00490219020843506,
0.01571865940094,-0.0845100021362305),(-0.00480243396759033,0.0806389083862305,
-0.084800407409668),(-0.00480243396759033,0.0806389083862305,-0.0845100021362305),
(-0.0047336311340332,0.00141973996162415,-0.084800407409668),(-0.0047336311340332,
0.00141973996162415,-0.0845100021362305),(-0.00466046714782715,0.0834420700073242,
-0.084800407409668),(-0.00466046714782715,0.0834420700073242,-0.0845100021362305),
(-0.00462814378738403,-0.0143654136657715,-0.084800407409668),(-0.00462814378738403,
-0.0143654136657715,-0.0845100021362305),(-0.00457843923568726,0.0476350479125977,
-0.084800407409668),(-0.00457843923568726,0.0476350479125977,-0.0845100021362305),
(-0.00453420114517212,0.0398167266845703,-0.084800407409668),(-0.00453420114517212,
0.0398167266845703,-0.0845100021362305),(-0.00450942420959473,0.0460754623413086,
-0.084800407409668),(-0.00450942420959473,0.0460754623413086,-0.0845100021362305),
(-0.00439467477798462,0.0858148880004883,-0.0845100021362305),(-0.00435008287429809,
-0.000215615004301071,-0.084800407409668),(-0.00435008287429809,-0.000215615004301071,
-0.0845100021362305),(-0.00432320976257324,0.0499858627319336,-0.084800407409668),
(-0.00432320976257324,0.0499858627319336,-0.0845100021362305),(-0.00429712295532227,
0.0907458267211914,-0.0845100021362305),(-0.00421945714950561,0.0961622848510742,
-0.084800407409668),(-0.00421945714950561,0.0961622848510742,-0.0845100021362305),
(-0.00420836305618286,0.0813369522094727,-0.084800407409668),(-0.00420836305618286,
0.0813369522094727,-0.0845100021362305),(-0.00412978219985962,-0.00118127405643463,
-0.084800407409668),(-0.00412978219985962,-0.00118127405643463,-0.0845100021362305),
(-0.00406653690338135,0.0479308738708496,-0.084800407409668),(-0.00406653690338135,
0.0479308738708496,-0.0845100021362305),(-0.00395513796806335,0.052874153137207,
-0.084800407409668),(-0.00395513796806335,0.052874153137207,-0.0845100021362305),
(-0.00395063591003418,0.0914494476318359,-0.084800407409668),(-0.00395063591003418,
0.0914494476318359,-0.0845100021362305),(-0.003879723072052,-0.0021403911113739,
-0.084800407409668),(-0.003879723072052,-0.0021403911113739,-0.0845100021362305),
(-0.00362463402748108,-0.00391278910636902,-0.084800407409668),(-0.00362463402748108,
-0.00391278910636902,-0.0845100021362305),(-0.00360565495491028,0.0858062515258789,
-0.0845100021362305),(-0.00357806205749512,0.0482591934204102,-0.084800407409668),
(-0.00357806205749512,0.0482591934204102,-0.0845100021362305),(-0.00354889392852783,
-0.00436541318893433,-0.0875100021362305),(-0.00354889392852783,-4.64639998972416E-5,
-0.0875100021362305),(-0.00354889392852783,0.0207971954345703,-0.0875100021362305),
(-0.00354889392852783,0.0398472442626953,-0.0875100021362305),(-0.00354889392852783,
0.0861220855712891,-0.0875100021362305),(-0.00354818105697632,-0.00537220001220703,
-0.084800407409668),(-0.00354818105697632,-0.00537220001220703,-0.0845100021362305),
(-0.00350940108299256,0.081924201965332,-0.084800407409668),(-0.00350940108299256,
0.081924201965332,-0.0845100021362305),(-0.00343848800659179,-0.00681388187408447,
-0.084800407409668),(-0.00343848800659179,-0.00681388187408447,-0.0845100021362305),
(-0.00343562602996826,0.0422130241394043,-0.084800407409668),(-0.00343562602996826,
0.0422130241394043,-0.0845100021362305),(-0.00342089200019837,-0.012994236946106,
-0.084800407409668),(-0.00342089200019837,-0.012994236946106,-0.0845100021362305),
(-0.0034206190109253,0.0183369464874268,-0.084800407409668),(-0.0034206190109253,
0.0183369464874268,-0.0845100021362305),(-0.00322546792030334,-0.00846443462371826,
-0.084800407409668),(-0.00322546792030334,-0.00846443462371826,-0.0845100021362305),
(-0.00307075190544128,-0.0143654136657715,-0.084800407409668),(-0.00307075190544128,
-0.0143654136657715,-0.0845100021362305),(-0.00298149394989014,-0.00862103366851807,
-0.084800407409668),(-0.00298149394989014,-0.00862103366851807,-0.0845100021362305),
(-0.00291501903533935,0.0894897918701172,-0.084800407409668),(-0.00291501903533935,
0.0894897918701172,-0.0845100021362305),(-0.00283120894432068,0.0518304214477539,
-0.084800407409668),(-0.00283120894432068,0.0518304214477539,-0.0845100021362305),
(-0.00281577301025391,0.0278578319549561,-0.084800407409668),(-0.00281577301025391,
0.0278578319549561,-0.0845100021362305),(-0.0026826651096344,-0.0101125936508179,
-0.084800407409668),(-0.0026826651096344,-0.0101125936508179,-0.0845100021362305),
(-0.00268021297454834,0.0938497695922852,-0.084800407409668),(-0.00268021297454834,
0.0938497695922852,-0.0845100021362305),(-0.00248753309249878,-0.0136489553451538,
-0.084800407409668),(-0.00248753309249878,-0.0136489553451538,-0.0845100021362305),
(-0.00237210488319397,0.0207782135009765,-0.084800407409668),(-0.00237210488319397,
0.0207782135009765,-0.0845100021362305),(-0.00228761696815491,0.0497015686035156,
-0.084800407409668),(-0.00228761696815491,0.0497015686035156,-0.0845100021362305),
(-0.00228393411636353,0.0961622848510742,-0.084800407409668),(-0.00228393411636353,
0.0961622848510742,-0.0845100021362305),(-0.00226068806648255,-0.0115830497741699,
-0.084800407409668),(-0.00226068806648255,-0.0115830497741699,-0.0845100021362305),
(-0.00220565509796142,0.0517622337341309,-0.0845100021362305),(-0.00214748501777649,
0.0518101615905762,-0.084800407409668),(-0.00214748501777649,0.0518101615905762,
-0.0845100021362305),(-0.00197900700569153,0.00175024497509002,-0.084800407409668),
(-0.00197900700569153,0.00175024497509002,-0.0845100021362305),(-0.00193729400634766,
0.00111484098434448,-0.084800407409668),(-0.00193729400634766,0.00111484098434448,
-0.0845100021362305),(-0.00191681694984436,-0.0129226541519165,-0.084800407409668),
(-0.00191681694984436,-0.0129226541519165,-0.0845100021362305),(-0.00186642897129059,
-0.000185889005661011,-0.084800407409668),(-0.00186642897129059,-0.000185889005661011,
-0.0845100021362305),(-0.00185927104949951,-0.00286893510818481,-0.084800407409668),
(-0.00185927104949951,-0.00286893510818481,-0.0845100021362305),(-0.00183915102481842,
0.00542124891281128,-0.084800407409668),(-0.00183915102481842,0.00542124891281128,
-0.0845100021362305),(-0.00183834195137024,0.00484008693695068,-0.084800407409668),
(-0.00183834195137024,0.00484008693695068,-0.0845100021362305),(-0.00182592499256134,
0.00425554895401001,-0.084800407409668),(-0.00182592499256134,0.00425554895401001,
-0.0845100021362305),(-0.00179933297634125,0.0559402885437012,-0.084800407409668),
(-0.00179933297634125,0.0559402885437012,-0.0845100021362305),(-0.00175747203826904,
0.0496130256652832,-0.084800407409668),(-0.00175747203826904,0.0496130256652832,
-0.0845100021362305),(-0.00160494697093964,0.00825939655303955,-0.084800407409668),
(-0.00160494697093964,0.00825939655303955,-0.0845100021362305),(-0.00159840798377991,
-0.0136236162185669,-0.084800407409668),(-0.00159840798377991,-0.0136236162185669,
-0.0845100021362305),(-0.00159094703197479,0.0899516220092774,-0.084800407409668),
(-0.00159094703197479,0.0899516220092774,-0.0845100021362305),(-0.00157069504261017,
-0.000781087994575501,-0.084800407409668),(-0.00157069504261017,-0.000781087994575501,
-0.0845100021362305),(-0.00152651500701905,0.0232911338806152,-0.084800407409668),
(-0.00152651500701905,0.0232911338806152,-0.0845100021362305),(-0.00152320897579193,
-0.00452998685836792,-0.084800407409668),(-0.00152320897579193,-0.00452998685836792,
-0.0845100021362305),(-0.00151990294456482,0.0075546817779541,-0.084800407409668),
(-0.00151990294456482,0.0075546817779541,-0.0845100021362305),(-0.00147700202465057,
0.00921809864044189,-0.084800407409668),(-0.00147700202465057,0.00921809864044189,
-0.0845100021362305),(-0.00146221601963043,0.00944456577301025,-0.084800407409668),
(-0.00146221601963043,0.00944456577301025,-0.0845100021362305),(-0.00141244602203369,
-0.0143654136657715,-0.084800407409668),(-0.00141244602203369,-0.0143654136657715,
-0.0845100021362305),(-0.00125179994106293,0.0961622848510742,-0.084800407409668),
(-0.00125179994106293,0.0961622848510742,-0.0845100021362305),(-0.00121824204921722,
0.0867216491699219,-0.084800407409668),(-0.00121824204921722,0.0867216491699219,
-0.0845100021362305),(-0.00119601094722748,0.0535524673461914,-0.084800407409668),
(-0.00119601094722748,0.0535524673461914,-0.0845100021362305),(-0.00112092804908752,
0.0118561286926269,-0.084800407409668),(-0.00112092804908752,0.0118561286926269,
-0.0845100021362305),(-0.00109686303138733,0.0123132247924805,-0.084800407409668),
(-0.00109686303138733,0.0123132247924805,-0.0845100021362305),(-0.00105418598651886,
-0.00615695381164551,-0.084800407409668),(-0.00105418598651886,-0.00615695381164551,
-0.0845100021362305),(-0.000983097016811371,0.000359266996383667,-0.084800407409668),
(-0.000983097016811371,0.000359266996383667,-0.0845100021362305),(-0.000980880975723267,
0.0115497188568115,-0.084800407409668),(-0.000980880975723267,0.0115497188568115,
-0.0845100021362305),(-0.000974126994609833,0.0250984249114991,-0.084800407409668),
(-0.000974126994609833,0.0250984249114991,-0.0845100021362305),(-0.000967655003070831,
0.0621666831970215,-0.084800407409668),(-0.000967655003070831,0.0621666831970215,
-0.0845100021362305),(-0.000916580975055695,0.0129937229156494,-0.084800407409668),
(-0.000916580975055695,0.0129937229156494,-0.0845100021362305),(-0.000756338000297546,
0.006362144947052,-0.084800407409668),(-0.000756338000297546,0.006362144947052,
-0.0845100021362305),(-0.000703435003757477,0.00834591579437256,-0.084800407409668),
(-0.000703435003757477,0.00834591579437256,-0.0845100021362305),(-0.000618173003196716,
-0.00676440095901489,-0.0845100021362305),(-0.000586216986179352,0.0848838272094727,
-0.084800407409668),(-0.000586216986179352,0.0848838272094727,-0.0845100021362305),
(-0.000586129009723663,0.0872674560546875,-0.084800407409668),(-0.000586129009723663,
0.0872674560546875,-0.0845100021362305),(-0.000576978027820587,0.0538020324707031,
-0.084800407409668),(-0.000576978027820587,0.0538020324707031,-0.0845100021362305),
(-0.000473049014806747,0.0107156991958618,-0.084800407409668),(-0.000473049014806747,
0.0107156991958618,-0.0845100021362305),(-0.000464881002902985,-0.00463959217071533,
-0.084800407409668),(-0.000464881002902985,-0.00463959217071533,-0.0845100021362305),
(-0.000463889002799988,0.0160322399139404,-0.084800407409668),(-0.000463889002799988,
0.0160322399139404,-0.0845100021362305),(-0.0004446280002594,0.0121097507476807,
-0.084800407409668),(-0.0004446280002594,0.0121097507476807,-0.0845100021362305),
(-0.000441859006881714,0.0151294078826904,-0.084800407409668),(-0.000441859006881714,
0.0151294078826904,-0.0845100021362305),(-0.000390933007001877,0.0273124866485596,
-0.084800407409668),(-0.000390933007001877,0.0273124866485596,-0.0845100021362305),
(-0.000311008006334305,-0.00970414161682129,-0.084800407409668),(-0.000311008006334305,
-0.00970414161682129,-0.0845100021362305),(-0.000305507987737656,-0.00973853492736816,
-0.084800407409668),(-0.000305507987737656,-0.00973853492736816,-0.0845100021362305),
(-0.000226026996970176,0.0172153072357178,-0.084800407409668),(-0.000226026996970176,
0.0172153072357178,-0.0845100021362305),(-0.000199487999081612,0.0146159744262695,
-0.084800407409668),(-0.000199487999081612,0.0146159744262695,-0.0845100021362305),
(-0.000195775002241134,0.0174931678771972,-0.084800407409668),(-0.000195775002241134,
0.0174931678771972,-0.0845100021362305),(-0.00018724499642849,-0.0103853454589844,
-0.084800407409668),(-0.00018724499642849,-0.0103853454589844,-0.0845100021362305),
(-0.000184993997216224,0.0563241882324219,-0.084800407409668),(-0.000184993997216224,
0.0563241882324219,-0.0845100021362305),(-0.000100380003452301,0.0879371566772461,
-0.084800407409668),(-0.000100380003452301,0.0879371566772461,-0.0845100021362305),
(-6.15120008587837E-5,0.0173633804321289,-0.084800407409668),(-6.15120008587837E-5,
0.0173633804321289,-0.0845100021362305),(-1.39899998903275E-5,-0.00105292105674744,
-0.084800407409668),(-1.39899998903275E-5,-0.00105292105674744,-0.0845100021362305),
(1.71169992536306E-5,0.0893533554077148,-0.0845100021362305),(5.30750006437302E-5,
0.00427248477935791,-0.0875100021362305),(5.30750006437302E-5,0.00427248477935791,
-0.0845100021362305),(5.30750006437302E-5,0.0052034330368042,-0.084800407409668),
(5.30750006437302E-5,0.0052034330368042,-0.0845100021362305),(5.30750006437302E-5,
0.00724394416809082,-0.084800407409668),(5.30750006437302E-5,0.00724394416809082,
-0.0845100021362305),(5.30750006437302E-5,0.00989345169067383,-0.084800407409668),
(5.30750006437302E-5,0.00989345169067383,-0.0845100021362305),(5.30750006437302E-5,
0.0112416305541992,-0.084800407409668),(5.30750006437302E-5,0.0112416305541992,
-0.0845100021362305),(5.30750006437302E-5,0.0141079015731811,-0.084800407409668),
(5.30750006437302E-5,0.0141079015731811,-0.0845100021362305),(5.30750006437302E-5,
0.0172193737030029,-0.084800407409668),(5.30750006437302E-5,0.0172193737030029,
-0.0845100021362305),(5.30750006437302E-5,0.0182719459533691,-0.0875100021362305),
(5.30750006437302E-5,0.0182719459533691,-0.0845100021362305),(5.30750006437302E-5,
0.0233224449157715,-0.0875100021362305),(5.30750006437302E-5,0.0233224449157715,
-0.0845100021362305),(5.30750006437302E-5,0.0295576171875,-0.084800407409668),
(5.30750006437302E-5,0.0295576190948487,-0.0845100021362305),(5.30750006437302E-5,
0.0295663223266601,-0.084800407409668),(5.30750006437302E-5,0.0295663223266601,
-0.0845100021362305),(5.30750006437302E-5,0.0310915489196778,-0.084800407409668),
(5.30750006437302E-5,0.0310915489196778,-0.0845100021362305),(5.30750006437302E-5,
0.0347229270935058,-0.084800407409668),(5.30750006437302E-5,0.0347229270935058,
-0.0845100021362305),(5.30750006437302E-5,0.0363017883300781,-0.084800407409668),
(5.30750006437302E-5,0.0363017883300781,-0.0845100021362305),(5.30750006437302E-5,
0.037321849822998,-0.0875100021362305),(5.30750006437302E-5,0.037321849822998,
-0.084800407409668),(5.30750006437302E-5,0.0423726463317871,-0.0875100021362305),
(5.30750006437302E-5,0.0423726463317871,-0.084800407409668),(5.30750006437302E-5,
0.0427527656555176,-0.084800407409668),(5.30750006437302E-5,0.0427527656555176,
-0.0845100021362305),(5.30750006437302E-5,0.0444208679199219,-0.084800407409668),
(5.30750006437302E-5,0.0444208679199219,-0.0845100021362305),(5.30750006437302E-5,
0.046451114654541,-0.084800407409668),(5.30750006437302E-5,0.046451114654541,
-0.0845100021362305),(5.30750006437302E-5,0.0481507301330566,-0.084800407409668),
(5.30750006437302E-5,0.0481507301330566,-0.0845100021362305),(5.30750006437302E-5,
0.049236141204834,-0.084800407409668),(5.30750006437302E-5,0.049236141204834,
-0.0845100021362305),(5.30750006437302E-5,0.0509807510375977,-0.084800407409668),
(5.30750006437302E-5,0.0509807510375977,-0.0845100021362305),(5.30750006437302E-5,
0.0517146530151367,-0.084800407409668),(5.30750006437302E-5,0.0517146530151367,
-0.0845100021362305),(5.30750006437302E-5,0.0517475662231445,-0.0845100021362305),
(5.30750006437302E-5,0.0536059875488281,-0.084800407409668),(5.30750006437302E-5,
0.0536059875488281,-0.0845100021362305),(5.30750006437302E-5,0.0540277976989746,
-0.084800407409668),(5.30750006437302E-5,0.0540277976989746,-0.0845100021362305),
(5.30750006437302E-5,0.0552824440002442,-0.0845100021362305),(5.30750006437302E-5,
0.0563719444274902,-0.0875100021362305),(5.30750006437302E-5,0.0563719444274902,
-0.0845100021362305),(8.8016003370285E-5,-0.0109393472671509,-0.084800407409668),
(8.8016003370285E-5,-0.0109393472671509,-0.0845100021362305),(0.000202035993337631,
0.0856766662597656,-0.084800407409668),(0.000202035993337631,0.0856766662597656,
-0.0845100021362305),(0.000334381997585297,-0.0135642461776733,-0.084800407409668),
(0.000334381997585297,-0.0135642461776733,-0.0845100021362305),(0.000405472010374069,
0.0199455623626709,-0.084800407409668),(0.000405472010374069,0.0199455623626709,
-0.0845100021362305),(0.000488240003585815,-0.0139660024642944,-0.084800407409668),
(0.000488240003585815,-0.0139660024642944,-0.0845100021362305),(0.000514198005199432,
0.0207126884460449,-0.084800407409668),(0.000514198005199432,0.0207126884460449,
-0.0845100021362305),(0.000556124985218048,0.0195485134124756,-0.084800407409668),
(0.000556124985218048,0.0195485134124756,-0.0845100021362305),(0.000618407011032105,
0.0961622848510742,-0.084800407409668),(0.000618407011032105,0.0961622848510742,
-0.0845100021362305),(0.000648402988910675,0.0893405532836914,-0.0845100021362305),
(0.00064869898557663,-0.0143654136657715,-0.084800407409668),(0.00064869898557663,
-0.0143654136657715,-0.0845100021362305),(0.000658132970333099,0.0215164852142334,
-0.084800407409668),(0.000658132970333099,0.0215164852142334,-0.0845100021362305),
(0.00074652498960495,-0.0139434614181519,-0.084800407409668),(0.00074652498960495,
-0.0139434614181519,-0.0845100021362305),(0.000753331005573273,0.00427248477935791,
-0.084800407409668),(0.000753331005573273,0.00427248477935791,-0.0845100021362305),
(0.000887642025947571,0.0189114475250244,-0.084800407409668),(0.000887642025947571,
0.0189114475250244,-0.0845100021362305),(0.000944176018238068,-0.0064006462097168,
-0.084800407409668),(0.000944176018238068,-0.0064006462097168,-0.0845100021362305),
(0.00105518794059753,0.0863910064697266,-0.084800407409668),(0.00105518794059753,
0.0863910064697266,-0.0845100021362305),(0.00110288500785828,0.00140924096107483,
-0.084800407409668),(0.00110288500785828,0.00140924096107483,-0.0845100021362305),
(0.00111523902416229,-0.0143654136657715,-0.084800407409668),(0.00111523902416229,
-0.0143654136657715,-0.0845100021362305),(0.0011619930267334,0.0915530242919922,
-0.084800407409668),(0.0011619930267334,0.0915530242919922,-0.0845100021362305),
(0.00121608197689056,0.0182719459533691,-0.084800407409668),(0.00121608197689056,
0.0182719459533691,-0.0845100021362305),(0.00121763300895691,0.037321849822998,
-0.084800407409668),(0.00121763300895691,0.037321849822998,-0.0845100021362305),
(0.00124560105800629,-0.00675159883499146,-0.0845100021362305),(0.00127680695056915,
0.0199015846252441,-0.084800407409668),(0.00127680695056915,0.0199015846252441,
-0.0845100021362305),(0.00132814598083496,0.0570082015991211,-0.084800407409668),
(0.00132814598083496,0.0570082015991211,-0.0845100021362305),(0.00134242701530457,
0.0721378479003906,-0.084800407409668),(0.00134242701530457,0.0721378479003906,
-0.0845100021362305),(0.00135310995578766,0.0386563644409179,-0.084800407409668),
(0.00135310995578766,0.0386563644409179,-0.0845100021362305),(0.0014203690290451,
0.0907408676147461,-0.0845100021362305),(0.0015008430480957,-0.0126869945526123,
-0.084800407409668),(0.0015008430480957,-0.0126869945526123,-0.0845100021362305),
(0.00150317704677582,0.0399909591674805,-0.084800407409668),(0.00150317704677582,
0.0399909591674805,-0.0845100021362305),(0.00161665403842926,0.0233224449157715,
-0.084800407409668),(0.00161665403842926,0.0233224449157715,-0.0845100021362305),
(0.00169171500205994,0.041730712890625,-0.084800407409668),(0.00169171500205994,
0.041730712890625,-0.0845100021362305),(0.00171497905254364,0.0420522079467774,
-0.084800407409668),(0.00171497905254364,0.0420522079467774,-0.0845100021362305),
(0.00174842596054077,0.0423726463317871,-0.084800407409668),(0.00174842596054077,
0.0423726463317871,-0.0845100021362305),(0.00182544600963592,-0.0121298751831055,
-0.084800407409668),(0.00182544600963592,-0.0121298751831055,-0.0845100021362305),
(0.00185847699642182,0.0182719459533691,-0.084800407409668),(0.00185847699642182,
0.0182719459533691,-0.0845100021362305),(0.00206090998649597,0.0961622848510742,
-0.084800407409668),(0.00206090998649597,0.0961622848510742,-0.0845100021362305),
(0.00221327304840088,0.0921223373413086,-0.084800407409668),(0.00221327304840088,
0.0921223373413086,-0.0845100021362305),(0.00227115297317505,0.0674781951904297,
-0.084800407409668),(0.00227115297317505,0.0674781951904297,-0.0845100021362305),
(0.00228720498085022,0.00427248477935791,-0.084800407409668),(0.00228720498085022,
0.00427248477935791,-0.0845100021362305),(0.00228741788864136,0.0233224449157715,
-0.084800407409668),(0.00228741788864136,0.0233224449157715,-0.0845100021362305),
(0.00234087800979614,0.00420954895019532,-0.084800407409668),(0.00234087800979614,
0.00420954895019532,-0.0845100021362305),(0.00239479303359985,0.00414678812026977,
-0.084800407409668),(0.00239479303359985,0.00414678812026977,-0.0845100021362305),
(0.00251467108726502,0.020787841796875,-0.084800407409668),(0.00251467108726502,
0.020787841796875,-0.0845100021362305),(0.00256484007835388,-0.010538553237915,
-0.084800407409668),(0.00256484007835388,-0.010538553237915,-0.0845100021362305),
(0.00283066391944885,0.0771973342895508,-0.084800407409668),(0.00283066391944885,
0.0771973342895508,-0.0845100021362305),(0.00293960094451904,0.0615645217895508,
-0.084800407409668),(0.00293960094451904,0.0615645217895508,-0.0845100021362305),
(0.00299865698814392,-0.0143654136657715,-0.084800407409668),(0.00299865698814392,
-0.0143654136657715,-0.0845100021362305),(0.00315992498397827,0.0208045234680176,
-0.084800407409668),(0.00315992498397827,0.0208045234680176,-0.0845100021362305),
(0.00346930289268494,0.0182719459533691,-0.084800407409668),(0.00346930289268494,
0.0182719459533691,-0.0845100021362305),(0.00359032106399536,0.0590415954589844,
-0.084800407409668),(0.00359032106399536,0.0590415954589844,-0.0845100021362305),
(0.0035908830165863,0.0847295303344727,-0.084800407409668),(0.0035908830165863,
0.0847295303344727,-0.0845100021362305),(0.003697762966156,0.0744773178100586,
-0.084800407409668),(0.003697762966156,0.0744773178100586,-0.0845100021362305),
(0.00370119190216064,0.091292854309082,-0.084800407409668),(0.00370119190216064,
0.091292854309082,-0.0845100021362305),(0.00375725507736206,0.05908935546875,
-0.084800407409668),(0.00375725507736206,0.05908935546875,-0.0845100021362305),
(0.00387777090072632,0.0793032913208008,-0.084800407409668),(0.00387777090072632,
0.0793032913208008,-0.0845100021362305),(0.00396914505958557,0.0961622848510742,
-0.084800407409668),(0.00396914505958557,0.0961622848510742,-0.0845100021362305),
(0.0039909999370575,0.0182719459533691,-0.084800407409668),(0.0039909999370575,
0.0182719459533691,-0.0845100021362305),(0.00399945902824402,0.0695311660766602,
-0.084800407409668),(0.00399945902824402,0.0695311660766602,-0.0845100021362305),
(0.00408276987075806,0.0226994895935058,-0.084800407409668),(0.00408276987075806,
0.0226994895935058,-0.0845100021362305),(0.00415503787994385,-0.0143654136657715,
-0.084800407409668),(0.00415503787994385,-0.0143654136657715,-0.0845100021362305),
(0.00436575508117676,0.00427248477935791,-0.084800407409668),(0.00436575508117676,
0.00427248477935791,-0.0845100021362305),(0.00447757482528686,-0.0022554829120636,
-0.084800407409668),(0.00447757482528686,-0.0022554829120636,-0.0845100021362305),
(0.00466372108459473,0.0223464393615723,-0.084800407409668),(0.00466372108459473,
0.0223464393615723,-0.0845100021362305),(0.00467047500610352,0.0898226776123047,
-0.084800407409668),(0.00467047500610352,0.0898226776123047,-0.0845100021362305),
(0.004784508228302,0.0204929523468017,-0.084800407409668),(0.004784508228302,
0.0204929523468017,-0.0845100021362305),(0.00478833198547363,0.0961622848510742,
-0.084800407409668),(0.00478833198547363,0.0961622848510742,-0.0845100021362305),
(0.00487870979309082,0.0385401992797852,-0.084800407409668),(0.00487870979309082,
0.0385401992797852,-0.0845100021362305),(0.00488172817230225,-0.00829270076751709,
-0.084800407409668),(0.00488172817230225,-0.00829270076751709,-0.0845100021362305),
(0.00491856288909912,0.0379308204650879,-0.084800407409668),(0.00491856288909912,
0.0379308204650879,-0.0845100021362305),(0.00496923112869263,0.037321849822998,
-0.084800407409668),(0.00496923112869263,0.037321849822998,-0.0845100021362305),
(0.00504022979736328,0.0594017601013184,-0.084800407409668),(0.00504022979736328,
0.0594017601013184,-0.0845100021362305),(0.00507125377655029,-0.0106560373306274,
-0.084800407409668),(0.00507125377655029,-0.0106560373306274,-0.0845100021362305),
(0.00509210014343262,0.0924729537963867,-0.084800407409668),(0.00509210014343262,
0.0924729537963867,-0.0845100021362305),(0.00510547780990601,0.093764518737793,
-0.084800407409668),(0.00510547780990601,0.093764518737793,-0.0845100021362305),
(0.00512674903869629,0.0423726463317871,-0.084800407409668),(0.00512674903869629,
0.0423726463317871,-0.0845100021362305),(0.00519872379302979,0.0379487724304199,
-0.084800407409668),(0.00519872379302979,0.0379487724304199,-0.0845100021362305),
(0.00521742677688599,0.041996280670166,-0.084800407409668),(0.00521742677688599,
0.041996280670166,-0.0845100021362305),(0.0052248330116272,0.0219623622894287,
-0.084800407409668),(0.0052248330116272,0.0219623622894287,-0.0845100021362305),
(0.00525400114059448,0.00427248477935791,-0.084800407409668),(0.00525400114059448,
0.00427248477935791,-0.0845100021362305),(0.0052828540802002,0.0641032791137695,
-0.084800407409668),(0.0052828540802002,0.0641032791137695,-0.0845100021362305),
(0.00535118103027344,0.0416284255981446,-0.084800407409668),(0.00535118103027344,
0.0416284255981446,-0.0845100021362305),(0.00543432807922363,0.0182719459533691,
-0.084800407409668),(0.00543432807922363,0.0182719459533691,-0.0845100021362305),
(0.00544288301467896,0.037321849822998,-0.084800407409668),(0.00544288301467896,
0.037321849822998,-0.0845100021362305),(0.00556879901885986,0.0423726463317871,
-0.084800407409668),(0.00556879901885986,0.0423726463317871,-0.0845100021362305),
(0.00557062005996704,0.0823566589355469,-0.084800407409668),(0.00557062005996704,
0.0823566589355469,-0.0845100021362305),(0.00580824995040894,0.0201210174560547,
-0.084800407409668),(0.00580824995040894,0.0201210174560547,-0.0845100021362305),
(0.00584231185913086,0.0909362487792969,-0.084800407409668),(0.00584231185913086,
0.0909362487792969,-0.0845100021362305),(0.0060365309715271,0.0599201278686524,
-0.084800407409668),(0.0060365309715271,0.0599201278686524,-0.0845100021362305),
(0.00610939884185791,0.0394503784179688,-0.084800407409668),(0.00610939884185791,
0.0394503784179688,-0.0845100021362305),(0.00636786985397339,0.0182719459533691,
-0.084800407409668),(0.00636786985397339,0.0182719459533691,-0.0845100021362305),
(0.00644832515716553,-0.00565191078186035,-0.084800407409668),(0.00644832515716553,
-0.00565191078186035,-0.0845100021362305),(0.00647129392623901,0.093667724609375,
-0.084800407409668),(0.00647129392623901,0.093667724609375,-0.0845100021362305),
(0.00659775018692017,0.0398027267456054,-0.084800407409668),(0.00659775018692017,
0.0398027267456054,-0.0845100021362305),(0.00664283990859985,0.0961622848510742,
-0.084800407409668),(0.00664283990859985,0.0961622848510742,-0.0845100021362305),
(0.00667574691772461,-0.00194844996929168,-0.084800407409668),(0.00667574691772461,
-0.00194844996929168,-0.0845100021362305),(0.00669066286087036,0.0890254669189453,
-0.084800407409668),(0.00669066286087036,0.0890254669189453,-0.0845100021362305),
(0.00674639797210693,-0.000589981973171234,-0.084800407409668),(0.00674639797210693,
-0.000589981973171234,-0.0845100021362305),(0.00678846788406372,-0.0143654136657715,
-0.084800407409668),(0.00678846788406372,-0.0143654136657715,-0.0845100021362305),
(0.00682675504684448,0.0845365219116211,-0.084800407409668),(0.00682675504684448,
0.0845365219116211,-0.0845100021362305),(0.00689944410324097,0.0210314922332764,
-0.084800407409668),(0.00689944410324097,0.0210314922332764,-0.0845100021362305),
(0.00699586296081543,0.037321849822998,-0.084800407409668),(0.00699586391448975,
0.037321849822998,-0.0845100021362305),(0.00709909677505493,0.0919518890380859,
-0.084800407409668),(0.00709909677505493,0.0919518890380859,-0.0845100021362305),
(0.00711317396163941,-0.00853738307952881,-0.084800407409668),(0.00711317396163941,
-0.00853738307952881,-0.0845100021362305),(0.00723650979995728,0.0423726463317871,
-0.084800407409668),(0.00723650979995728,0.0423726463317871,-0.0845100021362305),
(0.00723772192001343,0.0943105697631836,-0.084800407409668),(0.00723772192001343,
0.0943105697631836,-0.0845100021362305),(0.00735607290267944,0.0196545219421387,
-0.084800407409668),(0.00735607290267944,0.0196545219421387,-0.0845100021362305),
(0.00742574501037598,0.00107093000411987,-0.084800407409668),(0.00742574501037598,
0.00107093000411987,-0.0845100021362305),(0.00745250177383423,0.00191488194465637,
-0.084800407409668),(0.00745250177383423,0.00191488194465637,-0.0845100021362305),
(0.00757705211639404,0.00427248477935791,-0.084800407409668),(0.00757705211639404,
0.00427248477935791,-0.0845100021362305),(0.00764523983001709,0.00420640611648559,
-0.084800407409668),(0.00764523983001709,0.00420640611648559,-0.0845100021362305),
(0.00765601491928101,0.00427248477935791,-0.084800407409668),(0.00765601491928101,
0.00427248477935791,-0.0845100021362305),(0.0076848258972168,0.00420649194717407,
-0.084800407409668),(0.0076848258972168,0.00420649194717407,-0.0845100021362305),
(0.00771353387832642,0.00414045619964599,-0.084800407409668),(0.00771353387832642,
0.00414045619964599,-0.0845100021362305),(0.00779754400253296,0.0182719459533691,
-0.084800407409668),(0.00779754400253296,0.0182719459533691,-0.0845100021362305),
(0.00782860517501831,0.037321849822998,-0.084800407409668),(0.00782860517501831,
0.037321849822998,-0.0845100021362305),(0.00786044597625732,-0.00689062404632568,
-0.0845100021362305),(0.00789757013320923,0.0950529174804687,-0.084800407409668),
(0.00789757013320923,0.0950529174804687,-0.0845100021362305),(0.00804588508605957,
0.0204038810729981,-0.084800407409668),(0.00804588508605957,0.0204038810729981,
-0.0845100021362305),(0.00806363105773926,0.061761100769043,-0.084800407409668),
(0.00806363105773926,0.061761100769043,-0.0845100021362305),(0.00829004573822022,
0.0956104583740234,-0.084800407409668),(0.00829004573822022,0.0956104583740234,
-0.0845100021362305),(0.00840929698944092,0.0398043823242188,-0.084800407409668),
(0.00840929698944092,0.0398043823242188,-0.0845100021362305),(0.00869063663482666,
0.0961622848510742,-0.084800407409668),(0.00869063663482666,0.0961622848510742,
-0.0845100021362305),(0.00898880004882813,0.0423726463317871,-0.084800407409668),
(0.00898880004882813,0.0423726463317871,-0.0845100021362305),(0.00917048263549805,
0.0197419757843018,-0.084800407409668),(0.00917048263549805,0.0197419757843018,
-0.0845100021362305),(0.00921761417388916,0.0698270874023438,-0.0845100021362305),
(0.0093109188079834,0.0891282348632813,-0.084800407409668),(0.0093109188079834,
0.0891282348632813,-0.0845100021362305),(0.00937603187561035,0.0190079383850097,
-0.084800407409668),(0.00937603187561035,0.0190079383850097,-0.0845100021362305),
(0.00941399955749512,0.0856359939575195,-0.0845100021362305),(0.00947395515441895,
-0.00654873323440552,-0.084800407409668),(0.00947395515441895,-0.00654873323440552,
-0.0845100021362305),(0.0095732364654541,0.0182719459533691,-0.084800407409668),
(0.0095732364654541,0.0182719459533691,-0.0845100021362305),(0.00969099903106689,
0.0893121566772461,-0.0845100021362305),(0.00971195316314697,-0.0143654136657715,
-0.084800407409668),(0.00971195316314697,-0.0143654136657715,-0.0845100021362305),
(0.00972948455810547,-0.000359268993139267,-0.084800407409668),(0.00972948455810547,
-0.000359268993139267,-0.0845100021362305),(0.00973053741455078,-0.00674309396743774,
-0.0845100021362305),(0.00976462936401367,0.037321849822998,-0.084800407409668),
(0.00976462936401367,0.037321849822998,-0.0845100021362305),(0.00986258602142334,
0.0638172378540039,-0.084800407409668),(0.00986258602142334,0.0638172378540039,
-0.0845100021362305),(0.00992702674865723,0.0591762466430664,-0.084800407409668),
(0.00992702674865723,0.0591762466430664,-0.0845100021362305),(0.0101300926208496,
0.064264518737793,-0.084800407409668),(0.0101300926208496,0.064264518737793,
-0.0845100021362305),(0.0102848882675171,0.0577650337219238,-0.084800407409668),
(0.0102848882675171,0.0577650337219238,-0.0845100021362305),(0.01029958152771,
0.0600027542114258,-0.084800407409668),(0.01029958152771,0.0600027542114258,
-0.0845100021362305),(0.0103000755310059,-0.00107965397834778,-0.084800407409668),
(0.0103000755310059,-0.00107965397834778,-0.0845100021362305),(0.0103181247711182,
0.0398047828674317,-0.084800407409668),(0.0103181247711182,0.0398047828674317,
-0.0845100021362305),(0.0103328056335449,0.0647459945678711,-0.084800407409668),
(0.0103328056335449,0.0647459945678711,-0.0845100021362305),(0.0104754190444946,
0.0927947387695312,-0.084800407409668),(0.0104754190444946,0.0927947387695312,
-0.0845100021362305),(0.0104881381988525,0.0879851379394531,-0.084800407409668),
(0.0104881381988525,0.0879851379394531,-0.0845100021362305),(0.0106976737976074,
0.0563719444274902,-0.084800407409668),(0.0106976737976074,0.0563719444274902,
-0.0845100021362305),(0.0107076301574707,-0.00190767300128937,-0.084800407409668),
(0.0107076301574707,-0.00190767300128937,-0.0845100021362305),(0.0107290334701538,
0.0940343322753906,-0.084800407409668),(0.0107290334701538,0.0940343322753906,
-0.0845100021362305),(0.0107387256622314,0.0607965469360352,-0.084800407409668),
(0.0107387256622314,0.0607965469360352,-0.0845100021362305),(0.0107537803649902,
0.0423726463317871,-0.084800407409668),(0.0107537803649902,0.0423726463317871,
-0.0845100021362305),(0.0107719306945801,0.0189677047729492,-0.084800407409668),
(0.0107719306945801,0.0189677047729492,-0.0845100021362305),(0.010877890586853,
0.0186201057434082,-0.084800407409668),(0.010877890586853,0.0186201057434082,
-0.0845100021362305),(0.0109815769195557,0.0182719459533691,-0.084800407409668),
(0.0109815769195557,0.0182719459533691,-0.0845100021362305),(0.0110256032943726,
0.0233224449157715,-0.084800407409668),(0.0110256032943726,0.0233224449157715,
-0.0845100021362305),(0.0111485071182251,0.00427248477935791,-0.084800407409668),
(0.0111485071182251,0.00427248477935791,-0.0845100021362305),(0.0112154169082642,
0.06684228515625,-0.084800407409668),(0.0112154169082642,0.06684228515625,
-0.0845100021362305),(0.0112879819869995,0.0585655975341797,-0.084800407409668),
(0.0112879819869995,0.0585655975341797,-0.0845100021362305),(0.0114609384536743,
0.0020891809463501,-0.084800407409668),(0.0114609384536743,0.0020891809463501,
-0.0845100021362305),(0.0114716520309448,0.0186166229248047,-0.084800407409668),
(0.0114716520309448,0.0186166229248047,-0.0845100021362305),(0.011503851890564,
-0.00493694400787354,-0.084800407409668),(0.011503851890564,-0.00493694400787354,
-0.0845100021362305),(0.0116982641220093,0.0673552627563477,-0.084800407409668),
(0.0116982641220093,0.0673552627563477,-0.0845100021362305),(0.0117101182937622,
-0.000102491997182369,-0.084800407409668),(0.0117101182937622,-0.000102491997182369,
-0.0845100021362305),(0.0117101182937622,0.0629257621765137,-0.084800407409668),
(0.0117101182937622,0.0629257621765137,-0.0845100021362305),(0.0118078031539917,
0.037321849822998,-0.084800407409668),(0.0118078031539917,0.037321849822998,
-0.0845100021362305),(0.0119594535827637,0.0563719444274902,-0.084800407409668),
(0.0119594535827637,0.0563719444274902,-0.0845100021362305),(0.0120090179443359,
0.0633418464660645,-0.084800407409668),(0.0120090179443359,0.0633418464660645,
-0.0845100021362305),(0.0120428733825684,0.0679774551391602,-0.084800407409668),
(0.0120428733825684,0.0679774551391602,-0.0845100021362305),(0.0121031150817871,
0.00427248477935791,-0.084800407409668),(0.0121031150817871,0.00427248477935791,
-0.0845100021362305),(0.0121249017715454,0.0920432052612305,-0.084800407409668),
(0.0121249017715454,0.0920432052612305,-0.0845100021362305),(0.0121476249694824,
-0.000922685027122498,-0.084800407409668),(0.0121476249694824,-0.000922685027122498,
-0.0845100021362305),(0.0121748666763306,0.0182719459533691,-0.084800407409668),
(0.0121748666763306,0.0182719459533691,-0.0845100021362305),(0.0122106151580811,
0.0398019561767578,-0.084800407409668),(0.0122106151580811,0.0398019561767578,
-0.0845100021362305),(0.0122114114761353,0.0423726463317871,-0.084800407409668),
(0.0122114114761353,0.0423726463317871,-0.0845100021362305),(0.0123111886978149,
0.0637564544677734,-0.084800407409668),(0.0123111886978149,0.0637564544677734,
-0.0845100021362305),(0.0123187131881714,0.0906308746337891,-0.0845100021362305),
(0.0124373388290405,0.00127641797065735,-0.084800407409668),(0.0124373388290405,
0.00127641797065735,-0.0845100021362305),(0.0125541734695435,0.0596170043945313,
-0.084800407409668),(0.0125541734695435,0.0596170043945313,-0.0845100021362305),
(0.0125874500274658,0.0855441131591797,-0.0845100021362305),(0.0126083469390869,
-0.00173137605190277,-0.084800407409668),(0.0126083469390869,-0.00173137605190277,
-0.0845100021362305),(0.0126771841049194,-0.00594762706756592,-0.084800407409668),
(0.0126771841049194,-0.00594762706756592,-0.0845100021362305),(0.0127633647918701,
-0.0143654136657715,-0.084800407409668),(0.0127633647918701,-0.0143654136657715,
-0.0845100021362305),(0.0128861026763916,-0.00676435804367066,-0.0845100021362305),
(0.0129213352203369,0.0892538146972656,-0.0845100021362305),(0.013269268989563,
0.0209432621002197,-0.084800407409668),(0.013269268989563,0.0209432621002197,
-0.0845100021362305),(0.0132926759719849,0.0701180648803711,-0.084800407409668),
(0.0132926759719849,0.0701180648803711,-0.0845100021362305),(0.0134448099136353,
-0.00697814893722534,-0.084800407409668),(0.0134448099136353,-0.00697814893722534,
-0.0845100021362305),(0.013466757774353,0.0654831237792969,-0.084800407409668),
(0.013466757774353,0.0654831237792969,-0.0845100021362305),(0.0135244445800781,
-0.00720291805267334,-0.084800407409668),(0.0135244445800781,-0.00720291805267334,
-0.0845100021362305),(0.0136236152648926,0.0563719444274902,-0.084800407409668),
(0.0136236152648926,0.0563719444274902,-0.0845100021362305),(0.0137767152786255,
0.00427248477935791,-0.084800407409668),(0.0137767152786255,0.00427248477935791,
-0.0845100021362305),(0.0138211736679077,0.037321849822998,-0.084800407409668),
(0.0138211736679077,0.037321849822998,-0.0845100021362305),(0.0139871892929077,
0.0665133972167969,-0.084800407409668),(0.0139871892929077,0.0665133972167969,
-0.0845100021362305),(0.014052375793457,0.00427248477935791,-0.0875100021362305),
(0.014052375793457,0.00427248477935791,-0.084800407409668),(0.014052375793457,
0.0133181819915771,-0.084800407409668),(0.014052375793457,0.0133181819915771,
-0.0845100021362305),(0.014052375793457,0.0182719459533691,-0.0875100021362305),
(0.014052375793457,0.0182719459533691,-0.0845100021362305),(0.014052375793457,
0.0233224449157715,-0.0875100021362305),(0.014052375793457,0.0233224449157715,
-0.084800407409668),(0.014052375793457,0.0240100345611572,-0.084800407409668),
(0.014052375793457,0.0240100345611572,-0.0845100021362305),(0.014052375793457,
0.0264718704223633,-0.084800407409668),(0.014052375793457,0.0264718704223633,
-0.0845100021362305),(0.014052375793457,0.0286502151489258,-0.084800407409668),
(0.014052375793457,0.0286502151489258,-0.0845100021362305),(0.014052375793457,
0.0312649307250977,-0.084800407409668),(0.014052375793457,0.0312649307250977,
-0.0845100021362305),(0.014052375793457,0.0341235809326172,-0.084800407409668),
(0.014052375793457,0.0341235809326172,-0.0845100021362305),(0.014052375793457,
0.0369904670715332,-0.084800407409668),(0.014052375793457,0.0369904670715332,
-0.0845100021362305),(0.014052375793457,0.037321849822998,-0.0875100021362305),
(0.014052375793457,0.037321849822998,-0.084800407409668),(0.014052375793457,
0.0423726463317871,-0.0875100021362305),(0.014052375793457,0.0423726463317871,
-0.0845100021362305),(0.014052375793457,0.0427152671813965,-0.084800407409668),
(0.014052375793457,0.0427152671813965,-0.0845100021362305),(0.014052375793457,
0.0464659996032715,-0.084800407409668),(0.014052375793457,0.0464659996032715,
-0.0845100021362305),(0.014052375793457,0.0486251525878906,-0.084800407409668),
(0.014052375793457,0.0486251525878906,-0.0845100021362305),(0.014052375793457,
0.0511249160766602,-0.084800407409668),(0.014052375793457,0.0511249160766602,
-0.0845100021362305),(0.014052375793457,0.0517475662231445,-0.0845100021362305),
(0.014052375793457,0.0552436065673828,-0.084800407409668),(0.014052375793457,
0.0552436065673828,-0.0845100021362305),(0.014052375793457,0.0563719444274902,
-0.0875100021362305),(0.014052375793457,0.0563719444274902,-0.084800407409668),
(0.014203709602356,0.0367765274047852,-0.084800407409668),(0.014203709602356,
0.0367765274047852,-0.0845100021362305),(0.0143297300338745,-0.000573002994060516,
-0.084800407409668),(0.0143297300338745,-0.000573002994060516,-0.0845100021362305),
(0.0143321800231934,0.0961622848510742,-0.084800407409668),(0.0143321800231934,
0.0961622848510742,-0.0845100021362305),(0.0143561220169067,0.0365633621215821,
-0.084800407409668),(0.0143561220169067,0.0365633621215821,-0.0845100021362305),
(0.0144733953475952,0.0901104431152344,-0.084800407409668),(0.0144733953475952,
0.0901104431152344,-0.0845100021362305),(0.0144958372116089,0.0722814636230469,
-0.084800407409668),(0.0144958372116089,0.0722814636230469,-0.0845100021362305),
(0.014600341796875,0.0556949577331543,-0.084800407409668),(0.014600341796875,
0.0556949577331543,-0.0845100021362305),(0.0146178245544434,-0.00543713283538818,
-0.084800407409668),(0.0146178245544434,-0.00543713283538818,-0.0845100021362305),
(0.0146556720733643,0.0674491271972656,-0.084800407409668),(0.0146556720733643,
0.0674491271972656,-0.0845100021362305),(0.0147309465408325,0.0163992252349854,
-0.084800407409668),(0.0147309465408325,0.0163992252349854,-0.0845100021362305),
(0.0147647848129272,0.0552714462280273,-0.0845100021362305),(0.0148995056152344,
-0.0103152017593384,-0.084800407409668),(0.0148995056152344,-0.0103152017593384,
-0.0845100021362305),(0.0149117221832275,0.0302579174041748,-0.084800407409668),
(0.0149117221832275,0.0302579174041748,-0.0845100021362305),(0.0149362001419067,
0.0254942378997803,-0.084800407409668),(0.0149362001419067,0.0254942378997803,
-0.0845100021362305),(0.0150030260086059,0.0590307083129883,-0.084800407409668),
(0.0150030260086059,0.0590307083129883,-0.0845100021362305),(0.0150090408325196,
-0.00625604200363159,-0.084800407409668),(0.0150090408325196,-0.00625604200363159,
-0.0845100021362305),(0.0151389770507813,0.0740820083618164,-0.084800407409668),
(0.0151389770507813,0.0740820083618164,-0.0845100021362305),(0.0153508882522583,
0.0940522842407227,-0.084800407409668),(0.0153508882522583,0.0940522842407227,
-0.0845100021362305),(0.0153683881759644,0.00320077896118164,-0.084800407409668),
(0.0153683881759644,0.00320077896118164,-0.0845100021362305),(0.0153983020782471,
0.0375475654602051,-0.084800407409668),(0.0153983020782471,0.0375475654602051,
-0.0845100021362305),(0.0154142084121704,0.0906472015380859,-0.0845100021362305),
(0.015531530380249,-0.00700298309326172,-0.084800407409668),(0.015531530380249,
-0.00700298309326172,-0.0845100021362305),(0.0155799779891968,0.0517307243347168,
-0.0845100021362305),(0.0156008558273316,0.043751895904541,-0.084800407409668),
(0.0156008558273316,0.043751895904541,-0.0845100021362305),(0.0156830816268921,
0.0625832061767578,-0.084800407409668),(0.0156830816268921,0.0625832061767578,
-0.0845100021362305),(0.0156868629455566,0.0187370967864991,-0.084800407409668),
(0.0156868629455566,0.0187370967864991,-0.0845100021362305),(0.0157228088378907,
-0.0143654136657715,-0.084800407409668),(0.0157228088378907,-0.0143654136657715,
-0.0845100021362305),(0.0157446680068969,-0.0110396976470947,-0.084800407409668),
(0.0157446680068969,-0.0110396976470947,-0.0845100021362305),(0.0157956237792969,
0.0292738380432129,-0.084800407409668),(0.0157956237792969,0.0292738380432129,
-0.0845100021362305),(0.0158252410888672,0.0763131408691406,-0.084800407409668),
(0.0158252410888672,0.0763131408691406,-0.0845100021362305),(0.0158465576171875,
0.0245415344238281,-0.084800407409668),(0.0158465576171875,0.0245415344238281,
-0.0845100021362305),(0.015859923362732,0.0696347579956055,-0.084800407409668),
(0.015859923362732,0.0696347579956055,-0.0845100021362305),(0.0158745803833008,
0.0702493743896484,-0.084800407409668),(0.0158745803833008,0.0702493743896484,
-0.0845100021362305),(0.0160528755187988,0.0961622848510742,-0.084800407409668),
(0.0160528755187988,0.0961622848510742,-0.0845100021362305),(0.0160891342163086,
0.0470515632629395,-0.084800407409668),(0.0160891342163086,0.0470515632629395,
-0.0845100021362305),(0.0161004829406739,0.0506690216064453,-0.084800407409668),
(0.0161004829406739,0.0506690216064453,-0.0845100021362305),(0.0161348514556885,
0.083335563659668,-0.084800407409668),(0.0161348514556885,0.083335563659668,
-0.0845100021362305),(0.0161535301208496,0.0154074840545655,-0.084800407409668),
(0.0161535301208496,0.0154074840545655,-0.0845100021362305),(0.0161976222991944,
0.0672822036743164,-0.084800407409668),(0.0161976222991944,0.0672822036743164,
-0.0845100021362305),(0.0162982845306396,0.0516991653442383,-0.0845100021362305),
(0.0163546466827393,0.071181396484375,-0.084800407409668),(0.0163546466827393,
0.071181396484375,-0.0845100021362305),(0.0164055576324463,0.0850122833251953,
-0.084800407409668),(0.0164055576324463,0.0850122833251953,-0.0845100021362305),
(0.0164165325164795,0.0785686492919922,-0.084800407409668),(0.0164165325164795,
0.0785686492919922,-0.0845100021362305),(0.016426586151123,0.0464301528930664,
-0.0845100021362305),(0.0164339656829834,0.0390868911743164,-0.084800407409668),
(0.0164339656829834,0.0390868911743164,-0.0845100021362305),(0.016468858718872,
0.0311997928619385,-0.084800407409668),(0.016468858718872,0.0311997928619385,
-0.0845100021362305),(0.0164959697723389,0.0261163806915283,-0.084800407409668),
(0.0164959697723389,0.0261163806915283,-0.0845100021362305),(0.0165384998321533,
0.0892376708984375,-0.0845100021362305),(0.0165777244567871,-0.00436541318893433,
-0.0875100021362305),(0.0165777244567871,-4.64639998972416E-5,-0.0875100021362305),
(0.0165777244567871,0.0207971954345703,-0.0875100021362305),(0.0165777244567871,
0.0398472442626953,-0.0875100021362305),(0.0165777244567871,0.0861220855712891,
-0.0875100021362305),(0.0166140384674072,0.0443977279663086,-0.084800407409668),
(0.0166140384674072,0.0443977279663086,-0.0845100021362305),(0.0166161861419677,
0.0715267486572266,-0.084800407409668),(0.0166161861419677,0.0715267486572266,
-0.0845100021362305),(0.0166231861114502,0.0682477722167969,-0.084800407409668),
(0.0166231861114502,0.0682477722167969,-0.0845100021362305),(0.0166307926177978,
0.0336189002990723,-0.084800407409668),(0.0166307926177978,0.0336189002990723,
-0.0845100021362305),(0.0166824188232422,0.0214016819000244,-0.084800407409668),
(0.0166824188232422,0.0214016819000244,-0.0845100021362305),(0.0166829643249512,
-0.0125866298675537,-0.084800407409668),(0.0166829643249512,-0.0125866298675537,
-0.0845100021362305),(0.0167309455871582,0.0851888656616211,-0.084800407409668),
(0.0167309455871582,0.0851888656616211,-0.0845100021362305),(0.01674267578125,
0.0801343536376953,-0.084800407409668),(0.01674267578125,0.0801343536376953,
-0.0845100021362305),(0.0167515392303467,0.0649719619750977,-0.084800407409668),
(0.0167515392303467,0.0649719619750977,-0.0845100021362305),(0.0168638191223145,
0.083745735168457,-0.084800407409668),(0.0168638191223145,0.083745735168457,
-0.0845100021362305),(0.0169658260345459,0.00323622989654541,-0.084800407409668),
(0.0169658260345459,0.00323622989654541,-0.0845100021362305),(0.0170464477539062,
-0.01316184425354,-0.084800407409668),(0.0170464477539062,-0.01316184425354,
-0.0845100021362305),(0.0171863021850586,0.057834529876709,-0.084800407409668),
(0.0171863021850586,0.057834529876709,-0.0845100021362305),(0.0171906642913819,
0.0410606994628906,-0.084800407409668),(0.0171906642913819,0.0410606994628906,
-0.0845100021362305),(0.0172084102630616,0.0821247177124024,-0.084800407409668),
(0.0172084102630616,0.0821247177124024,-0.0845100021362305),(0.017232873916626,
-0.01011301612854,-0.084800407409668),(0.017232873916626,-0.01011301612854,
-0.0845100021362305),(0.0173622093200684,0.0855458297729492,-0.084800407409668),
(0.0173622093200684,0.0855458297729492,-0.0845100021362305),(0.0173876571655273,
0.0178564643859863,-0.084800407409668),(0.0173876571655273,0.0178564643859863,
-0.0845100021362305),(0.0173908462524414,0.0553865966796875,-0.084800407409668),
(0.0173908462524414,0.0553865966796875,-0.0845100021362305),(0.0174135265350342,
0.0275927181243897,-0.084800407409668),(0.0174135265350342,0.0275927181243897,
-0.0845100021362305),(0.0175611267089844,0.0144008636474609,-0.084800407409668),
(0.0175611267089844,0.0144008636474609,-0.0845100021362305),(0.0175654888153076,
0.0858190612792969,-0.084800407409668),(0.0175654888153076,0.0858190612792969,
-0.0845100021362305),(0.0176075592041015,0.0841316452026367,-0.084800407409668),
(0.0176075592041015,0.0841316452026367,-0.0845100021362305),(0.0176375331878662,
0.0478202438354492,-0.0845100021362305),(0.017640380859375,0.0489351577758789,
-0.0845100021362305),(0.0176434555053711,0.0870969619750977,-0.084800407409668),
(0.0176434555053711,0.0870969619750977,-0.0845100021362305),(0.0176483917236328,
0.0428865966796875,-0.0845100021362305),(0.0176587619781494,0.0402801399230957,
-0.0845100021362305),(0.0176638240814209,0.0442399673461914,-0.0845100021362305),
(0.0176719970703125,0.0529435195922852,-0.084800407409668),(0.0176719970703125,
0.0529435195922852,-0.0845100021362305),(0.0176809310913086,0.0414457969665527,
-0.0845100021362305),(0.0176809310913086,0.0464368476867676,-0.0845100021362305),
(0.0176809310913086,0.0517475662231445,-0.0845100021362305),(0.0176809310913086,
0.0552824440002442,-0.0845100021362305),(0.0176809310913086,0.0701566848754883,
-0.0845100021362305),(0.0176809310913086,0.072535400390625,-0.0845100021362305),
(0.0176809310913086,0.0744626007080078,-0.0845100021362305),(0.0176809310913086,
0.0790916290283203,-0.0845100021362305),(0.0176809310913086,0.0857831115722656,
-0.0845100021362305),(0.0176809310913086,0.0893291015625,-0.0845100021362305),
(0.0176809310913086,0.0961622848510742,-0.0845100021362305),(0.0176851539611817,
0.0899094772338867,-0.0845100021362305),(0.017689868927002,0.0883765716552734,
-0.084800407409668),(0.017689868927002,0.0883765716552734,-0.0845100021362305),
(0.0176957397460938,0.0920020294189453,-0.0845100021362305),(0.0176975708007812,
0.095602668762207,-0.0845100021362305),(0.0177065162658691,0.0936138687133789,
-0.0845100021362305),(0.0177872333526611,0.0899706954956055,-0.084800407409668),
(0.0177872333526611,0.0899706954956055,-0.0845100021362305),(0.0178534126281738,
0.0474488754272461,-0.0845100021362305),(0.0178564224243164,0.0425929145812989,
-0.0845100021362305),(0.0178617954254151,0.0399480171203613,-0.0845100021362305),
(0.0178695755004883,0.0484851112365723,-0.0845100021362305),(0.0178776702880859,
0.0438731498718262,-0.0845100021362305),(0.0178906612396241,0.0414457969665527,
-0.0845100021362305),(0.0178906612396241,0.0464368476867676,-0.0845100021362305),
(0.0178906612396241,0.0517475662231445,-0.0845100021362305),(0.0178906612396241,
0.0552824440002442,-0.0845100021362305),(0.0178906612396241,0.0701566848754883,
-0.0845100021362305),(0.0178906612396241,0.072535400390625,-0.0845100021362305),
(0.0178906612396241,0.0744626007080078,-0.0845100021362305),(0.0178906612396241,
0.0790916290283203,-0.0845100021362305),(0.0178906612396241,0.0857831115722656,
-0.0845100021362305),(0.0178906612396241,0.0893291015625,-0.0845100021362305),
(0.0178906612396241,0.0961622848510742,-0.0845100021362305),(0.0179011459350586,
0.0921276092529297,-0.0845100021362305),(0.0179036655426025,0.0957436294555664,
-0.0845100021362305),(0.0179118309020996,0.093735595703125,-0.0845100021362305),
(0.0180701274871826,-0.0115221605300903,-0.084800407409668),(0.0180701274871826,
-0.0115221605300903,-0.0845100021362305),(0.018095645904541,0.0480461730957031,
-0.084800407409668),(0.018095645904541,0.0480461730957031,-0.0845100021362305),
(0.0181073246002197,0.0911781463623047,-0.084800407409668),(0.0181073246002197,
0.0911781463623047,-0.0845100021362305),(0.0181111240386963,0.0709590301513672,
-0.084800407409668),(0.0181111240386963,0.0709590301513672,-0.0845100021362305),
(0.0182031936645508,0.0670062026977539,-0.084800407409668),(0.0182031936645508,
0.0670062026977539,-0.0845100021362305),(0.0183373699188233,0.04309423828125,
-0.084800407409668),(0.0183373699188233,0.04309423828125,-0.0845100021362305),
(0.0183493938446045,0.0391682167053223,-0.084800407409668),(0.0183493938446045,
0.0391682167053223,-0.0845100021362305),(0.018357349395752,0.0924085998535156,
-0.084800407409668),(0.018357349395752,0.0924085998535156,-0.0845100021362305),
(0.0183995056152344,0.0471914558410645,-0.084800407409668),(0.0183995056152344,
0.0471914558410645,-0.0845100021362305),(0.0184614677429199,0.0630584411621094,
-0.084800407409668),(0.0184614677429199,0.0630584411621094,-0.0845100021362305),
(0.0184625282287597,0.0464334449768066,-0.0845100021362305),(0.0184786605834961,
0.00972798633575439,-0.084800407409668),(0.0184786605834961,0.00972798633575439,
-0.0845100021362305),(0.0185082149505616,0.0961622848510742,-0.084800407409668),
(0.0185082149505616,0.0961622848510742,-0.0845100021362305),(0.0185422821044922,
0.0640568313598633,-0.084800407409668),(0.0185422821044922,0.0640568313598633,
-0.0845100021362305),(0.0185502490997314,0.0462909393310547,-0.084800407409668),
(0.0185502490997314,0.0462909393310547,-0.0845100021362305),(0.0185681171417236,
0.0650568008422852,-0.084800407409668),(0.0185681171417236,0.0650568008422852,
-0.0845100021362305),(0.0186794815063477,0.0679432601928711,-0.084800407409668),
(0.0186794815063477,0.0679432601928711,-0.0845100021362305),(0.0187009372711181,
0.0708263473510742,-0.084800407409668),(0.0187009372711181,0.0708263473510742,
-0.0845100021362305),(0.018704439163208,0.0414268455505371,-0.0845100021362305),
(0.0187653789520264,0.0942483978271484,-0.084800407409668),(0.0187653789520264,
0.0942483978271484,-0.0845100021362305),(0.0189872627258301,-0.0128791780471802,
-0.084800407409668),(0.0189872627258301,-0.0128791780471802,-0.0845100021362305),
(0.0190270805358887,0.0557012367248535,-0.084800407409668),(0.0190270805358887,
0.0557012367248535,-0.0845100021362305),(0.0190680923461914,0.0554897232055664,
-0.084800407409668),(0.0190680923461914,0.0554897232055664,-0.0845100021362305),
(0.0190807342529297,0.0952080764770508,-0.084800407409668),(0.0190807342529297,
0.0952080764770508,-0.0845100021362305),(0.0191030769348145,0.00427248477935791,
-0.0875100021362305),(0.0191030769348145,0.00427248477935791,-0.084800407409668),
(0.0191030769348145,0.00500863790512085,-0.0845100021362305),(0.0191030769348145,
0.00500863885879517,-0.084800407409668),(0.0191030769348145,0.0170005741119385,
-0.084800407409668),(0.0191030769348145,0.0170005741119385,-0.0845100021362305),
(0.0191030769348145,0.0182719459533691,-0.0875100021362305),(0.0191030769348145,
0.0182719459533691,-0.084800407409668),(0.0191030769348145,0.0233224449157715,
-0.0875100021362305),(0.0191030769348145,0.0233224449157715,-0.084800407409668),
(0.0191030769348145,0.0237439994812012,-0.084800407409668),(0.0191030769348145,
0.0237439994812012,-0.0845100021362305),(0.0191030769348145,0.0259787292480469,
-0.084800407409668),(0.0191030769348145,0.0259787292480469,-0.0845100021362305),
(0.0191030769348145,0.0284641361236572,-0.084800407409668),(0.0191030769348145,
0.0284641361236572,-0.0845100021362305),(0.0191030769348145,0.0308300590515137,
-0.084800407409668),(0.0191030769348145,0.0308300590515137,-0.0845100021362305),
(0.0191030769348145,0.0330977249145508,-0.084800407409668),(0.0191030769348145,
0.0330977249145508,-0.0845100021362305),(0.0191030769348145,0.0356574821472168,
-0.084800407409668),(0.0191030769348145,0.0356574821472168,-0.0845100021362305),
(0.0191030769348145,0.037321849822998,-0.0875100021362305),(0.0191030769348145,
0.037321849822998,-0.084800407409668),(0.0191030769348145,0.0423726463317871,
-0.0875100021362305),(0.0191030769348145,0.0423726463317871,-0.0845100021362305),
(0.0191030769348145,0.0464368476867676,-0.0845100021362305),(0.0191030769348145,
0.0517475662231445,-0.0845100021362305),(0.0191030769348145,0.0552775268554688,
-0.084800407409668),(0.0191030769348145,0.0552775268554688,-0.0845100021362305),
(0.0191030769348145,0.0563719444274902,-0.0875100021362305),(0.0191030769348145,
0.0563719444274902,-0.084800407409668),(0.0191174983978271,0.0418064613342285,
-0.084800407409668),(0.0191174983978271,0.0418064613342285,-0.0845100021362305),
(0.0191742897033691,0.00427248477935791,-0.084800407409668),(0.0191742897033691,
0.00427248477935791,-0.0845100021362305),(0.0192716884613037,-0.00947372817993164,
-0.084800407409668),(0.0192716884613037,-0.00947372817993164,-0.0845100021362305),
(0.0194125175476074,0.0961622848510742,-0.084800407409668),(0.0194125175476074,
0.0961622848510742,-0.0845100021362305),(0.0194305534362793,0.0212103576660156,
-0.084800407409668),(0.0194305534362793,0.0212103576660156,-0.0845100021362305),
(0.0194662055969239,-0.0060635290145874,-0.084800407409668),(0.0194662055969239,
-0.0060635290145874,-0.0845100021362305),(0.0194826374053955,-0.000891259014606476,
-0.084800407409668),(0.0194826374053955,-0.000891259014606476,-0.0845100021362305),
(0.0194928455352783,0.0406530456542969,-0.084800407409668),(0.0194928455352783,
0.0406530456542969,-0.0845100021362305),(0.0194950485229492,0.0403801345825195,
-0.084800407409668),(0.0194950485229492,0.0403801345825195,-0.0845100021362305),
(0.0195061645507812,0.0190003471374512,-0.084800407409668),(0.0195061645507812,
0.0190003471374512,-0.0845100021362305),(0.0195824985504151,0.037321849822998,
-0.084800407409668),(0.0195824985504151,0.037321849822998,-0.0845100021362305),
(0.0196031036376953,0.0233224449157715,-0.084800407409668),(0.0196031036376953,
0.0233224449157715,-0.0845100021362305),(0.0197412738800049,0.0811042022705078,
-0.084800407409668),(0.0197412738800049,0.0811042022705078,-0.0845100021362305),
(0.0198250770568848,0.0636547813415527,-0.084800407409668),(0.0198250770568848,
0.0636547813415527,-0.0845100021362305),(0.0198349628448487,0.0850334091186523,
-0.084800407409668),(0.0198349628448487,0.0850334091186523,-0.0845100021362305),
(0.0199839153289795,0.0186332263946533,-0.084800407409668),(0.0199839153289795,
0.0186332263946533,-0.0845100021362305),(0.0200211696624756,0.0563719444274902,
-0.084800407409668),(0.0200211696624756,0.0563719444274902,-0.0845100021362305),
(0.020078109741211,0.0786332473754883,-0.084800407409668),(0.020078109741211,
0.0786332473754883,-0.0845100021362305),(0.0201272144317627,0.0716377563476563,
-0.084800407409668),(0.0201272144317627,0.0716377563476563,-0.0845100021362305),
(0.0204177589416504,0.0889268417358398,-0.084800407409668),(0.0204177589416504,
0.0889268417358398,-0.0845100021362305),(0.0204663677215576,0.0182719459533691,
-0.084800407409668),(0.0204663677215576,0.0182719459533691,-0.0845100021362305),
(0.0205248737335205,0.0893290023803711,-0.0845100021362305),(0.0205930690765381,
0.0762046051025391,-0.084800407409668),(0.0205930690765381,0.0762046051025391,
-0.0845100021362305),(0.0205963077545166,0.0711826171875,-0.084800407409668),
(0.0205963077545166,0.0711826171875,-0.0845100021362305),(0.0205965023040771,
-0.0143654136657715,-0.084800407409668),(0.0205965023040771,-0.0143654136657715,
-0.0845100021362305),(0.0207531147003174,0.0635094184875488,-0.084800407409668),
(0.0207531147003174,0.0635094184875488,-0.0845100021362305),(0.020757532119751,
0.00427248477935791,-0.084800407409668),(0.020757532119751,0.00427248477935791,
-0.0845100021362305),(0.0208976230621338,0.09072802734375,-0.0845100021362305),
(0.0210122165679932,0.0706786117553711,-0.084800407409668),(0.0210122165679932,
0.0706786117553711,-0.0845100021362305),(0.0210604629516602,-0.00967998886108398,
-0.084800407409668),(0.0210604629516602,-0.00967998886108398,-0.0845100021362305),
(0.0211435661315918,-0.000343526989221573,-0.084800407409668),(0.0211435661315918,
-0.000343526989221573,-0.0845100021362305),(0.0211541843414307,0.0417436561584472,
-0.084800407409668),(0.0211541843414307,0.0417436561584472,-0.0845100021362305),
(0.0212103939056396,0.0408202590942383,-0.084800407409668),(0.0212103939056396,
0.0408202590942383,-0.0845100021362305),(0.0212272071838379,-0.00497619915008545,
-0.084800407409668),(0.0212272071838379,-0.00497619915008545,-0.0845100021362305),
(0.0212465553283691,0.0420579948425293,-0.084800407409668),(0.0212465553283691,
0.0420579948425293,-0.0845100021362305),(0.0213377113342285,0.0423726463317871,
-0.084800407409668),(0.0213377113342285,0.0423726463317871,-0.0845100021362305),
(0.0213811168670654,0.0925444183349609,-0.084800407409668),(0.0213811168670654,
0.0925444183349609,-0.0845100021362305),(0.0213847904205323,0.039901611328125,
-0.084800407409668),(0.0213847904205323,0.039901611328125,-0.0845100021362305),
(0.021458553314209,0.0773696899414063,-0.084800407409668),(0.021458553314209,
0.0773696899414063,-0.0845100021362305),(0.0215439434051514,0.0217767181396484,
-0.084800407409668),(0.0215439434051514,0.0217767181396484,-0.0845100021362305),
(0.0215818271636963,0.0563719444274902,-0.084800407409668),(0.0215818271636963,
0.0563719444274902,-0.0845100021362305),(0.0215851669311524,0.0402376098632812,
-0.084800407409668),(0.0215851669311524,0.0402376098632812,-0.0845100021362305),
(0.0217307720184326,0.0405997657775879,-0.084800407409668),(0.0217307720184326,
0.0405997657775879,-0.0845100021362305),(0.0217333717346192,0.0576670951843262,
-0.084800407409668),(0.0217333717346192,0.0576670951843262,-0.0845100021362305),
(0.0218727378845215,0.0589633674621582,-0.084800407409668),(0.0218727378845215,
0.0589633674621582,-0.0845100021362305),(0.0218749904632568,0.0736818542480469,
-0.084800407409668),(0.0218749904632568,0.0736818542480469,-0.0845100021362305),
(0.0219922409057617,0.0735259780883789,-0.084800407409668),(0.0219922409057617,
0.0735259780883789,-0.0845100021362305),(0.0220130691528321,0.0609262733459473,
-0.084800407409668),(0.0220130691528321,0.0609262733459473,-0.0845100021362305),
(0.0220451030731201,0.0414848861694336,-0.084800407409668),(0.0220451030731201,
0.0414848861694336,-0.0845100021362305),(0.0220746688842773,0.0736277770996094,
-0.0845100021362305),(0.0220768241882324,0.037321849822998,-0.0845100021362305),
(0.0220768241882324,0.0414457969665527,-0.0845100021362305),(0.0220768241882324,
0.0701566848754883,-0.0845100021362305),(0.0220768241882324,0.072535400390625,
-0.0845100021362305),(0.0220768241882324,0.0744626007080078,-0.0845100021362305),
(0.0220768241882324,0.0961622848510742,-0.0845100021362305),(0.0220788593292237,
0.0951784591674805,-0.0845100021362305),(0.0221233253479004,0.062890869140625,
-0.084800407409668),(0.0221233253479004,0.062890869140625,-0.0845100021362305),
(0.022278657913208,0.0753803863525391,-0.084800407409668),(0.022278657913208,
0.0753803863525391,-0.0845100021362305),(0.0222992935180664,0.0233224449157715,
-0.084800407409668),(0.0222992935180664,0.0233224449157715,-0.0845100021362305),
(0.022301082611084,0.0660616455078125,-0.084800407409668),(0.022301082611084,
0.0660616455078125,-0.0845100021362305),(0.0223073596954345,0.0692389678955078,
-0.084800407409668),(0.0223073596954345,0.0692389678955078,-0.0845100021362305),
(0.0223377475738526,0.0961622848510742,-0.084800407409668),(0.0223377475738526,
0.0961622848510742,-0.0845100021362305),(0.0223474597930908,0.0785184173583984,
-0.084800407409668),(0.0223474597930908,0.0785184173583984,-0.0845100021362305),
(0.0223537540435791,0.0423726463317871,-0.084800407409668),(0.0223537540435791,
0.0423726463317871,-0.0845100021362305),(0.0224494209289551,0.037321849822998,
-0.084800407409668),(0.0224494209289551,0.037321849822998,-0.0845100021362305),
(0.0226840915679931,0.0874635391235352,-0.084800407409668),(0.0226840915679931,
0.0874635391235352,-0.0845100021362305),(0.0227593078613282,0.0563719444274902,
-0.084800407409668),(0.0227593078613282,0.0563719444274902,-0.0845100021362305),
(0.0227961845397949,-0.0143654136657715,-0.084800407409668),(0.0227961845397949,
-0.0143654136657715,-0.0845100021362305),(0.0230119094848633,0.0893662872314453,
-0.0845100021362305),(0.0230771293640136,0.0763858947753906,-0.084800407409668),
(0.0230771293640136,0.0763858947753906,-0.0845100021362305),(0.0230962524414062,
0.0227398014068603,-0.084800407409668),(0.0230962524414062,0.0227398014068603,
-0.0845100021362305),(0.0231223468780517,0.0726856307983398,-0.084800407409668),
(0.0231223468780517,0.0726856307983398,-0.0845100021362305),(0.023169376373291,
0.0682782211303711,-0.084800407409668),(0.023169376373291,0.0682782211303711,
-0.0845100021362305),(0.0233118858337403,0.0907798385620117,-0.0845100021362305),
(0.0233525943756104,0.0398367958068847,-0.084800407409668),(0.0233525943756104,
0.0398367958068847,-0.0845100021362305),(0.0233540306091308,0.0182719459533691,
-0.084800407409668),(0.0233540306091308,0.0182719459533691,-0.0845100021362305),
(0.0234926223754883,0.0915382843017578,-0.0845100021362305),(0.0235462226867676,
0.0233224449157715,-0.084800407409668),(0.0235462226867676,0.0233224449157715,
-0.0845100021362305),(0.0235517120361328,0.020316032409668,-0.084800407409668),
(0.0235517120361328,0.020316032409668,-0.0845100021362305),(0.0235809288024903,
0.0618430366516113,-0.084800407409668),(0.0235809288024903,0.0618430366516113,
-0.0845100021362305),(0.0236915454864502,0.0732148895263672,-0.0845100021362305),
(0.0237059192657471,0.0414457969665527,-0.0845100021362305),(0.0237059192657471,
0.0423726463317871,-0.0845100021362305),(0.0237059192657471,0.0563719444274902,
-0.0845100021362305),(0.0237059192657471,0.0701566848754883,-0.0845100021362305),
(0.0237059192657471,0.0744626007080078,-0.0845100021362305),(0.0237059192657471,
0.0790916290283203,-0.0845100021362305),(0.0237059192657471,0.0857831115722656,
-0.0845100021362305),(0.0237059192657471,0.0893291015625,-0.0845100021362305),
(0.0237059192657471,0.0907285003662109,-0.0845100021362305),(0.023715877532959,
0.0227464714050293,-0.084800407409668),(0.023715877532959,0.0227464714050293,
-0.0845100021362305),(0.0238516902923584,0.00427248477935791,-0.084800407409668),
(0.0238516902923584,0.00427248477935791,-0.0845100021362305),(0.0238909397125244,
0.0802017517089844,-0.084800407409668),(0.0238909397125244,0.0802017517089844,
-0.0845100021362305),(0.0238947944641114,0.0414434204101563,-0.0845100021362305),
(0.0239088077545166,0.0221777744293213,-0.084800407409668),(0.0239088077545166,
0.0221777744293213,-0.0845100021362305),(0.023955379486084,0.0772985458374024,
-0.084800407409668),(0.023955379486084,0.0772985458374024,-0.0845100021362305),
(0.0239593887329102,-0.00507623291015625,-0.084800407409668),(0.0239593887329102,
-0.00507623291015625,-0.0845100021362305),(0.0240728645324707,0.0673534469604492,
-0.084800407409668),(0.0240728645324707,0.0673534469604492,-0.0845100021362305),
(0.0241308689117432,0.0854995956420899,-0.084800407409668),(0.0241308689117432,
0.0854995956420899,-0.0845100021362305),(0.0241649761199951,0.0857855453491211,
-0.0845100021362305),(0.0241958656311035,0.0423726463317871,-0.084800407409668),
(0.0241958656311035,0.0423726463317871,-0.0845100021362305),(0.0243149566650391,
0.019841609954834,-0.084800407409668),(0.0243149566650391,0.019841609954834,
-0.0845100021362305),(0.0243531303405762,0.0563719444274902,-0.084800407409668),
(0.0243531303405762,0.0563719444274902,-0.0845100021362305),(0.0244344463348388,
0.0568836097717285,-0.084800407409668),(0.0244344463348388,0.0568836097717285,
-0.0845100021362305),(0.0245143814086914,0.0573954048156738,-0.084800407409668),
(0.0245143814086914,0.0573954048156738,-0.0845100021362305),(0.024599536895752,
0.037321849822998,-0.084800407409668),(0.024599536895752,0.037321849822998,
-0.0845100021362305),(0.0246207504272461,0.072046501159668,-0.084800407409668),
(0.0246207504272461,0.072046501159668,-0.0845100021362305),(0.0246352195739746,
-0.0143654136657715,-0.084800407409668),(0.0246352195739746,-0.0143654136657715,
-0.0845100021362305),(0.0246661968231201,0.0809975128173828,-0.084800407409668),
(0.0246661968231201,0.0809975128173828,-0.0845100021362305),(0.0246808681488037,
0.0194977741241455,-0.084800407409668),(0.0246808681488037,0.0194977741241455,
-0.0845100021362305),(0.0247354564666748,0.0893374862670898,-0.0845100021362305),
(0.0248136501312256,0.019150333404541,-0.084800407409668),(0.0248136501312256,
0.019150333404541,-0.0845100021362305),(0.0248948955535888,0.0961622848510742,
-0.084800407409668),(0.0248948955535888,0.0961622848510742,-0.0845100021362305),
(0.0249440765380859,0.0187102127075196,-0.084800407409668),(0.0249440765380859,
0.0187102127075196,-0.0845100021362305),(0.0250231990814209,0.0907285461425781,
-0.0845100021362305),(0.0250244178771972,0.090734130859375,-0.084800407409668),
(0.0250244178771972,0.090734130859375,-0.0845100021362305),(0.025035587310791,
0.0616797752380371,-0.084800407409668),(0.025035587310791,0.0616797752380371,
-0.0845100021362305),(0.0250809421539307,0.0182719459533691,-0.084800407409668),
(0.0250809421539307,0.0182719459533691,-0.0845100021362305),(0.0251331787109375,
0.0788120574951172,-0.084800407409668),(0.0251331787109375,0.0788120574951172,
-0.0845100021362305),(0.0252763214111328,0.00427248477935791,-0.084800407409668),
(0.0252763214111328,0.00427248477935791,-0.0845100021362305),(0.0253106021881103,
0.0659855651855469,-0.084800407409668),(0.0253106021881103,0.0659855651855469,
-0.0845100021362305),(0.0253635540008545,0.0233224449157715,-0.084800407409668),
(0.0253635540008545,0.0233224449157715,-0.0845100021362305),(0.0253882694244385,
0.0818437194824219,-0.084800407409668),(0.0253882694244385,0.0818437194824219,
-0.0845100021362305),(0.0255004997253418,0.0819703826904297,-0.084800407409668),
(0.0255004997253418,0.0819703826904297,-0.0845100021362305),(0.025537275314331,
0.0228051452636719,-0.084800407409668),(0.025537275314331,0.0228051452636719,
-0.0845100021362305),(0.0255975017547608,0.0398312759399414,-0.084800407409668),
(0.0255975017547608,0.0398312759399414,-0.0845100021362305),(0.0256206951141358,
-0.00506853485107422,-0.084800407409668),(0.0256206951141358,-0.00506853485107422,
-0.0845100021362305),(0.0257145462036133,0.082272590637207,-0.084800407409668),
(0.0257145462036133,0.082272590637207,-0.0845100021362305),(0.025745174407959,
0.0934689407348633,-0.084800407409668),(0.025745174407959,0.0934689407348633,
-0.0845100021362305),(0.0257452239990234,0.0222993392944336,-0.084800407409668),
(0.0257452239990234,0.0222993392944336,-0.0845100021362305),(0.02574733543396,
0.0824720916748047,-0.084800407409668),(0.02574733543396,0.0824720916748047,
-0.0845100021362305),(0.0261084537506103,0.0563719444274902,-0.084800407409668),
(0.0261084537506103,0.0563719444274902,-0.0845100021362305),(0.0261333274841309,
0.0800090484619141,-0.084800407409668),(0.0261333274841309,0.0800090484619141,
-0.0845100021362305),(0.0261397037506103,0.0228090400695801,-0.084800407409668),
(0.0261397037506103,0.0228090400695801,-0.0845100021362305),(0.0262728137969971,
0.0651699600219727,-0.084800407409668),(0.0262728137969971,0.0651699600219727,
-0.0845100021362305),(0.0263219528198242,0.0201682968139648,-0.084800407409668),
(0.0263219528198242,0.0201682968139648,-0.0845100021362305),(0.0263883647918701,
0.0888670425415039,-0.084800407409668),(0.0263883647918701,0.0888670425415039,
-0.0845100021362305),(0.0265073337554931,0.0423726463317871,-0.084800407409668),
(0.0265073337554931,0.0423726463317871,-0.0845100021362305),(0.0265073642730713,
0.037321849822998,-0.084800407409668),(0.0265073642730713,0.037321849822998,
-0.0845100021362305),(0.0265296249389648,0.0233224449157715,-0.084800407409668),
(0.0265296249389648,0.0233224449157715,-0.0845100021362305),(0.0266249237060547,
0.0961622848510742,-0.084800407409668),(0.0266249237060547,0.0961622848510742,
-0.0845100021362305),(0.026652774810791,0.0192235240936279,-0.084800407409668),
(0.026652774810791,0.0192235240936279,-0.0845100021362305),(0.0266918106079102,
0.060263053894043,-0.084800407409668),(0.0266918106079102,0.060263053894043,
-0.0845100021362305),(0.0269641094207763,0.0182719459533691,-0.084800407409668),
(0.0269641094207763,0.0182719459533691,-0.0845100021362305),(0.0270338954925537,
0.0641848831176758,-0.084800407409668),(0.0270338954925537,0.0641848831176758,
-0.0845100021362305),(0.0270932540893555,0.0724850540161133,-0.0845100021362305),
(0.027173469543457,0.0811717376708984,-0.084800407409668),(0.027173469543457,
0.0811717376708984,-0.0845100021362305),(0.0274426956176758,0.039832275390625,
-0.084800407409668),(0.0274426956176758,0.039832275390625,-0.0845100021362305),
(0.0275561199188232,0.0217262992858887,-0.084800407409668),(0.0275561199188232,
0.0217262992858887,-0.0845100021362305),(0.0275735607147217,0.0563719444274902,
-0.084800407409668),(0.0275735607147217,0.0563719444274902,-0.0845100021362305),
(0.027574197769165,-0.0143654136657715,-0.084800407409668),(0.027574197769165,
-0.0143654136657715,-0.0845100021362305),(0.0276061210632325,0.084318489074707,
-0.084800407409668),(0.0276061210632325,0.084318489074707,-0.0845100021362305),
(0.0278144989013672,0.0951379013061524,-0.084800407409668),(0.0278144989013672,
0.0951379013061524,-0.0845100021362305),(0.027847131729126,0.0582007293701172,
-0.084800407409668),(0.027847131729126,0.0582007293701172,-0.0845100021362305),
(0.0278608779907227,0.0709670639038086,-0.084800407409668),(0.0278608779907227,
0.0709670639038086,-0.0845100021362305),(0.0279646606445313,0.0956507949829102,
-0.084800407409668),(0.0279646606445313,0.0956507949829102,-0.0845100021362305),
(0.0280075569152832,0.0739800872802734,-0.084800407409668),(0.0280075569152832,
0.0739800872802734,-0.0845100021362305),(0.0280807037353516,0.0600353622436523,
-0.084800407409668),(0.0280807037353516,0.0600353622436523,-0.0845100021362305),
(0.0281205043792725,0.0961622848510742,-0.084800407409668),(0.0281205043792725,
0.0961622848510742,-0.0845100021362305),(0.0281739521026611,0.0615716781616211,
-0.084800407409668),(0.0281739521026611,0.0615716781616211,-0.0845100021362305),
(0.0282902088165283,0.0423726463317871,-0.084800407409668),(0.0282902088165283,
0.0423726463317871,-0.0845100021362305),(0.0283474178314209,0.0850674057006836,
-0.084800407409668),(0.0283474178314209,0.0850674057006836,-0.0845100021362305),
(0.0283535213470459,0.063099666595459,-0.084800407409668),(0.0283535213470459,
0.063099666595459,-0.0845100021362305),(0.0283729553222656,0.0903096237182617,
-0.084800407409668),(0.0283729553222656,0.0903096237182617,-0.0845100021362305),
(0.02838210105896,0.0722552642822266,-0.084800407409668),(0.02838210105896,
0.0722552642822266,-0.0845100021362305),(0.0284459209442139,-0.00926717853546143,
-0.084800407409668),(0.0284459209442139,-0.00926717853546143,-0.0845100021362305),
(0.0285261039733886,0.0182719459533691,-0.084800407409668),(0.0285261039733886,
0.0182719459533691,-0.0845100021362305),(0.0285974941253662,0.0827374496459961,
-0.084800407409668),(0.0285974941253662,0.0827374496459961,-0.0845100021362305),
(0.0287280769348144,0.00427248477935791,-0.084800407409668),(0.0287280769348144,
0.00427248477935791,-0.0845100021362305),(0.0287380313873291,0.0233224449157715,
-0.084800407409668),(0.0287380313873291,0.0233224449157715,-0.0845100021362305),
(0.0289391136169433,-0.00412369823455811,-0.084800407409668),(0.0289391136169433,
-0.00412369823455811,-0.0845100021362305),(0.0289858722686767,7.74739980697632E-5,
-0.084800407409668),(0.0289858722686767,7.74739980697632E-5,-0.0845100021362305),
(0.0290588493347168,0.0858473358154297,-0.084800407409668),(0.0290588493347168,
0.0858473358154297,-0.0845100021362305),(0.0292598056793213,0.0860576553344727,
-0.084800407409668),(0.0292598056793213,0.0860576553344727,-0.0845100021362305),
(0.0293107662200928,0.037321849822998,-0.084800407409668),(0.0293107662200928,
0.037321849822998,-0.0845100021362305),(0.0293123722076416,-0.0143654136657715,
-0.084800407409668),(0.0293123722076416,-0.0143654136657715,-0.0845100021362305),
(0.0294319858551026,0.0620173301696777,-0.084800407409668),(0.0294319858551026,
0.0620173301696777,-0.0845100021362305),(0.029498643875122,0.0837462844848633,
-0.084800407409668),(0.029498643875122,0.0837462844848633,-0.0845100021362305),
(0.0296010208129883,0.086500358581543,-0.084800407409668),(0.0296010208129883,
0.086500358581543,-0.0845100021362305),(0.0296486644744873,0.0867867889404297,
-0.084800407409668),(0.0296486644744873,0.0867867889404297,-0.0845100021362305),
(0.0298680934906006,0.0676257476806641,-0.084800407409668),(0.0298680934906006,
0.0676257476806641,-0.0845100021362305),(0.029870548248291,0.0674491271972656,
-0.084800407409668),(0.029870548248291,0.0674491271972656,-0.0845100021362305),
(0.029897554397583,0.0563719444274902,-0.084800407409668),(0.029897554397583,
0.0563719444274902,-0.0845100021362305),(0.0299082927703857,0.0677128753662109,
-0.084800407409668),(0.0299082927703857,0.0677128753662109,-0.0845100021362305),
(0.0299148693084717,0.0961621932983398,-0.084800407409668),(0.0299148693084717,
0.0961621932983398,-0.0845100021362305),(0.0299148845672607,0.096162239074707,
-0.084800407409668),(0.0299148845672607,0.096162239074707,-0.0845100021362305),
(0.0299148979187012,0.0961622848510742,-0.084800407409668),(0.0299148979187012,
0.0961622848510742,-0.0845100021362305),(0.0299601879119873,0.0677580413818359,
-0.084800407409668),(0.0299601879119873,0.0677580413818359,-0.0845100021362305),
(0.0300787696838379,0.0677941970825195,-0.084800407409668),(0.0300787696838379,
0.0677941970825195,-0.0845100021362305),(0.0300953102111816,0.00427248477935791,
-0.084800407409668),(0.0300953102111816,0.00427248477935791,-0.0845100021362305),
(0.0301224613189697,-0.00893847846984863,-0.084800407409668),(0.0301224613189697,
-0.00893847846984863,-0.0845100021362305),(0.0302093544006347,0.0586299781799317,
-0.084800407409668),(0.0302093544006347,0.0586299781799317,-0.0845100021362305),
(0.0303227882385254,0.0907350311279297,-0.0845100021362305),(0.0303480606079102,
0.0398284072875977,-0.084800407409668),(0.0303480606079102,0.0398284072875977,
-0.0845100021362305),(0.0304029579162597,0.084753547668457,-0.084800407409668),
(0.0304029579162597,0.084753547668457,-0.0845100021362305),(0.0304130325317383,
0.0677403259277344,-0.084800407409668),(0.0304130325317383,0.0677403259277344,
-0.0845100021362305),(0.0304262523651123,0.000408719003200531,-0.084800407409668),
(0.0304262523651123,0.000408719003200531,-0.0845100021362305),(0.0304606437683106,
0.0608944778442383,-0.084800407409668),(0.0304606437683106,0.0608944778442383,
-0.0845100021362305),(0.0304917392730713,-0.00346916198730469,-0.084800407409668),
(0.0304917392730713,-0.00346916198730469,-0.0845100021362305),(0.0304934234619141,
0.0670564193725586,-0.0845100021362305),(0.0305026016235351,0.0915251998901367,
-0.084800407409668),(0.0305026016235351,0.0915251998901367,-0.0845100021362305),
(0.0305083694458008,0.0563719444274902,-0.0845100021362305),(0.0305083694458008,
0.0701566848754883,-0.0845100021362305),(0.0305083694458008,0.072535400390625,
-0.0845100021362305),(0.0305083694458008,0.0857831115722656,-0.0845100021362305),
(0.0305083694458008,0.0893291015625,-0.0845100021362305),(0.0305083694458008,
0.0907285003662109,-0.0845100021362305),(0.0306661739349365,0.0850095138549805,
-0.084800407409668),(0.0306661739349365,0.0850095138549805,-0.0845100021362305),
(0.030677885055542,0.0676099472045899,-0.084800407409668),(0.030677885055542,
0.0676099472045899,-0.0845100021362305),(0.0310734462738037,0.0851308822631836,
-0.084800407409668),(0.0310734462738037,0.0851308822631836,-0.0845100021362305),
(0.031113452911377,0.037321849822998,-0.084800407409668),(0.031113452911377,
0.037321849822998,-0.0845100021362305),(0.0311222553253174,0.0182719459533691,
-0.084800407409668),(0.0311222553253174,0.0182719459533691,-0.0845100021362305),
(0.0311396007537842,0.0373862915039063,-0.084800407409668),(0.0311396007537842,
0.0373862915039063,-0.0845100021362305),(0.0311592197418213,0.0651068954467774,
-0.084800407409668),(0.0311592197418213,0.0651068954467774,-0.0845100021362305),
(0.0311656913757325,0.0374507598876953,-0.084800407409668),(0.0311656913757325,
0.0374507598876953,-0.0845100021362305),(0.0311922130584717,0.0771864242553711,
-0.084800407409668),(0.0311922130584717,0.0771864242553711,-0.0845100021362305),
(0.0312057914733886,0.0702807083129883,-0.084800407409668),(0.0312057914733886,
0.0702807083129883,-0.0845100021362305),(0.0312852630615235,0.0423726463317871,
-0.084800407409668),(0.0312852630615235,0.0423726463317871,-0.0845100021362305),
(0.0313277244567871,0.0563719444274902,-0.084800407409668),(0.0313277244567871,
0.0563719444274902,-0.0845100021362305),(0.0313656902313232,0.0646949691772461,
-0.084800407409668),(0.0313656902313232,0.0646949691772461,-0.0845100021362305),
(0.0315175018310547,0.0580498161315918,-0.084800407409668),(0.0315175018310547,
0.0580498161315918,-0.0845100021362305),(0.0316072082519532,0.0884830703735352,
-0.084800407409668),(0.0316072082519532,0.0884830703735352,-0.0845100021362305),
(0.0316716499328614,0.059730884552002,-0.084800407409668),(0.0316716499328614,
0.059730884552002,-0.0845100021362305),(0.0318170700073242,0.0961622848510742,
-0.084800407409668),(0.0318170700073242,0.0961622848510742,-0.0845100021362305),
(0.0318539619445801,0.0663087692260742,-0.084800407409668),(0.0318539619445801,
0.0663087692260742,-0.0845100021362305),(0.0318638420104981,0.0639557228088379,
-0.084800407409668),(0.0318638420104981,0.0639557228088379,-0.0845100021362305),
(0.0319000320434571,0.0850839614868164,-0.084800407409668),(0.0319000320434571,
0.0850839614868164,-0.0845100021362305),(0.032061954498291,0.0907644958496094,
-0.0845100021362305),(0.0320937995910644,0.0398948707580567,-0.084800407409668),
(0.0320937995910644,0.0398948707580567,-0.0845100021362305),(0.0322880554199219,
0.063730281829834,-0.084800407409668),(0.0322880554199219,0.063730281829834,
-0.0845100021362305),(0.0323036727905274,0.0850751876831055,-0.084800407409668),
(0.0323036727905274,0.0850751876831055,-0.0845100021362305),(0.0324553833007813,
0.0923633270263672,-0.084800407409668),(0.0324553833007813,0.0923633270263672,
-0.0845100021362305),(0.0325809936523437,0.0869281997680664,-0.084800407409668),
(0.0325809936523437,0.0869281997680664,-0.0845100021362305),(0.0326349334716797,
0.089488395690918,-0.084800407409668),(0.0326349334716797,0.089488395690918,
-0.0845100021362305),(0.0327052307128906,0.0680383758544922,-0.084800407409668),
(0.0327052307128906,0.0680383758544922,-0.0845100021362305),(0.032846492767334,
0.0807111358642578,-0.084800407409668),(0.032846492767334,0.0807111358642578,
-0.0845100021362305),(0.0328884010314941,0.022553129196167,-0.084800407409668),
(0.0328884010314941,0.022553129196167,-0.0845100021362305),(0.032900375366211,
0.0200659046173095,-0.084800407409668),(0.032900375366211,0.0200659046173095,
-0.0845100021362305),(0.0329249801635742,0.0423726463317871,-0.084800407409668),
(0.0329249801635742,0.0423726463317871,-0.0845100021362305),(0.0330075950622559,
0.0751950149536133,-0.084800407409668),(0.0330075950622559,0.0751950149536133,
-0.0845100021362305),(0.0330244789123535,0.0619252433776856,-0.084800407409668),
(0.0330244789123535,0.0619252433776856,-0.0845100021362305),(0.0330766448974609,
0.0580773963928223,-0.084800407409668),(0.0330766448974609,0.0580773963928223,
-0.0845100021362305),(0.0331023750305176,0.00427248477935791,-0.0875100021362305),
(0.0331023750305176,0.00427248477935791,-0.084800407409668),(0.0331023750305176,
0.00530742120742798,-0.084800407409668),(0.0331023750305176,0.00530742120742798,
-0.0845100021362305),(0.0331023750305176,0.00836040115356445,-0.0845100021362305),
(0.0331023750305176,0.0134337425231934,-0.084800407409668),(0.0331023750305176,
0.0134337425231934,-0.0845100021362305),(0.0331023750305176,0.0148294610977173,
-0.084800407409668),(0.0331023750305176,0.0148294610977173,-0.0845100021362305),
(0.0331023750305176,0.0172376174926758,-0.084800407409668),(0.0331023750305176,
0.0172376174926758,-0.0845100021362305),(0.0331023750305176,0.0182719459533691,
-0.0875100021362305),(0.0331023750305176,0.0182719459533691,-0.084800407409668),
(0.0331023750305176,0.0233224449157715,-0.0875100021362305),(0.0331023750305176,
0.0233224449157715,-0.084800407409668),(0.0331023750305176,0.0303715782165527,
-0.084800407409668),(0.0331023750305176,0.0303715782165527,-0.0845100021362305),
(0.0331023750305176,0.0339715690612793,-0.084800407409668),(0.0331023750305176,
0.0339715690612793,-0.0845100021362305),(0.0331023750305176,0.037321849822998,
-0.0875100021362305),(0.0331023750305176,0.037321849822998,-0.084800407409668),
(0.0331023750305176,0.0423726463317871,-0.0875100021362305),(0.0331023750305176,
0.0423726463317871,-0.084800407409668),(0.0331023750305176,0.0429470863342285,
-0.084800407409668),(0.0331023750305176,0.0429470863342285,-0.0845100021362305),
(0.0331023750305176,0.0464368476867676,-0.0845100021362305),(0.0331023750305176,
0.0485259094238281,-0.084800407409668),(0.0331023750305176,0.0485259094238281,
-0.0845100021362305),(0.0331023750305176,0.0563719444274902,-0.0875100021362305),
(0.0331023750305176,0.0563719444274902,-0.084800407409668),(0.0332216148376465,
0.0490185623168945,-0.084800407409668),(0.0332216148376465,0.0490185623168945,
-0.0845100021362305),(0.0333330268859863,0.005026780128479,-0.084800407409668),
(0.0333330268859863,0.005026780128479,-0.0845100021362305),(0.0333372573852539,
0.0495119857788086,-0.084800407409668),(0.0333372573852539,0.0495119857788086,
-0.0845100021362305),(0.0334653625488281,0.0681607894897461,-0.084800407409668),
(0.0334653625488281,0.0681607894897461,-0.0845100021362305),(0.0335221710205078,
0.0879598236083984,-0.084800407409668),(0.0335221710205078,0.0879598236083984,
-0.0845100021362305),(0.0335435218811035,0.00472970819473267,-0.084800407409668),
(0.0335435218811035,0.00472970819473267,-0.0845100021362305),(0.0335435562133789,
0.0609885520935059,-0.084800407409668),(0.0335435562133789,0.0609885520935059,
-0.0845100021362305),(0.033594596862793,0.0905491104125977,-0.084800407409668),
(0.033594596862793,0.0905491104125977,-0.0845100021362305),(0.0336297950744629,
0.0961622848510742,-0.084800407409668),(0.0336297950744629,0.0961622848510742,
-0.0845100021362305),(0.0337969055175781,0.0637061347961426,-0.084800407409668),
(0.0337969055175781,0.0637061347961426,-0.0845100021362305),(0.0338156013488769,
-0.0143654136657715,-0.084800407409668),(0.0338156013488769,-0.0143654136657715,
-0.0845100021362305),(0.0338496856689453,0.0731231307983399,-0.084800407409668),
(0.0338496856689453,0.0731231307983399,-0.0845100021362305),(0.0338806381225586,
0.0652352142333984,-0.084800407409668),(0.0338806381225586,0.0652352142333984,
-0.0845100021362305),(0.0339662361145019,-0.013695858001709,-0.084800407409668),
(0.0339662361145019,-0.013695858001709,-0.0845100021362305),(0.0340009384155274,
0.052901782989502,-0.084800407409668),(0.0340009384155274,0.052901782989502,
-0.0845100021362305),(0.0341023826599121,-0.0130226917266846,-0.084800407409668),
(0.0341023826599121,-0.0130226917266846,-0.0845100021362305),(0.0341234703063965,
0.0708003540039063,-0.084800407409668),(0.0341234703063965,0.0708003540039063,
-0.0845100021362305),(0.034182300567627,0.0601397590637207,-0.084800407409668),
(0.034182300567627,0.0601397590637207,-0.0845100021362305),(0.0342288703918457,
0.0680776290893555,-0.084800407409668),(0.0342288703918457,0.0680776290893555,
-0.0845100021362305),(0.0342969093322754,0.0474360237121582,-0.084800407409668),
(0.0342969093322754,0.0474360237121582,-0.0845100021362305),(0.0343086967468261,
0.0552761154174805,-0.0845100021362305),(0.0343339385986328,0.0629460754394531,
-0.084800407409668),(0.0343339385986328,0.0629460754394531,-0.0845100021362305),
(0.0343473930358887,0.0933724517822266,-0.084800407409668),(0.0343473930358887,
0.0933724517822266,-0.0845100021362305),(0.0343552207946778,0.0563210258483887,
-0.084800407409668),(0.0343552207946778,0.0563210258483887,-0.0845100021362305),
(0.0345150566101075,0.0889442825317383,-0.084800407409668),(0.0345150566101075,
0.0889442825317383,-0.0845100021362305),(0.0345859680175781,0.0219428062438965,
-0.084800407409668),(0.0345859680175781,0.0219428062438965,-0.0845100021362305),
(0.0346987037658692,0.0653469085693359,-0.084800407409668),(0.0346987037658692,
0.0653469085693359,-0.0845100021362305),(0.0347278823852539,-0.00412206220626831,
-0.084800407409668),(0.0347278823852539,-0.00412206220626831,-0.0845100021362305),
(0.0350007514953614,0.0714485244750977,-0.084800407409668),(0.0350007514953614,
0.0714485244750977,-0.0845100021362305),(0.0351736717224121,0.0519953422546387,
-0.084800407409668),(0.0351736717224121,0.0519953422546387,-0.0845100021362305),
(0.0352259788513184,0.0961622848510742,-0.084800407409668),(0.0352259788513184,
0.0961622848510742,-0.0845100021362305),(0.035365234375,0.0533352966308594,
-0.084800407409668),(0.035365234375,0.0533352966308594,-0.0845100021362305),
(0.0354266510009766,0.00270939707756042,-0.084800407409668),(0.0354266510009766,
0.00270939707756042,-0.0845100021362305),(0.0354487380981445,0.0546832733154297,
-0.084800407409668),(0.0354487380981445,0.0546832733154297,-0.0845100021362305),
(0.0355330238342285,-0.0143654136657715,-0.084800407409668),(0.0355330238342285,
-0.0143654136657715,-0.0845100021362305),(0.0356102027893067,-0.0140152082443237,
-0.084800407409668),(0.0356102027893067,-0.0140152082443237,-0.0845100021362305),
(0.0356276245117188,-0.00436541318893433,-0.0875100021362305),(0.0356276245117188,
-4.64639998972416E-5,-0.0875100021362305),(0.0356276245117188,0.0207971954345703,
-0.0875100021362305),(0.0356276245117188,0.0398472442626953,-0.0875100021362305),
(0.0356276245117188,0.0861220855712891,-0.0875100021362305),(0.0356838493347168,
-0.0136641435623169,-0.084800407409668),(0.0356838493347168,-0.0136641435623169,
-0.0845100021362305),(0.0357255706787109,0.0202153644561767,-0.084800407409668),
(0.0357255706787109,0.0202153644561767,-0.0845100021362305),(0.0357588310241699,
0.0156313524246216,-0.084800407409668),(0.0357588310241699,0.0156313524246216,
-0.0845100021362305),(0.0358833618164063,0.0927520523071289,-0.084800407409668),
(0.0358833618164063,0.0927520523071289,-0.0845100021362305),(0.0359679870605469,
0.036550121307373,-0.084800407409668),(0.0359679870605469,0.036550121307373,
-0.0845100021362305),(0.0360292854309082,0.0713614196777344,-0.084800407409668),
(0.0360292854309082,0.0713614196777344,-0.0845100021362305),(0.0361682929992676,
0.0414089469909668,-0.084800407409668),(0.0361682929992676,0.0414089469909668,
-0.0845100021362305),(0.0361739082336426,0.0579432907104492,-0.084800407409668),
(0.0361739082336426,0.0579432907104492,-0.0845100021362305),(0.0362286415100097,
0.0640428848266602,-0.084800407409668),(0.0362286415100097,0.0640428848266602,
-0.0845100021362305),(0.0363361129760742,0.0577367057800293,-0.084800407409668),
(0.0363361129760742,0.0577367057800293,-0.0845100021362305),(0.036384464263916,
-0.0054643931388855,-0.084800407409668),(0.036384464263916,-0.0054643931388855,
-0.0845100021362305),(0.0364180221557617,0.0622710838317871,-0.084800407409668),
(0.0364180221557617,0.0622710838317871,-0.0845100021362305),(0.036438289642334,
0.0944629516601563,-0.084800407409668),(0.036438289642334,0.0944629516601563,
-0.0845100021362305),(0.0364418640136719,0.0932434692382813,-0.084800407409668),
(0.0364418640136719,0.0932434692382813,-0.0845100021362305),(0.0364761848449707,
0.0243587055206299,-0.084800407409668),(0.0364761848449707,0.0243587055206299,
-0.0845100021362305),(0.0365245323181153,0.0274339046478271,-0.084800407409668),
(0.0365245323181153,0.0274339046478271,-0.0845100021362305),(0.0366795845031739,
0.0910538024902344,-0.084800407409668),(0.0366795845031739,0.0910538024902344,
-0.0845100021362305),(0.0367705078125,0.0189421501159668,-0.084800407409668),
(0.0367705078125,0.0189421501159668,-0.0845100021362305),(0.0367731132507325,
0.0530286254882813,-0.084800407409668),(0.0367731132507325,0.0530286254882813,
-0.0845100021362305),(0.0368482818603516,0.0571653671264649,-0.084800407409668),
(0.0368482818603516,0.0571653671264649,-0.0845100021362305),(0.0369411277770996,
0.060582893371582,-0.084800407409668),(0.0369411277770996,0.060582893371582,
-0.0845100021362305),(0.0370420417785644,0.0961622848510742,-0.084800407409668),
(0.0370420417785644,0.0961622848510742,-0.0845100021362305),(0.0370545501708984,
0.0712416915893555,-0.084800407409668),(0.0370545501708984,0.0712416915893555,
-0.0845100021362305),(0.0372895202636719,0.0569320831298828,-0.084800407409668),
(0.0372895202636719,0.0569320831298828,-0.0845100021362305),(0.0373740119934082,
0.0288988742828369,-0.084800407409668),(0.0373740119934082,0.0288988742828369,
-0.0845100021362305),(0.0374293746948242,0.0764743270874023,-0.084800407409668),
(0.0374293746948242,0.0764743270874023,-0.0845100021362305),(0.0374448509216308,
0.0676708602905274,-0.084800407409668),(0.0374448509216308,0.0676708602905274,
-0.0845100021362305),(0.0375446624755859,-0.000342280000448227,-0.084800407409668),
(0.0375446624755859,-0.000342280000448227,-0.0845100021362305),(0.037599235534668,
-0.0143654136657715,-0.084800407409668),(0.037599235534668,-0.0143654136657715,
-0.0845100021362305),(0.0377470054626465,0.0920556716918945,-0.084800407409668),
(0.0377470054626465,0.0920556716918945,-0.0845100021362305),(0.0377776794433594,
-0.0136447782516479,-0.084800407409668),(0.0377776794433594,-0.0136447782516479,
-0.0845100021362305),(0.0378061904907227,0.0945206756591797,-0.084800407409668),
(0.0378061904907227,0.0945206756591797,-0.0845100021362305),(0.0379482765197754,
-0.0129226541519165,-0.084800407409668),(0.0379482765197754,-0.0129226541519165,
-0.0845100021362305),(0.0381057205200196,0.0513755569458008,-0.084800407409668),
(0.0381057205200196,0.0513755569458008,-0.0845100021362305),(0.0381299934387207,
0.0513537101745606,-0.084800407409668),(0.0381299934387207,0.0513537101745606,
-0.0845100021362305),(0.0381528701782227,0.00427248477935791,-0.0875100021362305),
(0.0381528701782227,0.00427248477935791,-0.0845100021362305),(0.0381528701782227,
0.00836040115356445,-0.0845100021362305),(0.0381528701782227,0.0181038188934326,
-0.084800407409668),(0.0381528701782227,0.0181038188934326,-0.0845100021362305),
(0.0381528701782227,0.0182719459533691,-0.0875100021362305),(0.0381528701782227,
0.0182719459533691,-0.084800407409668),(0.0381528701782227,0.0233224449157715,
-0.0875100021362305),(0.0381528701782227,0.0233224449157715,-0.0845100021362305),
(0.0381528701782227,0.0233476772308349,-0.084800407409668),(0.0381528701782227,
0.0233476772308349,-0.0845100021362305),(0.0381528701782227,0.0269178028106689,
-0.084800407409668),(0.0381528701782227,0.0269178028106689,-0.0845100021362305),
(0.0381528701782227,0.0303994045257569,-0.084800407409668),(0.0381528701782227,
0.0303994045257569,-0.0845100021362305),(0.0381528701782227,0.037321849822998,
-0.0875100021362305),(0.0381528701782227,0.037321849822998,-0.084800407409668),
(0.0381528701782227,0.0423726463317871,-0.0875100021362305),(0.0381528701782227,
0.0423726463317871,-0.084800407409668),(0.0381528701782227,0.0429894638061524,
-0.084800407409668),(0.0381528701782227,0.0429894638061524,-0.0845100021362305),
(0.0381528701782227,0.0491911582946777,-0.084800407409668),(0.0381528701782227,
0.0491911582946777,-0.0845100021362305),(0.0381528701782227,0.0513314552307129,
-0.084800407409668),(0.0381528701782227,0.0513314552307129,-0.0845100021362305),
(0.0381528701782227,0.0517475662231445,-0.0845100021362305),(0.0381528701782227,
0.0552824440002442,-0.0845100021362305),(0.0381528701782227,0.0563719444274902,
-0.0875100021362305),(0.0381528701782227,0.0563719444274902,-0.0845100021362305),
(0.0382990531921387,0.0182719459533691,-0.084800407409668),(0.0382990531921387,
0.0182719459533691,-0.0845100021362305),(0.0383010101318359,0.0955031585693359,
-0.084800407409668),(0.0383010101318359,0.0955031585693359,-0.0845100021362305),
(0.0383176422119141,0.0566376075744629,-0.084800407409668),(0.0383176422119141,
0.0566376075744629,-0.0845100021362305),(0.0384211463928223,0.0958328704833984,
-0.084800407409668),(0.0384211463928223,0.0958328704833984,-0.0845100021362305),
(0.0385041084289551,0.0185113887786866,-0.084800407409668),(0.0385041084289551,
0.0185113887786866,-0.0845100021362305),(0.0385427322387695,0.0807953643798828,
-0.084800407409668),(0.0385427322387695,0.0807953643798828,-0.0845100021362305),
(0.0385427665710449,0.0961622848510742,-0.084800407409668),(0.0385427665710449,
0.0961622848510742,-0.0845100021362305),(0.0385981712341309,0.0628929786682129,
-0.084800407409668),(0.0385981712341309,0.0628929786682129,-0.0845100021362305),
(0.0386988067626953,0.0676845855712891,-0.084800407409668),(0.0386988067626953,
0.0676845855712891,-0.0845100021362305),(0.0387069320678711,0.0187524337768555,
-0.084800407409668),(0.0387069320678711,0.0187524337768555,-0.0845100021362305),
(0.0387756080627442,-0.0083336877822876,-0.084800407409668),(0.0387756080627442,
-0.0083336877822876,-0.0845100021362305),(0.0388178024291992,0.0930542755126953,
-0.084800407409668),(0.0388178024291992,0.0930542755126953,-0.0845100021362305),
(0.0388621978759765,0.0894997711181641,-0.084800407409668),(0.0388621978759765,
0.0894997711181641,-0.0845100021362305),(0.0390085258483887,0.06415380859375,
-0.084800407409668),(0.0390085258483887,0.06415380859375,-0.0845100021362305),
(0.0391172103881836,-0.00369090509414673,-0.084800407409668),(0.0391172103881836,
-0.00369090509414673,-0.0845100021362305),(0.0391690902709961,0.0932560348510742,
-0.084800407409668),(0.0391690902709961,0.0932560348510742,-0.0845100021362305),
(0.0392149772644043,0.0570359954833984,-0.084800407409668),(0.0392149772644043,
0.0570359954833984,-0.0845100021362305),(0.0392648887634277,-0.0143654136657715,
-0.084800407409668),(0.0392648887634277,-0.0143654136657715,-0.0845100021362305),
(0.0393524208068848,0.0563719444274902,-0.084800407409668),(0.0393524208068848,
0.0563719444274902,-0.0845100021362305),(0.0398868026733398,-0.0113824644088745,
-0.084800407409668),(0.0398868026733398,-0.0113824644088745,-0.0845100021362305),
(0.0398886184692383,0.0933896636962891,-0.084800407409668),(0.0398886184692383,
0.0933896636962891,-0.0845100021362305),(0.0399445266723633,0.0678122711181641,
-0.084800407409668),(0.0399445266723633,0.0678122711181641,-0.0845100021362305),
(0.0400548362731933,0.0728320465087891,-0.084800407409668),(0.0400548362731933,
0.0728320465087891,-0.0845100021362305),(0.0400823097229004,0.0205397453308106,
-0.084800407409668),(0.0400823097229004,0.0205397453308106,-0.0845100021362305),
(0.0400952186584473,0.00398807811737061,-0.084800407409668),(0.0400952186584473,
0.00398807811737061,-0.0845100021362305),(0.0400991706848144,0.0233224449157715,
-0.084800407409668),(0.0400991706848144,0.0233224449157715,-0.0845100021362305),
(0.0401972236633301,0.093454704284668,-0.084800407409668),(0.0401972236633301,
0.093454704284668,-0.0845100021362305),(0.0402716369628906,0.058199104309082,
-0.084800407409668),(0.0402716369628906,0.058199104309082,-0.0845100021362305),
(0.0403298301696777,0.0676214447021484,-0.084800407409668),(0.0403298301696777,
0.0676214447021484,-0.0845100021362305),(0.0404191093444825,-0.00838395404815674,
-0.084800407409668),(0.0404191093444825,-0.00838395404815674,-0.0845100021362305),
(0.0404825935363769,-0.0143654136657715,-0.084800407409668),(0.0404825935363769,
-0.0143654136657715,-0.0845100021362305),(0.0406053810119629,-0.0113739633560181,
-0.084800407409668),(0.0406053810119629,-0.0113739633560181,-0.0845100021362305),
(0.0406919250488281,0.0673881988525391,-0.084800407409668),(0.0406919250488281,
0.0673881988525391,-0.0845100021362305),(0.0407548370361328,0.000667329013347626,
-0.084800407409668),(0.0407548370361328,0.000667329013347626,-0.0845100021362305),
(0.0407816848754883,0.037321849822998,-0.084800407409668),(0.0407816848754883,
0.037321849822998,-0.0845100021362305),(0.0409691047668457,0.0596027069091797,
-0.084800407409668),(0.0409691047668457,0.0596027069091797,-0.0845100021362305),
(0.0411134643554687,0.0225212230682373,-0.084800407409668),(0.0411134643554687,
0.0225212230682373,-0.0845100021362305),(0.041220645904541,0.0389975280761719,
-0.084800407409668),(0.041220645904541,0.0389975280761719,-0.0845100021362305),
(0.0412267265319824,0.063684627532959,-0.084800407409668),(0.0412267265319824,
0.063684627532959,-0.0845100021362305),(0.0412501182556152,0.022922103881836,
-0.084800407409668),(0.0412501182556152,0.022922103881836,-0.0845100021362305),
(0.0413885307312012,0.0233224449157715,-0.084800407409668),(0.0413885307312012,
0.0233224449157715,-0.0845100021362305),(0.0415969085693359,0.0406867141723633,
-0.084800407409668),(0.0415969085693359,0.0406867141723633,-0.0845100021362305),
(0.0416235008239746,0.0956075592041016,-0.084800407409668),(0.0416235008239746,
0.0956075592041016,-0.0845100021362305),(0.0416901397705078,0.00427248477935791,
-0.084800407409668),(0.0416901397705078,0.00427248477935791,-0.0845100021362305),
(0.0417539901733398,0.0415285301208496,-0.084800407409668),(0.0417539901733398,
0.0415285301208496,-0.0845100021362305),(0.0419050407409668,-0.00251001000404358,
-0.084800407409668),(0.0419050407409668,-0.00251001000404358,-0.0845100021362305),
(0.0419109268188477,0.0423726463317871,-0.084800407409668),(0.0419109268188477,
0.0423726463317871,-0.0845100021362305),(0.041913215637207,0.0958785552978516,
-0.084800407409668),(0.041913215637207,0.0958785552978516,-0.0845100021362305),
(0.0419583663940429,0.0594284172058106,-0.084800407409668),(0.0419583663940429,
0.0594284172058106,-0.0845100021362305),(0.0420337829589844,0.0680537109375,
-0.084800407409668),(0.0420337829589844,0.0680537109375,-0.0845100021362305),
(0.042073600769043,0.0193592720031739,-0.084800407409668),(0.042073600769043,
0.0193592720031739,-0.0845100021362305),(0.0421991653442383,0.0961622848510742,
-0.084800407409668),(0.0421991653442383,0.0961622848510742,-0.0845100021362305),
(0.0422911224365234,0.0750322952270508,-0.084800407409668),(0.0422911224365234,
0.0750322952270508,-0.0845100021362305),(0.0423179779052734,0.0563719444274902,
-0.084800407409668),(0.0423179779052734,0.0563719444274902,-0.0845100021362305),
(0.0423390464782715,0.000969834983348847,-0.084800407409668),(0.0423390464782715,
0.000969834983348847,-0.0845100021362305),(0.0423689575195313,0.0188073024749756,
-0.084800407409668),(0.0423689575195313,0.0188073024749756,-0.0845100021362305),
(0.0424523735046387,0.037321849822998,-0.084800407409668),(0.0424523735046387,
0.037321849822998,-0.0845100021362305),(0.0426939010620117,0.0182719459533691,
-0.084800407409668),(0.0426939010620117,0.0182719459533691,-0.0845100021362305),
(0.0427435073852539,0.0208016052246094,-0.084800407409668),(0.0427435073852539,
0.0208016052246094,-0.0845100021362305),(0.0429142837524414,0.0591416358947754,
-0.084800407409668),(0.0429142837524414,0.0591416358947754,-0.0845100021362305),
(0.0430023231506348,0.0398336715698242,-0.084800407409668),(0.0430023231506348,
0.0398336715698242,-0.0845100021362305),(0.0430181808471679,0.09587109375,
-0.084800407409668),(0.0430181808471679,0.09587109375,-0.0845100021362305),
(0.0430820503234864,0.0683222427368164,-0.084800407409668),(0.0430820503234864,
0.0683222427368164,-0.0845100021362305),(0.0431827392578125,0.0902380218505859,
-0.084800407409668),(0.0431827392578125,0.0902380218505859,-0.0845100021362305),
(0.0433884506225586,0.0423726463317871,-0.084800407409668),(0.0433884506225586,
0.0423726463317871,-0.0845100021362305),(0.0436566925048828,0.0423726463317871,
-0.084800407409668),(0.0436566925048828,0.0423726463317871,-0.0845100021362305),
(0.0437327346801758,0.0220777378082276,-0.084800407409668),(0.0437327346801758,
0.0220777378082276,-0.0845100021362305),(0.0441386528015137,0.0685582656860352,
-0.084800407409668),(0.0441386528015137,0.0685582656860352,-0.0845100021362305),
(0.0441912040710449,0.0665715942382813,-0.084800407409668),(0.0441912040710449,
0.0665715942382813,-0.0845100021362305),(0.0442806205749511,-0.0066049427986145,
-0.084800407409668),(0.0442806205749511,-0.0066049427986145,-0.0845100021362305),
(0.044399471282959,0.0398879203796387,-0.084800407409668),(0.044399471282959,
0.0398879203796387,-0.0845100021362305),(0.044406608581543,0.0961622848510742,
-0.084800407409668),(0.044406608581543,0.0961622848510742,-0.0845100021362305),
(0.0444771423339844,0.0829782867431641,-0.084800407409668),(0.0444771423339844,
0.0829782867431641,-0.0845100021362305),(0.0444813842773438,0.0233224449157715,
-0.084800407409668),(0.0444813842773438,0.0233224449157715,-0.0845100021362305),
(0.0446141395568847,0.0230176239013672,-0.084800407409668),(0.0446141395568847,
0.0230176239013672,-0.0845100021362305),(0.044790657043457,-0.00189022600650788,
-0.084800407409668),(0.044790657043457,-0.00189022600650788,-0.0845100021362305),
(0.0447929077148438,0.0227321319580078,-0.084800407409668),(0.0447929077148438,
0.0227321319580078,-0.0845100021362305),(0.0448213119506836,0.037321849822998,
-0.084800407409668),(0.0448213119506836,0.037321849822998,-0.0845100021362305),
(0.0448886375427246,0.0582570343017578,-0.084800407409668),(0.0448886375427246,
0.0582570343017578,-0.0845100021362305),(0.0449160118103028,0.0201555347442627,
-0.084800407409668),(0.0449160118103028,0.0201555347442627,-0.0845100021362305),
(0.0450824432373047,0.0906364898681641,-0.0845100021362305),(0.0450923194885254,
0.0599396858215332,-0.084800407409668),(0.0450923194885254,0.0599396858215332,
-0.0845100021362305),(0.045119197845459,0.0626786041259766,-0.084800407409668),
(0.045119197845459,0.0626786041259766,-0.0845100021362305),(0.0451217422485352,
-0.00767721700668335,-0.084800407409668),(0.0451217422485352,-0.00767721700668335,
-0.0845100021362305),(0.0455461387634277,0.0946828994750977,-0.084800407409668),
(0.0455461387634277,0.0946828994750977,-0.0845100021362305),(0.0456321144104004,
0.0675298690795898,-0.084800407409668),(0.0456321144104004,0.0675298690795898,
-0.0845100021362305),(0.0457401008605957,0.0690539474487305,-0.084800407409668),
(0.0457401008605957,0.0690539474487305,-0.0845100021362305),(0.0458559303283691,
-0.00298772192001343,-0.0845100021362305),(0.0460326156616211,-0.00869715213775635,
-0.084800407409668),(0.0460326156616211,-0.00869715213775635,-0.0845100021362305),
(0.0461615829467773,0.0182719459533691,-0.084800407409668),(0.0461615829467773,
0.0182719459533691,-0.0845100021362305),(0.0462566108703613,0.0731577453613281,
-0.084800407409668),(0.0462566108703613,0.0731577453613281,-0.0845100021362305),
(0.0462980308532715,0.0204772205352783,-0.084800407409668),(0.0462980308532715,
0.0204772205352783,-0.0845100021362305),(0.0462988204956055,0.0650178298950195,
-0.084800407409668),(0.0462988204956055,0.0650178298950195,-0.0845100021362305),
(0.0463745994567871,0.00427248477935791,-0.084800407409668),(0.0463745994567871,
0.00427248477935791,-0.0845100021362305),(0.0464306221008301,0.0592903709411621,
-0.084800407409668),(0.0464306221008301,0.0592903709411621,-0.0845100021362305),
(0.0466272163391113,0.0573627624511719,-0.084800407409668),(0.0466272163391113,
0.0573627624511719,-0.0845100021362305),(0.0468044967651367,0.057167049407959,
-0.084800407409668),(0.0468044967651367,0.057167049407959,-0.0845100021362305),
(0.0468408851623535,0.0695466842651367,-0.084800407409668),(0.0468408851623535,
0.0695466842651367,-0.0845100021362305),(0.0468620071411133,0.0882482070922852,
-0.084800407409668),(0.0468620071411133,0.0882482070922852,-0.0845100021362305),
(0.0468645744323731,0.0573757095336914,-0.084800407409668),(0.0468645744323731,
0.0573757095336914,-0.0845100021362305),(0.0469278297424316,0.0233224449157715,
-0.084800407409668),(0.0469278297424316,0.0233224449157715,-0.0845100021362305),
(0.046944034576416,0.0866223831176758,-0.084800407409668),(0.046944034576416,
0.0866223831176758,-0.0845100021362305),(0.0470347595214844,-0.00196588504314422,
-0.084800407409668),(0.0470347595214844,-0.00196588504314422,-0.0845100021362305),
(0.0470707015991211,0.066418212890625,-0.084800407409668),(0.0470707015991211,
0.066418212890625,-0.0845100021362305),(0.0473920555114746,0.0928976211547852,
-0.084800407409668),(0.0473920555114746,0.0928976211547852,-0.0845100021362305),
(0.0476013145446777,0.0620731010437012,-0.084800407409668),(0.0476013145446777,
0.0620731010437012,-0.0845100021362305),(0.0477070350646973,0.0776208724975586,
-0.084800407409668),(0.0477070350646973,0.0776208724975586,-0.0845100021362305),
(0.0478071250915527,0.0587175636291504,-0.084800407409668),(0.0478071250915527,
0.0587175636291504,-0.0845100021362305),(0.0478793716430664,0.0182719459533691,
-0.084800407409668),(0.0478793716430664,0.0182719459533691,-0.0845100021362305),
(0.0479468383789063,0.0700326614379883,-0.084800407409668),(0.0479468383789063,
0.0700326614379883,-0.0845100021362305),(0.0481999015808106,-0.00304120898246765,
-0.0845100021362305),(0.0484131469726563,0.00427248477935791,-0.084800407409668),
(0.0484131469726563,0.00427248477935791,-0.0845100021362305),(0.0484448928833008,
-0.00325622391700745,-0.0845100021362305),(0.0484772109985352,0.00219541406631469,
-0.0845100021362305),(0.0484846343994141,-0.00957023334503174,-0.0845100021362305),
(0.0485125732421875,0.0397530746459961,-0.084800407409668),(0.0485125732421875,
0.0397530746459961,-0.0845100021362305),(0.0485170021057129,0.0396368217468262,
-0.084800407409668),(0.0485170021057129,0.0396368217468262,-0.0845100021362305),
(0.0485356483459473,0.0233224449157715,-0.084800407409668),(0.0485356483459473,
0.0233224449157715,-0.0845100021362305),(0.0485467834472656,-0.0143654136657715,
-0.0845100021362305),(0.0485467834472656,0.037321849822998,-0.0845100021362305),
(0.0485467834472656,0.0414457969665527,-0.0845100021362305),(0.0485467834472656,
0.0423726463317871,-0.0845100021362305),(0.0485467834472656,0.0563719444274902,
-0.0845100021362305),(0.0485467834472656,0.0701566848754883,-0.0845100021362305),
(0.0485467834472656,0.072535400390625,-0.0845100021362305),(0.0485467834472656,
0.0871443634033203,-0.0845100021362305),(0.0485467834472656,0.0887587509155274,
-0.0845100021362305),(0.0485467834472656,0.0961622848510742,-0.0845100021362305),
(0.0485689010620117,0.0954934005737305,-0.0845100021362305),(0.0485756797790527,
0.0398872451782227,-0.084800407409668),(0.0485756797790527,0.0398872451782227,
-0.0845100021362305),(0.0485758399963379,0.0778388900756836,-0.0845100021362305),
(0.0485828552246094,0.0915027847290039,-0.0845100021362305),(0.0485845489501953,
0.0695617599487305,-0.0845100021362305),(0.048597770690918,0.0737261734008789,
-0.084800407409668),(0.048597770690918,0.0737261734008789,-0.0845100021362305),
(0.0485998115539551,0.0651652984619141,-0.0845100021362305),(0.0486032066345215,
0.0394820442199707,-0.084800407409668),(0.0486032066345215,0.0394820442199707,
-0.0845100021362305),(0.0486318206787109,0.0600483436584473,-0.0845100021362305),
(0.0486416473388672,0.0631602172851563,-0.0845100021362305),(0.0486533889770508,
0.0836660003662109,-0.0845100021362305),(0.048665771484375,0.0207605113983154,
-0.084800407409668),(0.048665771484375,0.0207605113983154,-0.0845100021362305),
(0.048670108795166,-0.00790304088592529,-0.084800407409668),(0.048670108795166,
-0.00790304088592529,-0.0845100021362305),(0.0487537269592285,0.0611029167175293,
-0.0845100021362305),(0.0488243522644043,-0.00560950803756714,-0.084800407409668),
(0.0488243522644043,-0.00560950803756714,-0.0845100021362305),(0.0489050064086914,
0.0401844215393066,-0.084800407409668),(0.0489050064086914,0.0401844215393066,
-0.0845100021362305),(0.0491138000488281,0.0384008445739746,-0.084800407409668),
(0.0491138000488281,0.0384008445739746,-0.0845100021362305),(0.0491883583068848,
0.0822815628051758,-0.084800407409668),(0.0491883583068848,0.0822815628051758,
-0.0845100021362305),(0.0492459945678711,0.0763669052124023,-0.084800407409668),
(0.0492459945678711,0.0763669052124023,-0.0845100021362305),(0.0492864456176758,
0.0706285247802734,-0.084800407409668),(0.0492864456176758,0.0706285247802734,
-0.0845100021362305),(0.0495819778442383,0.0387570152282715,-0.084800407409668),
(0.0495819778442383,0.0387570152282715,-0.0845100021362305),(0.0496300392150879,
0.037321849822998,-0.084800407409668),(0.0496300392150879,0.037321849822998,
-0.0845100021362305),(0.0497922592163086,-0.0118788471221924,-0.084800407409668),
(0.0497922592163086,-0.0118788471221924,-0.0845100021362305),(0.0498874816894531,
0.0702056732177734,-0.0845100021362305),(0.0502431907653809,0.037321849822998,
-0.084800407409668),(0.0502431907653809,0.037321849822998,-0.0845100021362305),
(0.0504289283752441,0.0893291015625,-0.0845100021362305),(0.0504669952392578,
0.0233224449157715,-0.084800407409668),(0.0504669952392578,0.0233224449157715,
-0.0845100021362305),(0.0505112075805664,0.0182719459533691,-0.084800407409668),
(0.0505112075805664,0.0182719459533691,-0.0845100021362305),(0.0505319061279297,
0.0423726463317871,-0.084800407409668),(0.0505319061279297,0.0423726463317871,
-0.0845100021362305),(0.050549633026123,0.0714631729125977,-0.084800407409668),
(0.050549633026123,0.0714631729125977,-0.0845100021362305),(0.0506058044433594,
0.0022854061126709,-0.084800407409668),(0.0506058044433594,0.0022854061126709,
-0.0845100021362305),(0.0506585083007813,-0.0109000587463379,-0.084800407409668),
(0.0506585083007813,-0.0109000587463379,-0.0845100021362305),(0.0508330421447754,
0.0961622848510742,-0.084800407409668),(0.0508330421447754,0.0961622848510742,
-0.0845100021362305),(0.0509455795288086,0.0742734985351563,-0.084800407409668),
(0.0509455795288086,0.0742734985351563,-0.0845100021362305),(0.0509930229187012,
-0.00528047895431519,-0.0845100021362305),(0.0510362243652344,0.0199488468170166,
-0.0845100021362305),(0.0511149253845215,0.0223833389282227,-0.0845100021362305),
(0.0511230010986328,0.038716495513916,-0.084800407409668),(0.0511230010986328,
0.038716495513916,-0.0845100021362305),(0.0511240348815918,0.0422457313537597,
-0.0845100021362305),(0.0511306686401367,-0.0143654136657715,-0.0845100021362305),
(0.0511306686401367,0.0182719459533691,-0.0845100021362305),(0.0511306686401367,
0.0233224449157715,-0.0845100021362305),(0.0511306686401367,0.037321849822998,
-0.0845100021362305),(0.0511306686401367,0.0414457969665527,-0.0845100021362305),
(0.0511306686401367,0.0563719444274902,-0.0845100021362305),(0.0511306686401367,
0.072535400390625,-0.0845100021362305),(0.0511306686401367,0.0879858779907227,
-0.0845100021362305),(0.0511306686401367,0.0893291015625,-0.0845100021362305),
(0.0511306686401367,0.0895417556762695,-0.0845100021362305),(0.0511490478515625,
0.0922461242675781,-0.0845100021362305),(0.0511780548095703,0.0579380874633789,
-0.0845100021362305),(0.0511787109375,0.0939230728149414,-0.0845100021362305),
(0.0512128829956055,0.0786113586425781,-0.0845100021362305),(0.0512482833862305,
0.0692134552001953,-0.0845100021362305),(0.0512662963867188,0.0842474136352539,
-0.0845100021362305),(0.0512731781005859,0.0744296722412109,-0.084800407409668),
(0.0512731781005859,0.0744296722412109,-0.0845100021362305),(0.0512783851623535,
0.0588823165893555,-0.0845100021362305),(0.0512878150939941,0.0609715614318848,
-0.0845100021362305),(0.0513339462280274,0.0382483711242676,-0.084800407409668),
(0.0513339462280274,0.0382483711242676,-0.0845100021362305),(0.0515576248168945,
0.0746626739501953,-0.084800407409668),(0.0515576248168945,0.0746626739501953,
-0.0845100021362305),(0.0515598182678223,-0.00050544399023056,-0.084800407409668),
(0.0515598182678223,-0.00050544399023056,-0.0845100021362305),(0.0515598754882813,
0.0377835159301758,-0.084800407409668),(0.0515598754882813,0.0377835159301758,
-0.0845100021362305),(0.051678165435791,0.0375535430908203,-0.084800407409668),
(0.051678165435791,0.0375535430908203,-0.0845100021362305),(0.0516865234375,
0.038371997833252,-0.084800407409668),(0.0516865234375,0.038371997833252,
-0.0845100021362305),(0.0517929573059082,0.037321849822998,-0.084800407409668),
(0.0517929573059082,0.037321849822998,-0.0845100021362305),(0.0518223152160645,
0.0213825740814209,-0.084800407409668),(0.0518223152160645,0.0213825740814209,
-0.0845100021362305),(0.0518460578918457,0.0722422103881836,-0.084800407409668),
(0.0518460578918457,0.0722422103881836,-0.0845100021362305),(0.0519184989929199,
0.0788461227416992,-0.0845100021362305),(0.0521457328796387,0.0602360153198242,
-0.084800407409668),(0.0521457328796387,0.0602360153198242,-0.0845100021362305),
(0.0521524238586426,0.00427248477935791,-0.0875100021362305),(0.0521524238586426,
0.00427248477935791,-0.084800407409668),(0.0521524238586426,0.00480116701126099,
-0.084800407409668),(0.0521524238586426,0.00480116701126099,-0.0845100021362305),
(0.0521524238586426,0.00696388912200928,-0.084800407409668),(0.0521524238586426,
0.00696388912200928,-0.0845100021362305),(0.0521524238586426,0.0106729307174683,
-0.084800407409668),(0.0521524238586426,0.0106729307174683,-0.0845100021362305),
(0.0521524238586426,0.0130095376968384,-0.084800407409668),(0.0521524238586426,
0.0130095376968384,-0.0845100021362305),(0.0521524238586426,0.016216323852539,
-0.084800407409668),(0.0521524238586426,0.016216323852539,-0.0845100021362305),
(0.0521524238586426,0.0182719459533691,-0.0875100021362305),(0.0521524238586426,
0.0182719459533691,-0.0845100021362305),(0.0521524238586426,0.0233224449157715,
-0.0875100021362305),(0.0521524238586426,0.0233224449157715,-0.0845100021362305),
(0.0521524238586426,0.0234969310760498,-0.084800407409668),(0.0521524238586426,
0.0234969310760498,-0.0845100021362305),(0.0521524238586426,0.025483289718628,
-0.084800407409668),(0.0521524238586426,0.025483289718628,-0.0845100021362305),
(0.0521524238586426,0.0282025051116944,-0.084800407409668),(0.0521524238586426,
0.0282025051116944,-0.0845100021362305),(0.0521524238586426,0.0299086608886719,
-0.084800407409668),(0.0521524238586426,0.0299086608886719,-0.0845100021362305),
(0.0521524238586426,0.0307483043670655,-0.0845100021362305),(0.0521524238586426,
0.0324029235839844,-0.084800407409668),(0.0521524238586426,0.0324029235839844,
-0.0845100021362305),(0.0521524238586426,0.0329721145629883,-0.084800407409668),
(0.0521524238586426,0.0329721145629883,-0.0845100021362305),(0.0521524238586426,
0.0365495681762696,-0.084800407409668),(0.0521524238586426,0.0365495681762696,
-0.0845100021362305),(0.0521524238586426,0.037321849822998,-0.0875100021362305),
(0.0521524238586426,0.037321849822998,-0.084800407409668),(0.0521524238586426,
0.0423726463317871,-0.0875100021362305),(0.0521524238586426,0.0423726463317871,
-0.084800407409668),(0.0521524238586426,0.0425387687683106,-0.084800407409668),
(0.0521524238586426,0.0425387687683106,-0.0845100021362305),(0.0521524238586426,
0.0440616149902344,-0.084800407409668),(0.0521524238586426,0.0440616149902344,
-0.0845100021362305),(0.0521524238586426,0.0455217781066895,-0.084800407409668),
(0.0521524238586426,0.0455217781066895,-0.0845100021362305),(0.0521524238586426,
0.0464368476867676,-0.0845100021362305),(0.0521524238586426,0.0470260047912598,
-0.084800407409668),(0.0521524238586426,0.0470260047912598,-0.0845100021362305),
(0.0521524238586426,0.0481457328796387,-0.084800407409668),(0.0521524238586426,
0.0481457328796387,-0.0845100021362305),(0.0521524238586426,0.0497982902526856,
-0.084800407409668),(0.0521524238586426,0.0497982902526856,-0.0845100021362305),
(0.0521524238586426,0.0508766937255859,-0.084800407409668),(0.0521524238586426,
0.0508766937255859,-0.0845100021362305),(0.0521524238586426,0.0517475662231445,
-0.0845100021362305),(0.0521524238586426,0.0525294418334961,-0.084800407409668),
(0.0521524238586426,0.0525294418334961,-0.0845100021362305),(0.0521524238586426,
0.0533352890014648,-0.084800407409668),(0.0521524238586426,0.0533352890014648,
-0.0845100021362305),(0.0521524238586426,0.054966194152832,-0.084800407409668),
(0.0521524238586426,0.054966194152832,-0.0845100021362305),(0.0521524238586426,
0.0552393608093262,-0.084800407409668),(0.0521524238586426,0.0552393608093262,
-0.0845100021362305),(0.0521524238586426,0.0552824440002442,-0.0845100021362305),
(0.0521524238586426,0.0563719444274902,-0.0875100021362305),(0.0521524238586426,
0.0563719444274902,-0.0845100021362305),(0.0522400398254395,0.0297565517425537,
-0.084800407409668),(0.0522400398254395,0.0297565517425537,-0.0845100021362305),
(0.052251838684082,0.0380291786193847,-0.084800407409668),(0.052251838684082,
0.0380291786193847,-0.0845100021362305),(0.0522561988830566,0.0569800605773926,
-0.084800407409668),(0.0522561988830566,0.0569800605773926,-0.0845100021362305),
(0.052327392578125,0.0296043434143066,-0.084800407409668),(0.052327392578125,
0.0296043434143066,-0.0845100021362305),(0.0523984413146973,0.0549637145996094,
-0.084800407409668),(0.0523984413146973,0.0549637145996094,-0.0845100021362305),
(0.0524042663574219,0.055116340637207,-0.084800407409668),(0.0524042663574219,
0.055116340637207,-0.0845100021362305),(0.0524306221008301,0.0454981231689453,
-0.084800407409668),(0.0524306221008301,0.0454981231689453,-0.0845100021362305),
(0.0525053901672363,0.092675895690918,-0.084800407409668),(0.0525053901672363,
0.092675895690918,-0.0845100021362305),(0.052513370513916,0.0317595424652099,
-0.084800407409668),(0.052513370513916,0.0317595424652099,-0.0845100021362305),
(0.0525357818603516,0.032052963256836,-0.084800407409668),(0.0525357818603516,
0.032052963256836,-0.0845100021362305),(0.0526443901062012,0.0549618606567383,
-0.084800407409668),(0.0526443901062012,0.0549618606567383,-0.0845100021362305),
(0.0527088317871094,0.0454754447937012,-0.084800407409668),(0.0527088317871094,
0.0454754447937012,-0.0845100021362305),(0.0528477554321289,0.034982852935791,
-0.084800407409668),(0.0528477554321289,0.034982852935791,-0.0845100021362305),
(0.0528817520141602,0.0311201038360596,-0.084800407409668),(0.0528817520141602,
0.0311201038360596,-0.0845100021362305),(0.0528928680419922,0.000406278014183044,
-0.084800407409668),(0.0528928680419922,0.000406278014183044,-0.0845100021362305),
(0.0529748954772949,0.040580207824707,-0.084800407409668),(0.0529748954772949,
0.040580207824707,-0.0845100021362305),(0.0530156097412109,0.0357672119140625,
-0.084800407409668),(0.0530156097412109,0.0357672119140625,-0.0845100021362305),
(0.0531431732177734,0.0565689697265625,-0.084800407409668),(0.0531431732177734,
0.0565689697265625,-0.0845100021362305),(0.0531855239868164,0.072796859741211,
-0.084800407409668),(0.0531855239868164,0.072796859741211,-0.0845100021362305),
(0.0532209815979004,0.0194722537994385,-0.084800407409668),(0.0532209815979004,
0.0194722537994385,-0.0845100021362305),(0.053391788482666,-0.00867970561981201,
-0.084800407409668),(0.053391788482666,-0.00867970561981201,-0.0845100021362305),
(0.0535201416015625,0.0725654602050781,-0.0845100021362305),(0.0535502014160156,
0.0606565856933594,-0.084800407409668),(0.0535502014160156,0.0606565856933594,
-0.0845100021362305),(0.0535738563537598,-0.00697048091888428,-0.084800407409668),
(0.0535738563537598,-0.00697048091888428,-0.0845100021362305),(0.0536247901916504,
0.0334579734802246,-0.084800407409668),(0.0536247901916504,0.0334579734802246,
-0.0845100021362305),(0.0537935600280762,0.0766583251953125,-0.084800407409668),
(0.0537935600280762,0.0766583251953125,-0.0845100021362305),(0.0538368759155274,
0.0270898056030273,-0.084800407409668),(0.0538368759155274,0.0270898056030273,
-0.0845100021362305),(0.0539075164794922,0.0164926490783691,-0.084800407409668),
(0.0539075164794922,0.0164926490783691,-0.0845100021362305),(0.0540162353515625,
0.0623083686828613,-0.084800407409668),(0.0540162353515625,0.0623083686828613,
-0.0845100021362305),(0.0540618896484375,-0.0143654136657715,-0.084800407409668),
(0.0540618896484375,-0.0143654136657715,-0.0845100021362305),(0.0540748863220215,
0.0562555961608887,-0.084800407409668),(0.0540748863220215,0.0562555961608887,
-0.0845100021362305),(0.0541164932250977,0.0250614929199219,-0.084800407409668),
(0.0541164932250977,0.0250614929199219,-0.0845100021362305),(0.0542435874938965,
0.0366266784667969,-0.084800407409668),(0.0542435874938965,0.0366266784667969,
-0.0845100021362305),(0.0544218864440918,0.0509301109313965,-0.084800407409668),
(0.0544218864440918,0.0509301109313965,-0.0845100021362305),(0.0545325012207031,
0.0218153686523438,-0.084800407409668),(0.0545325012207031,0.0218153686523438,
-0.0845100021362305),(0.0545423965454102,0.0532999382019043,-0.084800407409668),
(0.0545423965454102,0.0532999382019043,-0.0845100021362305),(0.0550469245910645,
0.0907285003662109,-0.0845100021362305),(0.0551002731323242,0.0853303680419922,
-0.0845100021362305),(0.0551162109375,0.0527053871154785,-0.084800407409668),
(0.0551162109375,0.0527053871154785,-0.0845100021362305),(0.0551537590026856,
0.0360464324951172,-0.084800407409668),(0.0551537590026856,0.0360464324951172,
-0.0845100021362305),(0.0551830596923828,0.0194688777923584,-0.084800407409668),
(0.0551830596923828,0.0194688777923584,-0.0845100021362305),(0.055251033782959,
0.0329893035888672,-0.084800407409668),(0.055251033782959,0.0329893035888672,
-0.0845100021362305),(0.0552550430297852,0.0893291015625,-0.0845100021362305),
(0.0552585792541504,0.0454681091308594,-0.084800407409668),(0.0552585792541504,
0.0454681091308594,-0.0845100021362305),(0.0553685722351074,0.0731507263183594,
-0.084800407409668),(0.0553685722351074,0.0731507263183594,-0.0845100021362305),
(0.0553880424499512,0.0245979557037353,-0.084800407409668),(0.0553880424499512,
0.0245979557037353,-0.0845100021362305),(0.0555612869262695,0.0498432121276856,
-0.084800407409668),(0.0555612869262695,0.0498432121276856,-0.0845100021362305),
(0.0556031532287598,0.0694288635253906,-0.084800407409668),(0.0556031532287598,
0.0694288635253906,-0.0845100021362305),(0.0556867485046387,0.030755168914795,
-0.0845100021362305),(0.0557797966003418,0.0481812362670899,-0.084800407409668),
(0.0557797966003418,0.0481812362670899,-0.0845100021362305),(0.0558783798217774,
0.0233451271057129,-0.084800407409668),(0.0558783798217774,0.0233451271057129,
-0.0845100021362305),(0.0558914642333984,0.0787926406860352,-0.084800407409668),
(0.0558914642333984,0.0787926406860352,-0.0845100021362305),(0.0559091949462891,
0.0292738380432129,-0.084800407409668),(0.0559091949462891,0.0292738380432129,
-0.0845100021362305),(0.0560157051086426,0.0353978042602539,-0.084800407409668),
(0.0560157051086426,0.0353978042602539,-0.0845100021362305),(0.056015998840332,
0.00669244194030762,-0.084800407409668),(0.056015998840332,0.00669244194030762,
-0.0845100021362305),(0.0560797576904297,0.0279575729370117,-0.084800407409668),
(0.0560797576904297,0.0279575729370117,-0.0845100021362305),(0.0562684020996094,
-0.0121201019287109,-0.084800407409668),(0.0562684020996094,-0.0121201019287109,
-0.0845100021362305),(0.0562846527099609,0.0154981832504273,-0.084800407409668),
(0.0562846527099609,0.0154981832504273,-0.0845100021362305),(0.0562906303405762,
0.0220646514892578,-0.084800407409668),(0.0562906303405762,0.0220646514892578,
-0.0845100021362305),(0.0563222045898438,0.0114888305664062,-0.084800407409668),
(0.0563222045898438,0.0114888305664062,-0.0845100021362305),(0.0563349533081055,
0.0266576633453369,-0.084800407409668),(0.0563349533081055,0.0266576633453369,
-0.0845100021362305),(0.056477424621582,0.0703571090698242,-0.0845100021362305),
(0.0566194190979004,0.00838532161712647,-0.084800407409668),(0.0566194190979004,
0.00838532161712647,-0.0845100021362305),(0.0566470146179199,0.008359130859375,
-0.0845100021362305),(0.0566831855773926,0.0511124496459961,-0.084800407409668),
(0.0566831855773926,0.0511124496459961,-0.0845100021362305),(0.0567046775817871,
0.0389575538635254,-0.084800407409668),(0.0567046775817871,0.0389575538635254,
-0.0845100021362305),(0.0567108955383301,0.00090547901391983,-0.084800407409668),
(0.0567108955383301,0.00090547901391983,-0.0845100021362305),(0.0569294090270996,
0.053315673828125,-0.084800407409668),(0.0569294090270996,0.053315673828125,
-0.0845100021362305),(0.0570656242370606,0.0247138748168946,-0.084800407409668),
(0.0570656242370606,0.0247138748168946,-0.0845100021362305),(0.0571003608703613,
0.0182717990875244,-0.084800407409668),(0.0571003608703613,0.0182717990875244,
-0.0845100021362305),(0.0571585693359375,0.0026948630809784,-0.084800407409668),
(0.0571585693359375,0.0026948630809784,-0.0845100021362305),(0.0572600555419922,
-0.00468030786514282,-0.084800407409668),(0.0572600555419922,-0.00468030786514282,
-0.0845100021362305),(0.0573910751342774,0.0532797203063965,-0.084800407409668),
(0.0573910751342774,0.0532797203063965,-0.0845100021362305),(0.057424919128418,
0.0618981399536133,-0.084800407409668),(0.057424919128418,0.0618981399536133,
-0.0845100021362305),(0.057444091796875,0.081093505859375,-0.084800407409668),
(0.057444091796875,0.081093505859375,-0.0845100021362305),(0.057444709777832,
0.0552992210388184,-0.0845100021362305),(0.0574872856140137,0.0291615066528321,
-0.084800407409668),(0.0574872856140137,0.0291615066528321,-0.0845100021362305),
(0.0575278091430664,0.0811416244506836,-0.084800407409668),(0.0575278091430664,
0.0811416244506836,-0.0845100021362305),(0.0575445938110352,-0.0143654136657715,
-0.084800407409668),(0.0575445938110352,-0.0143654136657715,-0.0845100021362305),
(0.0575614356994629,0.0733447341918945,-0.084800407409668),(0.0575614356994629,
0.0733447341918945,-0.0845100021362305),(0.0576548576354981,0.0550858154296875,
-0.084800407409668),(0.0576548576354981,0.0550858154296875,-0.0845100021362305),
(0.0577537879943848,0.0961622848510742,-0.084800407409668),(0.0577537879943848,
0.0961622848510742,-0.0845100021362305),(0.0577879600524902,0.0227670269012451,
-0.084800407409668),(0.0577879600524902,0.0227670269012451,-0.0845100021362305),
(0.0577879600524902,0.0752803497314453,-0.084800407409668),(0.0577879600524902,
0.0752803497314453,-0.0845100021362305),(0.0578099098205566,0.0454754447937012,
-0.084800407409668),(0.0578099098205566,0.0454754447937012,-0.0845100021362305),
(0.0578123016357422,0.0340321731567383,-0.084800407409668),(0.0578123016357422,
0.0340321731567383,-0.0845100021362305),(0.0578956832885742,0.0815373611450195,
-0.084800407409668),(0.0578956832885742,0.0815373611450195,-0.0845100021362305),
(0.0579029312133789,0.0171320419311524,-0.084800407409668),(0.0579029312133789,
0.0171320419311524,-0.0845100021362305),(0.057915210723877,0.0752747573852539,
-0.084800407409668),(0.057915210723877,0.0752747573852539,-0.0845100021362305),
(0.0579458961486816,0.0530154495239258,-0.084800407409668),(0.0579458961486816,
0.0530154495239258,-0.0845100021362305),(0.0580464630126953,-0.00323985600471497,
-0.084800407409668),(0.0580464630126953,-0.00323985600471497,-0.0845100021362305),
(0.058076114654541,0.0529349365234375,-0.084800407409668),(0.058076114654541,
0.0529349365234375,-0.0845100021362305),(0.0581648445129395,0.00695943784713745,
-0.0845100021362305),(0.0581782531738281,0.00955880737304688,-0.0845100021362305),
(0.0581785621643066,-0.00525378608703613,-0.0845100021362305),(0.0581900596618652,
0.0414794578552246,-0.0845100021362305),(0.0581946907043457,0.0158295125961304,
-0.0845100021362305),(0.0582063179016113,0.0423330955505371,-0.0845100021362305),
(0.0582063636779785,-0.0143654136657715,-0.0845100021362305),(0.0582063636779785,
0.0307483043670655,-0.0845100021362305),(0.0582063636779785,0.037319206237793,
-0.0845100021362305),(0.0582063636779785,0.0414457969665527,-0.0845100021362305),
(0.0582063636779785,0.0464368476867676,-0.0845100021362305),(0.0582063636779785,
0.0517475662231445,-0.0845100021362305),(0.0582063636779785,0.0744626007080078,
-0.0845100021362305),(0.0582063636779785,0.0790916290283203,-0.0845100021362305),
(0.0582063636779785,0.0857831115722656,-0.0845100021362305),(0.0582063636779785,
0.090290283203125,-0.0845100021362305),(0.0582063636779785,0.0907285003662109,
-0.0845100021362305),(0.0582063636779785,0.0916859130859375,-0.0845100021362305),
(0.0582063636779785,0.0961622848510742,-0.0845100021362305),(0.0582132682800293,
0.0471067199707031,-0.0845100021362305),(0.0582291946411133,0.082087272644043,
-0.084800407409668),(0.0582291946411133,0.082087272644043,-0.0845100021362305),
(0.0582499389648438,0.094778923034668,-0.0845100021362305),(0.0582541656494141,
0.0728439483642578,-0.0845100021362305),(0.0582590217590332,0.0864477691650391,
-0.0845100021362305),(0.058265811920166,0.0337671089172364,-0.084800407409668),
(0.058265811920166,0.0337671089172364,-0.0845100021362305),(0.0582771606445313,
0.0610258293151856,-0.0845100021362305),(0.0582936325073242,0.0632129821777344,
-0.0845100021362305),(0.0583020553588867,0.0580638618469238,-0.0845100021362305),
(0.0583769874572754,0.0156969747543335,-0.084800407409668),(0.0583769874572754,
0.0156969747543335,-0.0845100021362305),(0.0583872528076172,0.0687654190063477,
-0.0845100021362305),(0.0583969841003418,0.0319262943267822,-0.0845100021362305),
(0.0584045066833496,0.0155880899429322,-0.084800407409668),(0.0584045066833496,
0.0155880899429322,-0.0845100021362305),(0.058457447052002,0.0754184112548828,
-0.084800407409668),(0.058457447052002,0.0754184112548828,-0.0845100021362305),
(0.0584723777770996,-0.0110561981201172,-0.084800407409668),(0.0584723777770996,
-0.0110561981201172,-0.0845100021362305),(0.0584903526306152,0.0545963554382324,
-0.084800407409668),(0.0584903526306152,0.0545963554382324,-0.0845100021362305),
(0.0585655403137207,0.0726115570068359,-0.0845100021362305),(0.0585774269104004,
0.0772135620117188,-0.084800407409668),(0.0585774269104004,0.0772135620117188,
-0.0845100021362305),(0.0586861915588379,0.0334515037536621,-0.084800407409668),
(0.0586861915588379,0.0334515037536621,-0.0845100021362305),(0.0587407112121582,
-0.0094419469833374,-0.084800407409668),(0.0587407112121582,-0.0094419469833374,
-0.0845100021362305),(0.0587565231323242,0.0759900894165039,-0.084800407409668),
(0.0587565231323242,0.0759900894165039,-0.0845100021362305),(0.0587645950317383,
0.0777336959838867,-0.084800407409668),(0.0587645950317383,0.0777336959838867,
-0.0845100021362305),(0.0588318862915039,0.0838025283813477,-0.084800407409668),
(0.0588318862915039,0.0838025283813477,-0.0845100021362305),(0.0589545021057129,
0.0500858993530274,-0.084800407409668),(0.0589545021057129,0.0500858993530274,
-0.0845100021362305),(0.0589972267150879,0.0780198059082031,-0.084800407409668),
(0.0589972267150879,0.0780198059082031,-0.0845100021362305),(0.0590141258239746,
-0.0133055801391602,-0.084800407409668),(0.0590141258239746,-0.0133055801391602,
-0.0845100021362305),(0.0590587615966797,0.0757651977539063,-0.084800407409668),
(0.0590587615966797,0.0757651977539063,-0.0845100021362305),(0.0590874671936035,
0.0662813186645508,-0.084800407409668),(0.0590874671936035,0.0662813186645508,
-0.0845100021362305),(0.0591562690734863,0.0781117935180664,-0.084800407409668),
(0.0591562690734863,0.0781117935180664,-0.0845100021362305),(0.0592694091796875,
0.0261156158447265,-0.084800407409668),(0.0592694091796875,0.0261156158447265,
-0.0845100021362305),(0.0592729454040527,0.0513944091796875,-0.084800407409668),
(0.0592729454040527,0.0513944091796875,-0.0845100021362305),(0.0593093490600586,
0.0793906173706055,-0.084800407409668),(0.0593093490600586,0.0793906173706055,
-0.0845100021362305),(0.0593891258239746,0.0485223007202148,-0.084800407409668),
(0.0593891258239746,0.0485223007202148,-0.0845100021362305),(0.0593973274230957,
0.00833695507049561,-0.0845100021362305),(0.0594024925231934,0.0180521697998047,
-0.084800407409668),(0.0594024925231934,0.0180521697998047,-0.0845100021362305),
(0.0594181098937988,0.0855210571289063,-0.084800407409668),(0.0594181098937988,
0.0855210571289063,-0.0845100021362305),(0.0594356994628906,0.0543092918395996,
-0.084800407409668),(0.0594356994628906,0.0543092918395996,-0.0845100021362305),
(0.0594364318847656,0.00584634876251221,-0.0845100021362305),(0.0594385604858398,
0.00100882399082184,-0.0845100021362305),(0.0594593353271484,0.00827568340301514,
-0.0845100021362305),(0.0594764289855957,0.0117913103103638,-0.0845100021362305),
(0.0594769325256348,0.0414761390686035,-0.0845100021362305),(0.0594823417663574,
-0.0143654136657715,-0.0845100021362305),(0.0594823417663574,0.00836040115356445,
-0.0845100021362305),(0.0594823417663574,0.0307483043670655,-0.0845100021362305),
(0.0594823417663574,0.037319206237793,-0.0845100021362305),(0.0594823417663574,
0.0414457969665527,-0.0845100021362305),(0.0594823417663574,0.0464368476867676,
-0.0845100021362305),(0.0594823417663574,0.0517475662231445,-0.0845100021362305),
(0.0594823417663574,0.0552824440002442,-0.0845100021362305),(0.0594823417663574,
0.072535400390625,-0.0845100021362305),(0.0594823417663574,0.0744626007080078,
-0.0845100021362305),(0.0594823417663574,0.0790916290283203,-0.0845100021362305),
(0.0594823417663574,0.0857831115722656,-0.0845100021362305),(0.0594823417663574,
0.0907058410644531,-0.0845100021362305),(0.0594823417663574,0.0907285003662109,
-0.0845100021362305),(0.0594823417663574,0.0920725784301758,-0.0845100021362305),
(0.0594823417663574,0.0961622848510742,-0.0845100021362305),(0.0594839401245117,
0.0620357666015625,-0.0845100021362305),(0.0594932861328125,0.0869447174072266,
-0.0845100021362305),(0.0595031471252441,0.0620163307189941,-0.084800407409668),
(0.0595031471252441,0.0620163307189941,-0.0845100021362305),(0.059514705657959,
0.0953035659790039,-0.0845100021362305),(0.0595241355895996,-0.00436541318893433,
-0.0875100021362305),(0.0595241355895996,-4.64639998972416E-5,-0.0875100021362305),
(0.0595241355895996,0.0207971954345703,-0.0875100021362305),(0.0595241355895996,
0.0398472442626953,-0.0875100021362305),(0.0595241355895996,0.0861220855712891,
-0.0875100021362305),(0.0595289840698242,0.0735079498291016,-0.084800407409668),
(0.0595289840698242,0.0735079498291016,-0.0845100021362305),(0.0595441246032715,
0.0174089775085449,-0.084800407409668),(0.0595441246032715,0.0174089775085449,
-0.0845100021362305),(0.0595519256591797,0.0907285003662109,-0.0845100021362305),
(0.0595562858581543,0.0567221603393555,-0.0845100021362305),(0.0595644378662109,
0.0116954841613769,-0.084800407409668),(0.0595644378662109,0.0116954841613769,
-0.0845100021362305),(0.0595906715393066,0.0718136901855469,-0.0845100021362305),
(0.059631462097168,0.0804550476074219,-0.084800407409668),(0.059631462097168,
0.0804550476074219,-0.0845100021362305),(0.0596334800720215,0.0676513366699219,
-0.0845100021362305),(0.0596363868713379,0.0595743446350098,-0.0845100021362305),
(0.0597373580932617,0.016775598526001,-0.084800407409668),(0.0597373580932617,
0.016775598526001,-0.0845100021362305),(0.0597512016296387,0.0109514093399048,
-0.084800407409668),(0.0597512016296387,0.0109514093399048,-0.0845100021362305),
(0.0597795677185059,0.0870650939941406,-0.084800407409668),(0.0597795677185059,
0.0870650939941406,-0.0845100021362305),(0.0597950477600098,0.0766068649291992,
-0.084800407409668),(0.0597950477600098,0.0766068649291992,-0.0845100021362305),
(0.0599349021911621,0.0102057523727417,-0.084800407409668),(0.0599349021911621,
0.0102057523727417,-0.0845100021362305),(0.0599503440856934,0.0251583461761474,
-0.084800407409668),(0.0599503440856934,0.0251583461761474,-0.0845100021362305),
(0.0599776649475098,0.0810041275024414,-0.084800407409668),(0.0599776649475098,
0.0810041275024414,-0.0845100021362305),(0.0599950103759766,0.0414857978820801,
-0.084800407409668),(0.0599950103759766,0.0414857978820801,-0.0845100021362305),
(0.060163257598877,0.00299853491783142,-0.084800407409668),(0.060163257598877,
0.00299853491783142,-0.0845100021362305),(0.0603561592102051,0.0812520751953125,
-0.084800407409668),(0.0603561592102051,0.0812520751953125,-0.0845100021362305),
(0.0603584976196289,0.0891178588867188,-0.084800407409668),(0.0603584976196289,
0.0891178588867188,-0.0845100021362305),(0.0603906669616699,-0.00655572319030762,
-0.084800407409668),(0.0603906669616699,-0.00655572319030762,-0.0845100021362305),
(0.060414192199707,0.0893279190063477,-0.0845100021362305),(0.0604516944885254,
0.0320162239074707,-0.084800407409668),(0.0604516944885254,0.0320162239074707,
-0.0845100021362305),(0.0605624237060547,0.0923998794555664,-0.084800407409668),
(0.0605624237060547,0.0923998794555664,-0.0845100021362305),(0.0606689338684082,
0.0380117301940918,-0.084800407409668),(0.0606689338684082,0.0380117301940918,
-0.0845100021362305),(0.0607598266601563,0.00700876712799072,-0.084800407409668),
(0.0607598266601563,0.00700876712799072,-0.0845100021362305),(0.0608329658508301,
0.0553101425170898,-0.0845100021362305),(0.0608864898681641,0.0425366249084473,
-0.084800407409668),(0.0608864898681641,0.0425366249084473,-0.0845100021362305),
(0.0608961791992188,0.044137466430664,-0.084800407409668),(0.0608961791992188,
0.044137466430664,-0.0845100021362305),(0.0609107971191406,0.0755217895507813,
-0.084800407409668),(0.0609107971191406,0.0755217895507813,-0.0845100021362305),
(0.0609240226745606,0.0911753692626953,-0.084800407409668),(0.0609240226745606,
0.0911753692626953,-0.0845100021362305),(0.0609260711669922,0.0473865013122559,
-0.084800407409668),(0.0609260711669922,0.0473865013122559,-0.0845100021362305),
(0.0610645141601563,0.0926341781616211,-0.084800407409668),(0.0610645141601563,
0.0926341781616211,-0.0845100021362305),(0.0610695533752441,0.079168571472168,
-0.0845100021362305),(0.0610748519897461,0.0828505706787109,-0.084800407409668),
(0.0610748519897461,0.0828505706787109,-0.0845100021362305),(0.0611044578552246,
0.00225945591926574,-0.084800407409668),(0.0611044578552246,0.00225945591926574,
-0.0845100021362305),(0.0611363906860352,0.0055927619934082,-0.084800407409668),
(0.0611363906860352,0.0055927619934082,-0.0845100021362305),(0.0611377449035645,
0.0127305965423584,-0.084800407409668),(0.0611377449035645,0.0127305965423584,
-0.0845100021362305),(0.0611468734741211,0.0314491138458252,-0.084800407409668),
(0.0611468734741211,0.0314491138458252,-0.0845100021362305),(0.0612322959899902,
0.0115039911270142,-0.084800407409668),(0.0612322959899902,0.0115039911270142,
-0.0845100021362305),(0.0612411613464356,0.0139570960998535,-0.084800407409668),
(0.0612411613464356,0.0139570960998535,-0.0845100021362305),(0.0612459259033203,
0.0400409240722657,-0.084800407409668),(0.0612459259033203,0.0400409240722657,
-0.0845100021362305),(0.0612472457885742,0.0771377944946289,-0.084800407409668),
(0.0612472457885742,0.0771377944946289,-0.0845100021362305),(0.0613120956420898,
0.0115979118347168,-0.084800407409668),(0.0613120956420898,0.0115979118347168,
-0.0845100021362305),(0.0613788757324219,0.0702968444824219,-0.0845100021362305),
(0.0614208335876465,0.0546442985534668,-0.084800407409668),(0.0614208335876465,
0.0546442985534668,-0.0845100021362305),(0.0614515419006348,0.0837112655639648,
-0.084800407409668),(0.0614515419006348,0.0837112655639648,-0.0845100021362305),
(0.0614779777526856,0.0961622848510742,-0.084800407409668),(0.0614779777526856,
0.0961622848510742,-0.0845100021362305),(0.0614828834533691,0.0041619839668274,
-0.084800407409668),(0.0614828834533691,0.0041619839668274,-0.0845100021362305),
(0.0614833641052246,0.0755805282592773,-0.084800407409668),(0.0614833641052246,
0.0755805282592773,-0.0845100021362305),(0.0615049743652344,0.0929564895629883,
-0.084800407409668),(0.0615049743652344,0.0929564895629883,-0.0845100021362305),
(0.0615343971252441,0.0121224555969238,-0.084800407409668),(0.0615343971252441,
0.0121224555969238,-0.0845100021362305),(0.0615732841491699,0.0230241737365722,
-0.084800407409668),(0.0615732841491699,0.0230241737365722,-0.0845100021362305),
(0.0615738105773926,0.0776254806518555,-0.084800407409668),(0.0615738105773926,
0.0776254806518555,-0.0845100021362305),(0.0616198921203613,0.0504507904052734,
-0.084800407409668),(0.0616198921203613,0.0504507904052734,-0.0845100021362305),
(0.0616316032409668,-0.00253829097747803,-0.084800407409668),(0.0616316032409668,
-0.00253829097747803,-0.0845100021362305),(0.0616470794677734,0.0128110942840576,
-0.084800407409668),(0.0616470794677734,0.0128110942840576,-0.0845100021362305),
(0.0617955207824707,0.030826602935791,-0.084800407409668),(0.0617955207824707,
0.030826602935791,-0.0845100021362305),(0.0618138160705566,-0.0143654136657715,
-0.084800407409668),(0.0618138160705566,-0.0143654136657715,-0.0845100021362305),
(0.0618578491210938,0.0517367324829102,-0.084800407409668),(0.0618578491210938,
0.0517367324829102,-0.0845100021362305),(0.0618664321899414,0.0845557098388672,
-0.084800407409668),(0.0618664321899414,0.0845557098388672,-0.0845100021362305),
(0.061930362701416,0.0714960403442383,-0.084800407409668),(0.061930362701416,
0.0714960403442383,-0.0845100021362305),(0.0619888954162598,0.0735017013549805,
-0.084800407409668),(0.0619888954162598,0.0735017013549805,-0.0845100021362305),
(0.062010929107666,0.00148291504383087,-0.084800407409668),(0.062010929107666,
0.00148291504383087,-0.0845100021362305),(0.0620282211303711,0.0944019546508789,
-0.084800407409668),(0.0620282211303711,0.0944019546508789,-0.0845100021362305),
(0.0620706596374512,0.0538529167175293,-0.084800407409668),(0.0620706596374512,
0.0538529167175293,-0.0845100021362305),(0.0620861892700195,0.0652709121704102,
-0.084800407409668),(0.0620861892700195,0.0652709121704102,-0.0845100021362305),
(0.0621144332885742,0.0763062591552734,-0.084800407409668),(0.0621144866943359,
0.0763062973022461,-0.0845100021362305),(0.0622542533874512,0.0760241394042969,
-0.084800407409668),(0.0622542533874512,0.0760241394042969,-0.0845100021362305),
(0.0622582664489746,0.0792204055786133,-0.0845100021362305),(0.0623589859008789,
0.000219903007149696,-0.084800407409668),(0.0623589859008789,0.000219903007149696,
-0.0845100021362305),(0.0623611335754395,0.00767652893066406,-0.084800407409668),
(0.0623611335754395,0.00767652893066406,-0.0845100021362305),(0.062384033203125,
-0.00298272705078125,-0.084800407409668),(0.062384033203125,-0.00298272705078125,
-0.0845100021362305),(0.0625009880065918,0.086045166015625,-0.084800407409668),
(0.0625009880065918,0.086045166015625,-0.0845100021362305),(0.0625108757019043,
0.00835906410217285,-0.0845100021362305),(0.0625607872009277,-0.00107909095287323,
-0.084800407409668),(0.0625607872009277,-0.00107909095287323,-0.0845100021362305),
(0.0626129341125488,0.0218187427520752,-0.084800407409668),(0.0626129341125488,
0.0218187427520752,-0.0845100021362305),(0.0626171188354492,0.00642630386352539,
-0.084800407409668),(0.0626171188354492,0.00642630386352539,-0.0845100021362305),
(0.0626429557800293,0.0958097457885742,-0.084800407409668),(0.0626429557800293,
0.0958097457885742,-0.0845100021362305),(0.0627213172912598,0.0959866409301758,
-0.084800407409668),(0.0627213172912598,0.0959866409301758,-0.0845100021362305),
(0.062801570892334,0.0961622848510742,-0.084800407409668),(0.062801570892334,
0.0961622848510742,-0.0845100021362305),(0.0628070106506348,0.0531479568481445,
-0.084800407409668),(0.0628070106506348,0.0531479568481445,-0.0845100021362305),
(0.0629800720214844,0.0871347427368164,-0.084800407409668),(0.0629800720214844,
0.0871347427368164,-0.0845100021362305),(0.0630177803039551,0.00521681118011475,
-0.084800407409668),(0.0630177803039551,0.00521681118011475,-0.0845100021362305),
(0.0630423851013184,0.051373233795166,-0.084800407409668),(0.0630423851013184,
0.051373233795166,-0.0845100021362305),(0.0630598487854004,-0.00351052689552307,
-0.084800407409668),(0.0630598487854004,-0.00351052689552307,-0.0845100021362305),
(0.0631162719726563,-0.00971242141723633,-0.0875100021362305),(0.0631162719726563,
-0.00971242141723633,-0.084800407409668),(0.0631162719726563,-0.00901840591430664,
-0.0875100021362305),(0.0631162719726563,-0.00901840591430664,-0.084800407409668),
(0.0631162719726563,0.0907750778198242,-0.0875100021362305),(0.0631162719726563,
0.0907750778198242,-0.0845100021362305),(0.0631162719726563,0.0914690933227539,
-0.0875100021362305),(0.0631162719726563,0.0914690933227539,-0.0845100021362305),
(0.0631472930908203,0.0554280052185059,-0.0845100021362305),(0.0632215309143066,
0.0875884475708008,-0.084800407409668),(0.0632215309143066,0.0875884475708008,
-0.0845100021362305),(0.0632962608337402,-0.00491202306747437,-0.084800407409668),
(0.0632962608337402,-0.00491202306747437,-0.0845100021362305),(0.06334814453125,
0.0770417709350586,-0.084800407409668),(0.06334814453125,0.0770417709350586,
-0.0845100021362305),(0.0633592948913574,0.0803667221069336,-0.084800407409668),
(0.0633592948913574,0.0803667221069336,-0.0845100021362305),(0.0633681221008301,
0.0294803867340088,-0.084800407409668),(0.0633681221008301,0.0294803867340088,
-0.0845100021362305),(0.063392463684082,0.0785707550048828,-0.084800407409668),
(0.063392463684082,0.0785707550048828,-0.0845100021362305),(0.0634005737304688,
0.0126348848342895,-0.084800407409668),(0.0634005737304688,0.0126348848342895,
-0.0845100021362305),(0.0634031181335449,0.0491720733642578,-0.084800407409668),
(0.0634031181335449,0.0491720733642578,-0.0845100021362305),(0.0634387969970703,
-0.010326940536499,-0.0875100021362305),(0.0634387969970703,-0.010326940536499,
-0.084800407409668),(0.0634387969970703,-0.00840388584136963,-0.0875100021362305),
(0.0634387969970703,-0.00840388584136963,-0.084800407409668),(0.0634387969970703,
0.0901605606079102,-0.0875100021362305),(0.0634387969970703,0.0901605606079102,
-0.0845100021362305),(0.0634387969970703,0.092083610534668,-0.0875100021362305),
(0.0634387969970703,0.092083610534668,-0.0845100021362305),(0.0634478988647461,
0.0880502777099609,-0.084800407409668),(0.0634478988647461,0.0880502777099609,
-0.0845100021362305),(0.0634760589599609,0.0798309860229492,-0.084800407409668),
(0.0634760589599609,0.0798309860229492,-0.0845100021362305),(0.0635188179016113,
0.0755087051391602,-0.084800407409668),(0.0635188179016113,0.0755087051391602,
-0.0845100021362305),(0.0635742492675781,-0.00630708122253418,-0.084800407409668),
(0.0635742492675781,-0.00630708122253418,-0.0845100021362305),(0.0636077346801758,
0.00215278792381286,-0.084800407409668),(0.0636077346801758,0.00215278792381286,
-0.0845100021362305),(0.0636464309692383,-0.0082112340927124,-0.084800407409668),
(0.0636464309692383,-0.0082112340927124,-0.0845100021362305),(0.0636755409240723,
0.0289940338134765,-0.084800407409668),(0.0636755409240723,0.0289940338134765,
-0.0845100021362305),(0.0637033233642578,0.0461978378295899,-0.084800407409668),
(0.0637033233642578,0.0461978378295899,-0.0845100021362305),(0.0638204727172852,
-0.012783501625061,-0.084800407409668),(0.0638204727172852,-0.012783501625061,
-0.0845100021362305),(0.0638480682373047,0.0679229125976563,-0.084800407409668),
(0.0638480682373047,0.0679229125976563,-0.0845100021362305),(0.0638946418762207,
0.000944913029670715,-0.084800407409668),(0.0638946418762207,0.000944913029670715,
-0.0845100021362305),(0.0639150276184082,0.0280658721923828,-0.084800407409668),
(0.0639150276184082,0.0280658721923828,-0.0845100021362305),(0.0639736976623535,
0.0895030059814453,-0.084800407409668),(0.0639736976623535,0.0895030059814453,
-0.0845100021362305),(0.0640004272460938,0.0276949024200439,-0.084800407409668),
(0.0640004272460938,0.0276949024200439,-0.0845100021362305),(0.0640099563598633,
-0.0107211875915527,-0.0875100021362305),(0.0640099563598633,-0.0107211875915527,
-0.084800407409668),(0.0640099563598633,-0.00800963878631592,-0.0875100021362305),
(0.0640099563598633,-0.00800963878631592,-0.0845100021362305),(0.0640099563598633,
0.0897663116455078,-0.0875100021362305),(0.0640099563598633,0.0897663116455078,
-0.0845100021362305),(0.0640099563598633,0.0924778594970703,-0.0875100021362305),
(0.0640099563598633,0.0924778594970703,-0.0845100021362305),(0.0640117034912109,
0.0896274490356445,-0.084800407409668),(0.0640117034912109,0.0896274490356445,
-0.0845100021362305),(0.0640501098632813,0.0897517547607422,-0.084800407409668),
(0.0640501098632813,0.0897517547607422,-0.0845100021362305),(0.0640555801391602,
0.0176520175933838,-0.084800407409668),(0.0640555801391602,0.0176520175933838,
-0.0845100021362305),(0.0640866775512695,-0.000280900001525879,-0.084800407409668),
(0.0640866775512695,-0.000280900001525879,-0.0845100021362305),(0.0641080474853516,
0.0527307281494141,-0.084800407409668),(0.0641080474853516,0.0527307281494141,
-0.0845100021362305),(0.0641530151367188,-0.0128848056793213,-0.084800407409668),
(0.0641530151367188,-0.0128848056793213,-0.0845100021362305),(0.0641762390136719,
-0.0107730598449707,-0.084800407409668),(0.0641762390136719,-0.0107730598449707,
-0.0845100021362305),(0.064185188293457,0.0235923194885254,-0.084800407409668),
(0.064185188293457,0.0235923194885254,-0.0845100021362305),(0.0641861343383789,
0.0895904922485352,-0.084800407409668),(0.0641861343383789,0.0895904922485352,
-0.0845100021362305),(0.0642018814086914,-0.0109486331939697,-0.084800407409668),
(0.0642018814086914,-0.0109486331939697,-0.0845100021362305),(0.0642287826538086,
-0.0111240863800049,-0.084800407409668),(0.0642287826538086,-0.0111240863800049,
-0.0845100021362305),(0.0642352600097656,0.0510342178344727,-0.084800407409668),
(0.0642352600097656,0.0510342178344727,-0.0845100021362305),(0.0642356643676758,
0.0754263305664063,-0.084800407409668),(0.0642356643676758,0.0754263305664063,
-0.0845100021362305),(0.0642619934082031,0.0694041519165039,-0.084800407409668),
(0.0642619934082031,0.0694041519165039,-0.0845100021362305),(0.0642980422973633,
0.0821141967773438,-0.084800407409668),(0.0642980422973633,0.0821141967773438,
-0.0845100021362305),(0.0643987731933594,0.0896775131225586,-0.084800407409668),
(0.0643987731933594,0.0896775131225586,-0.0845100021362305),(0.0644477310180664,
0.000382991999387741,-0.084800407409668),(0.0644477310180664,0.000382991999387741,
-0.0845100021362305),(0.0644503860473633,0.0735297546386719,-0.084800407409668),
(0.0644503860473633,0.0735297546386719,-0.0845100021362305),(0.0644771194458008,
-0.0130139684677124,-0.084800407409668),(0.0644771194458008,-0.0130139684677124,
-0.0845100021362305),(0.0644902572631836,-0.0136923694610596,-0.084800407409668),
(0.0644902572631836,-0.0136923694610596,-0.0845100021362305),(0.0645236892700195,
0.0602028656005859,-0.084800407409668),(0.0645236892700195,0.0602028656005859,
-0.0845100021362305),(0.0645309371948242,0.0119111948013306,-0.084800407409668),
(0.0645309371948242,0.0119111948013306,-0.0845100021362305),(0.0645727844238281,
-0.0143654136657715,-0.084800407409668),(0.0645727844238281,-0.0143654136657715,
-0.0845100021362305),(0.064692253112793,-0.00300358510017395,-0.084800407409668),
(0.064692253112793,-0.00300358510017395,-0.0845100021362305),(0.0646933975219727,
0.0463853569030762,-0.0845100021362305),(0.0646989135742188,-0.0108048419952393,
-0.0875100021362305),(0.0646989135742188,-0.0108048419952393,-0.0845100021362305),
(0.0646989135742188,-0.00792598581314087,-0.0875100021362305),(0.0646989135742188,
-0.00792598581314087,-0.0845100021362305),(0.0646989135742188,0.0896826553344727,
-0.0875100021362305),(0.0646989135742188,0.0896826553344727,-0.0845100021362305),
(0.0646989135742188,0.0925615158081055,-0.0875100021362305),(0.0646989135742188,
0.0925615158081055,-0.0845100021362305),(0.0647253189086914,0.0754530181884766,
-0.084800407409668),(0.0647253189086914,0.0754530181884766,-0.0845100021362305),
(0.0647320709228516,0.00108276402950287,-0.084800407409668),(0.0647320709228516,
0.00108276402950287,-0.0845100021362305),(0.0648241348266602,-0.0143654136657715,
-0.0875100021362305),(0.0648241348266602,-0.0143654136657715,-0.0845100021362305),
(0.0648241348266602,0.0961622848510742,-0.0875100021362305),(0.0648241348266602,
0.0961622848510742,-0.0845100021362305),(0.0648334274291992,0.023240779876709,
-0.084800407409668),(0.0648334274291992,0.023240779876709,-0.0845100021362305),
(0.0648580856323242,-0.00431040716171264,-0.084800407409668),(0.0648580856323242,
-0.00431040716171264,-0.0845100021362305),(0.0648585205078125,0.0833225402832031,
-0.084800407409668),(0.0648585205078125,0.0833225402832031,-0.0845100021362305),
(0.0650293655395508,0.0756326522827149,-0.084800407409668),(0.0650293655395508,
0.0756326522827149,-0.0845100021362305),(0.0650546569824219,0.0390630569458008,
-0.084800407409668),(0.0650546569824219,0.0390630569458008,-0.0845100021362305),
(0.0651424942016602,0.0187327346801758,-0.084800407409668),(0.0651424942016602,
0.0187327346801758,-0.0845100021362305),(0.0652135467529297,-0.00556995391845703,
-0.084800407409668),(0.0652135467529297,-0.00556995391845703,-0.0845100021362305),
(0.0652198944091797,0.0847616424560547,-0.084800407409668),(0.0652198944091797,
0.0847616424560547,-0.0845100021362305),(0.0652333831787109,0.0933674697875977,
-0.084800407409668),(0.0652333831787109,0.0933674697875977,-0.0845100021362305),
(0.0653478317260742,-0.0105587406158447,-0.0875100021362305),(0.0653478317260742,
-0.0105587406158447,-0.0845100021362305),(0.0653478317260742,-0.00817208576202393,
-0.0875100021362305),(0.0653478317260742,-0.00817208576202393,-0.0845100021362305),
(0.0653478317260742,0.0899287567138672,-0.0875100021362305),(0.0653478317260742,
0.0899287567138672,-0.0845100021362305),(0.0653478317260742,0.0923154144287109,
-0.0875100021362305),(0.0653478317260742,0.0923154144287109,-0.0845100021362305),
(0.0653763961791992,0.0922951812744141,-0.084800407409668),(0.0653763961791992,
0.0922951812744141,-0.0845100021362305),(0.0654241714477539,0.0523608741760254,
-0.084800407409668),(0.0654241714477539,0.0523608741760254,-0.0845100021362305),
(0.0655691986083984,-0.00101181900501251,-0.084800407409668),(0.0655691986083984,
-0.00101181900501251,-0.0845100021362305),(0.0655768661499024,-0.00836828804016113,
-0.084800407409668),(0.0655768661499024,-0.00836828804016113,-0.0845100021362305),
(0.0655829696655274,0.0946988067626953,-0.084800407409668),(0.0655829696655274,
0.0946988067626953,-0.0845100021362305),(0.0656120071411133,0.0901634216308594,
-0.084800407409668),(0.0656120071411133,0.0901634216308594,-0.0845100021362305),
(0.0656234893798828,0.0861115417480469,-0.084800407409668),(0.0656234893798828,
0.0861115417480469,-0.0845100021362305),(0.0656579132080078,-0.0079921498298645,
-0.084800407409668),(0.0656579132080078,-0.0079921498298645,-0.0845100021362305),
(0.0658068084716797,-0.0100416221618652,-0.084800407409668),(0.0658068084716797,
-0.0100416221618652,-0.0845100021362305),(0.0658080444335938,-0.0100392627716064,
-0.0875100021362305),(0.0658080444335938,-0.0100392627716064,-0.084800407409668),
(0.0658080444335938,-0.00869156646728516,-0.0875100021362305),(0.0658080444335938,
-0.00869156646728516,-0.084800407409668),(0.0658080444335938,0.0904482345581055,
-0.0875100021362305),(0.0658080444335938,0.0904482345581055,-0.084800407409668),
(0.0658080444335938,0.0917959365844727,-0.0875100021362305),(0.0658080444335938,
0.0917959365844727,-0.084800407409668),(0.065836669921875,0.0777127685546875,
-0.084800407409668),(0.065836669921875,0.0777127685546875,-0.0845100021362305),
(0.0658434600830078,-0.0106783485412598,-0.084800407409668),(0.0658434600830078,
-0.0106783485412598,-0.0845100021362305),(0.0658438720703125,-0.0103624534606934,
-0.084800407409668),(0.0658438720703125,-0.0103624534606934,-0.0845100021362305),
(0.0658478164672852,-0.0076314902305603,-0.084800407409668),(0.0658478164672852,
-0.0076314902305603,-0.0845100021362305),(0.0659438018798828,0.096026969909668,
-0.084800407409668),(0.0659438018798828,0.096026969909668,-0.0845100021362305),
(0.0659697036743164,0.0874731979370117,-0.084800407409668),(0.0659697036743164,
0.0874731979370117,-0.0845100021362305),(0.0659741363525391,-0.00936541366577148,
-0.0875100021362305),(0.0659741363525391,-0.00936541366577148,-0.084800407409668),
(0.0659741363525391,0.0911220855712891,-0.0875100021362305),(0.0659741363525391,
0.0911220855712891,-0.084800407409668),(0.0660805358886719,0.026068130493164,
-0.084800407409668),(0.0660805358886719,0.026068130493164,-0.0845100021362305),
(0.0662382659912109,-0.0127965869903564,-0.084800407409668),(0.0662382659912109,
-0.0127965869903564,-0.0845100021362305),(0.0662957611083984,-0.0134508180618286,
-0.084800407409668),(0.0662957611083984,-0.0134508180618286,-0.0845100021362305),
(0.0663314056396484,0.0752433395385742,-0.084800407409668),(0.0663314056396484,
0.0752433395385742,-0.0845100021362305),(0.066371223449707,-0.0141034898757935,
-0.084800407409668),(0.066371223449707,-0.0141034898757935,-0.0845100021362305),
(0.0664176559448242,0.000997780978679657,-0.084800407409668),(0.0664176559448242,
0.000997780978679657,-0.0845100021362305),(0.0664300537109375,0.0892417755126953,
-0.084800407409668),(0.0664300537109375,0.0892417755126953,-0.0845100021362305),
(0.0665110092163086,0.0139604015350342,-0.084800407409668),(0.0665110092163086,
0.0139604015350342,-0.0845100021362305),(0.0666227493286133,-0.0140076484680176,
-0.0875100021362305),(0.0666227493286133,-0.0140076484680176,-0.084800407409668),
(0.0666227493286133,0.0958045196533203,-0.0875100021362305),(0.0666227493286133,
0.0958045196533203,-0.084800407409668),(0.0667993545532227,0.0939803619384766,
-0.084800407409668),(0.0667993545532227,0.0939803619384766,-0.0845100021362305),
(0.0669323348999023,0.0753021545410156,-0.084800407409668),(0.0669323348999023,
0.0753021545410156,-0.0845100021362305),(0.0669360275268555,0.0666369018554688,
-0.084800407409668),(0.0669360275268555,0.0666369018554688,-0.0845100021362305),
(0.0669459991455078,0.0250963325500488,-0.084800407409668),(0.0669459991455078,
0.0250963325500488,-0.0845100021362305),(0.0670279922485352,0.0715689468383789,
-0.084800407409668),(0.0670279922485352,0.0715689468383789,-0.0845100021362305),
(0.0671271743774414,0.0907458190917969,-0.0845100021362305),(0.0671907730102539,
0.0929713745117187,-0.084800407409668),(0.0671907730102539,0.0929713745117187,
-0.0845100021362305),(0.0672738647460938,0.0776635971069336,-0.084800407409668),
(0.0672738647460938,0.0776635971069336,-0.0845100021362305),(0.0673501968383789,
-0.0049256181716919,-0.084800407409668),(0.0673501968383789,-0.0049256181716919,
-0.0845100021362305),(0.0673738555908203,0.0500469284057617,-0.084800407409668),
(0.0673738555908203,0.0500469284057617,-0.0845100021362305),(0.0674501571655273,
0.0241371898651123,-0.084800407409668),(0.0674501571655273,0.0241371898651123,
-0.0845100021362305),(0.0674869766235352,0.0239435596466065,-0.084800407409668),
(0.0674869766235352,0.0239435596466065,-0.0845100021362305),(0.0675242767333984,
0.0908941116333008,-0.084800407409668),(0.0675242767333984,0.0908941116333008,
-0.0845100021362305),(0.0675716781616211,0.0123475933074951,-0.084800407409668),
(0.0675716781616211,0.0123475933074951,-0.0845100021362305),(0.0675952987670899,
-0.00796234607696533,-0.084800407409668),(0.0675952987670899,-0.00796234607696533,
-0.0845100021362305),(0.0676643447875977,-0.000346605986356735,-0.084800407409668),
(0.0676643447875977,-0.000346605986356735,-0.0845100021362305),(0.0676819839477539,
0.0823916091918945,-0.084800407409668),(0.0676819839477539,0.0823916091918945,
-0.0845100021362305),(0.0679332580566406,0.0767205200195313,-0.084800407409668),
(0.0679332580566406,0.0767205200195313,-0.0845100021362305),(0.0679368667602539,
-0.0104263200759888,-0.084800407409668),(0.0679368667602539,-0.0104263200759888,
-0.0845100021362305),(0.0679815368652344,0.051745174407959,-0.084800407409668),
(0.0679815368652344,0.051745174407959,-0.0845100021362305),(0.0679880065917969,
0.0800734329223633,-0.084800407409668),(0.0679880065917969,0.0800734329223633,
-0.0845100021362305),(0.0681036911010742,0.0516288681030273,-0.084800407409668),
(0.0681036911010742,0.0516288681030273,-0.0845100021362305),(0.0681475372314453,
-0.0129888153076172,-0.0875100021362305),(0.0681475372314453,-0.0129888153076172,
-0.084800407409668),(0.0681475372314453,0.0947856903076172,-0.0875100021362305),
(0.0681475372314453,0.0947856903076172,-0.084800407409668),(0.0682043533325195,
0.0764233551025391,-0.084800407409668),(0.0682043533325195,0.0764233551025391,
-0.0845100021362305),(0.0683916320800781,0.0945221862792969,-0.084800407409668),
(0.0683916320800781,0.0945221862792969,-0.0845100021362305),(0.0685094451904297,
0.0821937789916992,-0.084800407409668),(0.0685094451904297,0.0821937789916992,
-0.0845100021362305),(0.0685193405151367,0.0497614631652832,-0.084800407409668),
(0.0685193405151367,0.0497614631652832,-0.0845100021362305),(0.0685830917358399,
0.0827679290771484,-0.084800407409668),(0.0685830917358399,0.0827679290771484,
-0.0845100021362305),(0.0686646347045899,-0.00212519502639771,-0.084800407409668),
(0.0686646347045899,-0.00212519502639771,-0.0845100021362305),(0.0686753768920898,
0.0513662719726563,-0.084800407409668),(0.0686753768920898,0.0513662719726563,
-0.0845100021362305),(0.0687025375366211,0.0806764526367188,-0.084800407409668),
(0.0687025375366211,0.0806764526367188,-0.0845100021362305),(0.0687469635009766,
0.00939051914215088,-0.084800407409668),(0.0687469635009766,0.00939051914215088,
-0.0845100021362305),(0.0689551544189453,0.0755884246826172,-0.084800407409668),
(0.0689551544189453,0.0755884246826172,-0.0845100021362305),(0.0689816436767578,
0.0757166976928711,-0.084800407409668),(0.0689816436767578,0.0757166976928711,
-0.0845100021362305),(0.0689840240478516,0.0754847869873047,-0.084800407409668),
(0.0689840240478516,0.0754847869873047,-0.0845100021362305),(0.0689914779663086,
0.0824694213867188,-0.084800407409668),(0.0689914779663086,0.0824694213867188,
-0.0845100021362305),(0.0690272369384766,-0.0012223060131073,-0.084800407409668),
(0.0690272369384766,-0.0012223060131073,-0.0845100021362305),(0.0690283432006836,
0.0225516147613526,-0.084800407409668),(0.0690283432006836,0.0225516147613526,
-0.0845100021362305),(0.0690472259521484,0.0935251770019531,-0.084800407409668),
(0.0690472259521484,0.0935251770019531,-0.0845100021362305),(0.0690685653686523,
0.0754313507080078,-0.084800407409668),(0.0690685653686523,0.0754313507080078,
-0.0845100021362305),(0.0690726623535156,-0.00509143304824829,-0.084800407409668),
(0.0690726623535156,-0.00509143304824829,-0.0845100021362305),(0.0690835571289063,
-0.00506537103652954,-0.084800407409668),(0.0690835571289063,-0.00506537103652954,
-0.0845100021362305),(0.0691003036499023,0.0758719329833984,-0.084800407409668),
(0.0691003036499023,0.0758719329833984,-0.0845100021362305),(0.0691254501342773,
0.0758917694091797,-0.084800407409668),(0.0691254501342773,0.0758917694091797,
-0.0845100021362305),(0.0691614456176758,0.0615664596557617,-0.084800407409668),
(0.0691614456176758,0.0615664596557617,-0.0845100021362305),(0.0691663665771484,
-0.0114640245437622,-0.0875100021362305),(0.0691663665771484,-0.0114640245437622,
-0.084800407409668),(0.0691663665771484,0.0932608947753906,-0.0875100021362305),
(0.0691663665771484,0.0932608947753906,-0.084800407409668),(0.0691680603027344,
0.0535241851806641,-0.084800407409668),(0.0691680603027344,0.0535241851806641,
-0.0845100021362305),(0.0691956100463867,0.0754131927490234,-0.084800407409668),
(0.0691956100463867,0.0754131927490234,-0.0845100021362305),(0.0692455825805664,
0.0799536972045899,-0.084800407409668),(0.0692455825805664,0.0799536972045899,
-0.0845100021362305),(0.0692697982788086,0.0494611015319824,-0.084800407409668),
(0.0692697982788086,0.0494611015319824,-0.0845100021362305),(0.0692811431884766,
0.0759631271362305,-0.084800407409668),(0.0692811431884766,0.0759631271362305,
-0.0845100021362305),(0.0692828674316406,0.0203084163665771,-0.084800407409668),
(0.0692828674316406,0.0203084163665771,-0.0845100021362305),(0.0693336410522461,
0.022212142944336,-0.084800407409668),(0.0693336410522461,0.022212142944336,
-0.0845100021362305),(0.0693433074951172,0.0800928955078125,-0.084800407409668),
(0.0693433074951172,0.0800928955078125,-0.0845100021362305),(0.0693485717773438,
-0.00448542022705078,-0.084800407409668),(0.0693485717773438,-0.00448542022705078,
-0.0845100021362305),(0.0693572006225586,0.0828109436035156,-0.084800407409668),
(0.0693572006225586,0.0828109436035156,-0.0845100021362305),(0.0693633499145508,
0.077663803100586,-0.084800407409668),(0.0693633499145508,0.077663803100586,
-0.0845100021362305),(0.0693639221191406,0.0754674377441406,-0.084800407409668),
(0.0693639221191406,0.0754674377441406,-0.0845100021362305),(0.0693964157104492,
0.0611608543395996,-0.084800407409668),(0.0693964157104492,0.0611608543395996,
-0.0845100021362305),(0.0694009628295899,0.0759611129760742,-0.084800407409668),
(0.0694009628295899,0.0759611129760742,-0.0845100021362305),(0.0694234771728516,
0.0755091018676758,-0.084800407409668),(0.0694234771728516,0.0755091018676758,
-0.0845100021362305),(0.0694286193847656,0.052951099395752,-0.084800407409668),
(0.0694286193847656,0.052951099395752,-0.0845100021362305),(0.069432014465332,
0.042700698852539,-0.084800407409668),(0.069432014465332,0.042700698852539,
-0.0845100021362305),(0.069432014465332,0.0782987823486328,-0.084800407409668),
(0.069432014465332,0.0782987823486328,-0.0845100021362305),(0.0694452362060547,
0.0400997200012207,-0.084800407409668),(0.0694452362060547,0.0400997200012207,
-0.0845100021362305),(0.0694474868774414,0.0180587825775146,-0.084800407409668),
(0.0694474868774414,0.0180587825775146,-0.0845100021362305),(0.0694496002197266,
0.00512113523483276,-0.084800407409668),(0.0694496002197266,0.00512113523483276,
-0.0845100021362305),(0.0694496002197266,0.0915886001586914,-0.084800407409668),
(0.0694496002197266,0.0915886001586914,-0.0845100021362305),(0.0694543228149414,
0.0517252044677734,-0.084800407409668),(0.0694543228149414,0.0517252044677734,
-0.0845100021362305),(0.0694574203491211,0.0219717178344726,-0.084800407409668),
(0.0694574203491211,0.0219717178344726,-0.0845100021362305),(0.0694586029052734,
0.0411521530151367,-0.084800407409668),(0.0694586029052734,0.0411521530151367,
-0.0845100021362305),(0.0694586029052734,0.0459192123413086,-0.084800407409668),
(0.0694586029052734,0.0459192123413086,-0.0845100021362305),(0.0694602584838867,
0.0434585075378418,-0.084800407409668),(0.0694602584838867,0.0434585075378418,
-0.0845100021362305),(0.0694607162475586,0.0511342582702637,-0.084800407409668),
(0.0694607162475586,0.0511342582702637,-0.0845100021362305),(0.0694619674682617,
0.0777930603027344,-0.084800407409668),(0.0694619674682617,0.0777930603027344,
-0.0845100021362305),(0.0694619979858399,0.0406275177001953,-0.084800407409668),
(0.0694619979858399,0.0406275177001953,-0.0845100021362305),(0.069462158203125,
0.0665977478027344,-0.084800407409668),(0.069462158203125,0.0665977478027344,
-0.0845100021362305),(0.0694639205932617,0.0918791198730469,-0.084800407409668),
(0.0694639205932617,0.0918791198730469,-0.0845100021362305),(0.0694641723632813,
0.0584989852905273,-0.084800407409668),(0.0694641723632813,0.0584989852905273,
-0.0845100021362305),(0.0694653549194336,0.0476067657470703,-0.084800407409668),
(0.0694653549194336,0.0476067657470703,-0.0845100021362305),(0.0694655227661133,
-0.00918268299102783,-0.084800407409668),(0.0694655227661133,-0.00918268299102783,
-0.0845100021362305),(0.0694662704467774,-0.0104006462097168,-0.084800407409668),
(0.0694662704467774,-0.0104006462097168,-0.0845100021362305),(0.0694669418334961,
0.0467638320922852,-0.084800407409668),(0.0694669418334961,0.0467638320922852,
-0.0845100021362305),(0.0694674682617188,0.0217926788330078,-0.084800407409668),
(0.0694674682617188,0.0217926788330078,-0.0845100021362305),(0.0694674682617188,
0.0694434051513672,-0.084800407409668),(0.0694674682617188,0.0694434051513672,
-0.0845100021362305),(0.0694688720703125,-0.00213156199455261,-0.084800407409668),
(0.0694688720703125,-0.00213156199455261,-0.0845100021362305),(0.0694697189331055,
-0.00389970397949219,-0.084800407409668),(0.0694697189331055,-0.00389970397949219,
-0.0845100021362305),(0.0694697189331055,0.0562948532104492,-0.084800407409668),
(0.0694697189331055,0.0562948532104492,-0.0845100021362305),(0.0694697189331055,
0.0864410934448242,-0.084800407409668),(0.0694697189331055,0.0864410934448242,
-0.0845100021362305),(0.0694705657958984,0.0921698608398438,-0.084800407409668),
(0.0694705657958984,0.0921698608398438,-0.0845100021362305),(0.0694718322753906,
0.0442163200378418,-0.084800407409668),(0.0694718322753906,0.0442163200378418,
-0.0845100021362305),(0.0694718322753906,0.0607031211853027,-0.084800407409668),
(0.0694718322753906,0.0607031211853027,-0.0845100021362305),(0.0694718322753906,
0.0637520904541016,-0.084800407409668),(0.0694718322753906,0.0637520904541016,
-0.0845100021362305),(0.0694718322753906,0.0874392166137695,-0.084800407409668),
(0.0694718322753906,0.0874392166137695,-0.0845100021362305),(0.0694718322753906,
0.0902816390991211,-0.084800407409668),(0.0694718322753906,0.0902816390991211,
-0.0845100021362305),(0.0694719009399414,0.0895236892700195,-0.084800407409668),
(0.0694719009399414,0.0895236892700195,-0.0845100021362305),(0.0694727783203125,
0.0805488967895508,-0.084800407409668),(0.0694727783203125,0.0805488967895508,
-0.0845100021362305),(0.0694757766723633,0.0607539291381836,-0.084800407409668),
(0.0694757766723633,0.0607539291381836,-0.0845100021362305),(0.0694764709472656,
-0.000363631010055542,-0.084800407409668),(0.0694764709472656,-0.000363631010055542,
-0.0845100021362305),(0.0694764709472656,0.0844772033691406,-0.084800407409668),
(0.0694764709472656,0.0844772033691406,-0.0845100021362305),(0.0694806900024414,
0.0831506805419922,-0.084800407409668),(0.0694806900024414,0.0831506805419922,
-0.0845100021362305),(0.0694853363037109,0.0811979064941406,-0.084800407409668),
(0.0694853363037109,0.0811979064941406,-0.0845100021362305),(0.0694868698120117,
0.0134568548202515,-0.084800407409668),(0.0694868698120117,0.0134568548202515,
-0.0845100021362305),(0.0694874801635742,0.0779641952514649,-0.084800407409668),
(0.0694874801635742,0.0779641952514649,-0.0845100021362305),(0.0694918060302734,
0.088765739440918,-0.084800407409668),(0.0694918060302734,0.088765739440918,
-0.0845100021362305),(0.0694940567016602,-0.00796635580062866,-0.084800407409668),
(0.0694940567016602,-0.00796635580062866,-0.0845100021362305),(0.0694940567016602,
0.085092903137207,-0.084800407409668),(0.0694940567016602,0.085092903137207,
-0.0845100021362305),(0.0694956665039063,0.0759110107421875,-0.084800407409668),
(0.0694956665039063,0.0759110107421875,-0.0845100021362305),(0.0695051727294922,
0.0492443733215332,-0.084800407409668),(0.0695051727294922,0.0492443733215332,
-0.0845100021362305),(0.0695119323730469,0.0758957672119141,-0.084800407409668),
(0.0695119323730469,0.0758957672119141,-0.0845100021362305),(0.069518310546875,
0.0758854751586914,-0.084800407409668),(0.069518310546875,0.0758854751586914,
-0.0845100021362305),(0.0695241394042969,-0.00966541385650635,-0.0875100021362305),
(0.0695241394042969,-0.00966541385650635,-0.0845100021362305),(0.0695241394042969,
-0.00614041423797607,-0.0875100021362305),(0.0695241394042969,-0.00292542695999146,
-0.0845100021362305),(0.0695241394042969,0.00836040115356445,-0.0845100021362305),
(0.0695241394042969,0.0307483043670655,-0.0845100021362305),(0.0695241394042969,
0.037319206237793,-0.0845100021362305),(0.0695241394042969,0.0414457969665527,
-0.0845100021362305),(0.0695241394042969,0.0464368476867676,-0.0845100021362305),
(0.0695241394042969,0.0517475662231445,-0.0845100021362305),(0.0695241394042969,
0.0552824440002442,-0.0845100021362305),(0.0695241394042969,0.0701566848754883,
-0.0845100021362305),(0.0695241394042969,0.072535400390625,-0.0845100021362305),
(0.0695241394042969,0.0744626007080078,-0.0845100021362305),(0.0695241394042969,
0.0756336288452149,-0.084800407409668),(0.0695241394042969,0.0756336288452149,
-0.0845100021362305),(0.0695241394042969,0.0758751373291016,-0.084800407409668),
(0.0695241394042969,0.0758751373291016,-0.0845100021362305),(0.0695241394042969,
0.0790916290283203,-0.0845100021362305),(0.0695241394042969,0.0857831115722656,
-0.0845100021362305),(0.0695241394042969,0.0893291015625,-0.0845100021362305),
(0.0695241394042969,0.0907285003662109,-0.0845100021362305),(0.0695241394042969,
0.091462287902832,-0.0875100021362305),(0.0695241394042969,0.091462287902832,
-0.0845100021362305)));
#29=TESSELLATED_SHELL('Body_13',(#27),$);
#30=SHAPE_DEFINITION_REPRESENTATION(#42,#31);
#31=SHAPE_REPRESENTATION('Body_13',(#32),#37);
#32=AXIS2_PLACEMENT_3D('',#35,#33,#34);
#33=DIRECTION('',(0.,0.,1.));
#34=DIRECTION('',(1.,0.,0.));
#35=CARTESIAN_POINT('',(0.,0.,0.));
#36=MECHANICAL_DESIGN_GEOMETRIC_PRESENTATION_REPRESENTATION('',(#12,#13),
#37);
#37=(
GEOMETRIC_REPRESENTATION_CONTEXT(3)
GLOBAL_UNCERTAINTY_ASSIGNED_CONTEXT((#38))
GLOBAL_UNIT_ASSIGNED_CONTEXT((#41,#40,#39))
REPRESENTATION_CONTEXT('Body_13','TOP_LEVEL_ASSEMBLY_PART')
);
#38=UNCERTAINTY_MEASURE_WITH_UNIT(LENGTH_MEASURE(1.E-8),#41,
'DISTANCE_ACCURACY_VALUE','Maximum Tolerance applied to model');
#39=(
NAMED_UNIT(*)
SI_UNIT($,.STERADIAN.)
SOLID_ANGLE_UNIT()
);
#40=(
NAMED_UNIT(*)
PLANE_ANGLE_UNIT()
SI_UNIT($,.RADIAN.)
);
#41=(
LENGTH_UNIT()
NAMED_UNIT(*)
SI_UNIT($,.METRE.)
);
#42=PRODUCT_DEFINITION_SHAPE('','',#43);
#43=PRODUCT_DEFINITION('','',#45,#44);
#44=PRODUCT_DEFINITION_CONTEXT('',#51,'design');
#45=PRODUCT_DEFINITION_FORMATION_WITH_SPECIFIED_SOURCE('','',#47,
 .NOT_KNOWN.);
#46=PRODUCT_RELATED_PRODUCT_CATEGORY('','',(#47));
#47=PRODUCT('Body_13','Body_13','Body_13',(#49));
#48=PRODUCT_CATEGORY('','');
#49=PRODUCT_CONTEXT('',#51,'mechanical');
#50=APPLICATION_PROTOCOL_DEFINITION('international standard',
'ap242_managed_model_based_3d_engineering',2020,#51);
#51=APPLICATION_CONTEXT('managed model based 3d engineering');
ENDSEC;
END-ISO-10303-21;
